Name,filepath
1775040623746_8597_1202_10-012,Single_line/Singleline_Cart/SinglelineCart_2/1775040623746_8597_1202_10-012
1775040654350_0639_1059_30-011,Single_line/Singleline_Cart/SinglelineCart_2/1775040654350_0639_1059_30-011
1775040654350_0639_1247_30-006,Single_line/Singleline_Cart/SinglelineCart_2/1775040654350_0639_1247_30-006
1775040675942_4714_1623_BW-018,Single_line/Singleline_Cart/SinglelineCart_2/1775040675942_4714_1623_BW-018
1775040603747_6672_1268_15-010,Single_line/Singleline_Cart/SinglelineCart_2/1775040603747_6672_1268_15-010
1775040626903_1070_1051_46-003,Single_line/Singleline_Cart/SinglelineCart_2/1775040626903_1070_1051_46-003
1775040623746_8597_1262_10-008,Single_line/Singleline_Cart/SinglelineCart_2/1775040623746_8597_1262_10-008
1775040699311_0244_1052_33-003,Single_line/Singleline_Cart/SinglelineCart_2/1775040699311_0244_1052_33-003
1775040654350_0639_1085_30-016,Single_line/Singleline_Cart/SinglelineCart_2/1775040654350_0639_1085_30-016
1775040623746_8597_1259_10-007,Single_line/Singleline_Cart/SinglelineCart_2/1775040623746_8597_1259_10-007
1775040675942_4714_1245_BW-020,Single_line/Singleline_Cart/SinglelineCart_2/1775040675942_4714_1245_BW-020
1775040578434_1002_1076_56-004,Single_line/Singleline_Cart/SinglelineCart_2/1775040578434_1002_1076_56-004
1775040678107_8557_1341_14-018,Single_line/Singleline_Cart/SinglelineCart_2/1775040678107_8557_1341_14-018
1775040654350_0639_1206_30-008,Single_line/Singleline_Cart/SinglelineCart_2/1775040654350_0639_1206_30-008
1775040675942_4714_1527_BW-012,Single_line/Singleline_Cart/SinglelineCart_2/1775040675942_4714_1527_BW-012
1775040702394_6672_1024_16-002,Single_line/Singleline_Cart/SinglelineCart_2/1775040702394_6672_1024_16-002
1775040603747_6672_1305_15-007,Single_line/Singleline_Cart/SinglelineCart_2/1775040603747_6672_1305_15-007
1775040588821_4714_1181_45-012,Single_line/Singleline_Cart/SinglelineCart_2/1775040588821_4714_1181_45-012
1775040574230_0244_1190_34-011,Single_line/Singleline_Cart/SinglelineCart_2/1775040574230_0244_1190_34-011
1775040654350_0639_1173_30-010,Single_line/Singleline_Cart/SinglelineCart_2/1775040654350_0639_1173_30-010
1775040643878_0244_1161_32-006,Single_line/Singleline_Cart/SinglelineCart_2/1775040643878_0244_1161_32-006
1775040626903_1070_1153_46-009,Single_line/Singleline_Cart/SinglelineCart_2/1775040626903_1070_1153_46-009
1775040668339_6639_1132_47-008,Single_line/Singleline_Cart/SinglelineCart_2/1775040668339_6639_1132_47-008
1775040623746_8597_1122_10-015,Single_line/Singleline_Cart/SinglelineCart_2/1775040623746_8597_1122_10-015
1775040610315_8525_1034_47-001,Single_line/Singleline_Cart/SinglelineCart_2/1775040610315_8525_1034_47-001
1775040702394_6672_1316_16-015,Single_line/Singleline_Cart/SinglelineCart_2/1775040702394_6672_1316_16-015
1775040699311_0244_1094_BW-022,Single_line/Singleline_Cart/SinglelineCart_2/1775040699311_0244_1094_BW-022
1775040626903_1070_1244_46-015,Single_line/Singleline_Cart/SinglelineCart_2/1775040626903_1070_1244_46-015
1775040655279_8525_1124_48-003,Single_line/Singleline_Cart/SinglelineCart_2/1775040655279_8525_1124_48-003
1775040668339_6639_1316_47-018,Single_line/Singleline_Cart/SinglelineCart_2/1775040668339_6639_1316_47-018
1775040675942_4714_1667_BW-009,Single_line/Singleline_Cart/SinglelineCart_2/1775040675942_4714_1667_BW-009
1775040588821_4714_1050_45-004,Single_line/Singleline_Cart/SinglelineCart_2/1775040588821_4714_1050_45-004
1775040683595_0611_1116_68-007,Single_line/Singleline_Cart/SinglelineCart_2/1775040683595_0611_1116_68-007
1775040704467_8597_1178_09-011,Single_line/Singleline_Cart/SinglelineCart_2/1775040704467_8597_1178_09-011
1775040623746_8597_1290_10-006,Single_line/Singleline_Cart/SinglelineCart_2/1775040623746_8597_1290_10-006
1775040655279_8525_1065_48-008,Single_line/Singleline_Cart/SinglelineCart_2/1775040655279_8525_1065_48-008
1775040704467_8597_1026_09-002,Single_line/Singleline_Cart/SinglelineCart_2/1775040704467_8597_1026_09-002
1775040610315_8525_1149_47-010,Single_line/Singleline_Cart/SinglelineCart_2/1775040610315_8525_1149_47-010
1775040678107_8557_1377_14-020,Single_line/Singleline_Cart/SinglelineCart_2/1775040678107_8557_1377_14-020
1775040678107_8557_1038_14-002,Single_line/Singleline_Cart/SinglelineCart_2/1775040678107_8557_1038_14-002
1775040588821_4714_1079_45-005,Single_line/Singleline_Cart/SinglelineCart_2/1775040588821_4714_1079_45-005
1775040610315_8525_1043_47-002,Single_line/Singleline_Cart/SinglelineCart_2/1775040610315_8525_1043_47-002
1775040678107_8557_1162_14-007,Single_line/Singleline_Cart/SinglelineCart_2/1775040678107_8557_1162_14-007
1775040704467_8597_1118_09-007,Single_line/Singleline_Cart/SinglelineCart_2/1775040704467_8597_1118_09-007
1775040704467_8597_1052_09-003,Single_line/Singleline_Cart/SinglelineCart_2/1775040704467_8597_1052_09-003
1775040603747_6672_1269_15-009,Single_line/Singleline_Cart/SinglelineCart_2/1775040603747_6672_1269_15-009
1775040678107_8557_1033_14-001,Single_line/Singleline_Cart/SinglelineCart_2/1775040678107_8557_1033_14-001
1775040678107_8557_1269_14-013,Single_line/Singleline_Cart/SinglelineCart_2/1775040678107_8557_1269_14-013
1775040603747_6672_1221_15-011,Single_line/Singleline_Cart/SinglelineCart_2/1775040603747_6672_1221_15-011
1775040702394_6672_1421_16-022,Single_line/Singleline_Cart/SinglelineCart_2/1775040702394_6672_1421_16-022
1775040603747_6672_1180_15-014,Single_line/Singleline_Cart/SinglelineCart_2/1775040603747_6672_1180_15-014
1775040643878_0244_1013_32-014,Single_line/Singleline_Cart/SinglelineCart_2/1775040643878_0244_1013_32-014
1775040678107_8557_1278_14-014,Single_line/Singleline_Cart/SinglelineCart_2/1775040678107_8557_1278_14-014
1775040578434_1002_1232_56-014,Single_line/Singleline_Cart/SinglelineCart_2/1775040578434_1002_1232_56-014
1775040623746_8597_1176_10-013,Single_line/Singleline_Cart/SinglelineCart_2/1775040623746_8597_1176_10-013
1775040655279_8525_1097_48-005,Single_line/Singleline_Cart/SinglelineCart_2/1775040655279_8525_1097_48-005
1775040654350_0639_1089_30-009,Single_line/Singleline_Cart/SinglelineCart_2/1775040654350_0639_1089_30-009
1775040623746_8597_1066_10-022,Single_line/Singleline_Cart/SinglelineCart_2/1775040623746_8597_1066_10-022
1775040702394_6672_1146_16-008,Single_line/Singleline_Cart/SinglelineCart_2/1775040702394_6672_1146_16-008
1775040603747_6672_1112_15-018,Single_line/Singleline_Cart/SinglelineCart_2/1775040603747_6672_1112_15-018
1775040623746_8597_1317_10-004,Single_line/Singleline_Cart/SinglelineCart_2/1775040623746_8597_1317_10-004
1775040623746_8597_1036_10-024,Single_line/Singleline_Cart/SinglelineCart_2/1775040623746_8597_1036_10-024
1775040626903_1070_1307_46-019,Single_line/Singleline_Cart/SinglelineCart_2/1775040626903_1070_1307_46-019
1775040678107_8557_1083_14-003,Single_line/Singleline_Cart/SinglelineCart_2/1775040678107_8557_1083_14-003
1775040704467_8597_1055_09-004,Single_line/Singleline_Cart/SinglelineCart_2/1775040704467_8597_1055_09-004
1775040683595_0611_1154_68-009,Single_line/Singleline_Cart/SinglelineCart_2/1775040683595_0611_1154_68-009
1775040678107_8557_1123_14-006,Single_line/Singleline_Cart/SinglelineCart_2/1775040678107_8557_1123_14-006
1775040603747_6672_1025_15-022,Single_line/Singleline_Cart/SinglelineCart_2/1775040603747_6672_1025_15-022
1775040704467_8597_1179_09-012,Single_line/Singleline_Cart/SinglelineCart_2/1775040704467_8597_1179_09-012
1775040704467_8597_1089_09-006,Single_line/Singleline_Cart/SinglelineCart_2/1775040704467_8597_1089_09-006
1775040702394_6672_1395_16-020,Single_line/Singleline_Cart/SinglelineCart_2/1775040702394_6672_1395_16-020
1775040675942_4714_1005_BW-026,Single_line/Singleline_Cart/SinglelineCart_2/1775040675942_4714_1005_BW-026
1775040654350_0639_1111_30-014,Single_line/Singleline_Cart/SinglelineCart_2/1775040654350_0639_1111_30-014
1775040603747_6672_1220_15-012,Single_line/Singleline_Cart/SinglelineCart_2/1775040603747_6672_1220_15-012
1775040603747_6672_1185_15-013,Single_line/Singleline_Cart/SinglelineCart_2/1775040603747_6672_1185_15-013
1775040603747_6672_1066_15-020,Single_line/Singleline_Cart/SinglelineCart_2/1775040603747_6672_1066_15-020
1775040623746_8597_1173_10-014,Single_line/Singleline_Cart/SinglelineCart_2/1775040623746_8597_1173_10-014
1775040702394_6672_1363_16-018,Single_line/Singleline_Cart/SinglelineCart_2/1775040702394_6672_1363_16-018
1775040603747_6672_1313_15-008,Single_line/Singleline_Cart/SinglelineCart_2/1775040603747_6672_1313_15-008
1775040588821_4714_1113_45-007,Single_line/Singleline_Cart/SinglelineCart_2/1775040588821_4714_1113_45-007
1775040702394_6672_1284_16-013,Single_line/Singleline_Cart/SinglelineCart_2/1775040702394_6672_1284_16-013
1775040702394_6672_1392_16-019,Single_line/Singleline_Cart/SinglelineCart_2/1775040702394_6672_1392_16-019
1775040675942_4714_1189_BW-022,Single_line/Singleline_Cart/SinglelineCart_2/1775040675942_4714_1189_BW-022
1775040702394_6672_1194_16-009,Single_line/Singleline_Cart/SinglelineCart_2/1775040702394_6672_1194_16-009
1775040643878_0244_1051_32-012,Single_line/Singleline_Cart/SinglelineCart_2/1775040643878_0244_1051_32-012
1775040643878_0244_1194_32-004,Single_line/Singleline_Cart/SinglelineCart_2/1775040643878_0244_1194_32-004
1775040702394_6672_1068_16-003,Single_line/Singleline_Cart/SinglelineCart_2/1775040702394_6672_1068_16-003
1775040654350_0639_1146_30-012,Single_line/Singleline_Cart/SinglelineCart_2/1775040654350_0639_1146_30-012
1775040654350_0639_1141_30-005,Single_line/Singleline_Cart/SinglelineCart_2/1775040654350_0639_1141_30-005
1775040638073_1002_1141_56-009,Single_line/Singleline_Cart/SinglelineCart_2/1775040638073_1002_1141_56-009
1775040623746_8597_1232_10-009,Single_line/Singleline_Cart/SinglelineCart_2/1775040623746_8597_1232_10-009
1775040588821_4714_1149_45-010,Single_line/Singleline_Cart/SinglelineCart_2/1775040588821_4714_1149_45-010
1775040678107_8557_1123_14-005,Single_line/Singleline_Cart/SinglelineCart_2/1775040678107_8557_1123_14-005
1775040654350_0639_1277_30-004,Single_line/Singleline_Cart/SinglelineCart_2/1775040654350_0639_1277_30-004
1775040610315_8525_1065_47-003,Single_line/Singleline_Cart/SinglelineCart_2/1775040610315_8525_1065_47-003
1775040704467_8597_1206_09-014,Single_line/Singleline_Cart/SinglelineCart_2/1775040704467_8597_1206_09-014
1775040678107_8557_1345_14-017,Single_line/Singleline_Cart/SinglelineCart_2/1775040678107_8557_1345_14-017
1775040626903_1070_1182_46-011,Single_line/Singleline_Cart/SinglelineCart_2/1775040626903_1070_1182_46-011
1775040655279_8525_1156_48-002,Single_line/Singleline_Cart/SinglelineCart_2/1775040655279_8525_1156_48-002
1775040655279_8525_1126_48-004,Single_line/Singleline_Cart/SinglelineCart_2/1775040655279_8525_1126_48-004
1775040655279_8525_1030_48-010,Single_line/Singleline_Cart/SinglelineCart_2/1775040655279_8525_1030_48-010
1775040623746_8597_1119_10-017,Single_line/Singleline_Cart/SinglelineCart_2/1775040623746_8597_1119_10-017
1775040588821_4714_1147_45-009,Single_line/Singleline_Cart/SinglelineCart_2/1775040588821_4714_1147_45-009
1775040643878_0244_1127_32-008,Single_line/Singleline_Cart/SinglelineCart_2/1775040643878_0244_1127_32-008
1775040678107_8557_1201_14-010,Single_line/Singleline_Cart/SinglelineCart_2/1775040678107_8557_1201_14-010
1775040603747_6672_1032_15-021,Single_line/Singleline_Cart/SinglelineCart_2/1775040603747_6672_1032_15-021
1775040603747_6672_1145_15-015,Single_line/Singleline_Cart/SinglelineCart_2/1775040603747_6672_1145_15-015
1775040578434_1002_1105_56-006,Single_line/Singleline_Cart/SinglelineCart_2/1775040578434_1002_1105_56-006
1775040623746_8597_1121_10-018,Single_line/Singleline_Cart/SinglelineCart_2/1775040623746_8597_1121_10-018
1775040702394_6672_1032_16-001,Single_line/Singleline_Cart/SinglelineCart_2/1775040702394_6672_1032_16-001
1775040588821_4714_1216_45-014,Single_line/Singleline_Cart/SinglelineCart_2/1775040588821_4714_1216_45-014
1775040626903_1070_1119_46-007,Single_line/Singleline_Cart/SinglelineCart_2/1775040626903_1070_1119_46-007
1775040623746_8597_1091_10-020,Single_line/Singleline_Cart/SinglelineCart_2/1775040623746_8597_1091_10-020
1775040699311_0244_1167_33-009,Single_line/Singleline_Cart/SinglelineCart_2/1775040699311_0244_1167_33-009
1775040683595_0611_1054_68-003,Single_line/Singleline_Cart/SinglelineCart_2/1775040683595_0611_1054_68-003
1775040588821_4714_1015_45-001,Single_line/Singleline_Cart/SinglelineCart_2/1775040588821_4714_1015_45-001
1775040678107_8557_1311_14-015,Single_line/Singleline_Cart/SinglelineCart_2/1775040678107_8557_1311_14-015
1775040588821_4714_1204_45-013,Single_line/Singleline_Cart/SinglelineCart_2/1775040588821_4714_1204_45-013
1775040678107_8557_1309_14-016,Single_line/Singleline_Cart/SinglelineCart_2/1775040678107_8557_1309_14-016
1775040588821_4714_1246_45-016,Single_line/Singleline_Cart/SinglelineCart_2/1775040588821_4714_1246_45-016
1775040699311_0244_1127_33-007,Single_line/Singleline_Cart/SinglelineCart_2/1775040699311_0244_1127_33-007
1775040699311_0244_1240_33-013,Single_line/Singleline_Cart/SinglelineCart_2/1775040699311_0244_1240_33-013
1775040588821_4714_1046_45-003,Single_line/Singleline_Cart/SinglelineCart_2/1775040588821_4714_1046_45-003
1775040654350_0639_1053_30-018,Single_line/Singleline_Cart/SinglelineCart_2/1775040654350_0639_1053_30-018
1775040655279_8525_1041_48-009,Single_line/Singleline_Cart/SinglelineCart_2/1775040655279_8525_1041_48-009
1775040668339_6639_1239_47-014,Single_line/Singleline_Cart/SinglelineCart_2/1775040668339_6639_1239_47-014
1775040603747_6672_1106_15-017,Single_line/Singleline_Cart/SinglelineCart_2/1775040603747_6672_1106_15-017
1775040578434_1002_1265_56-016,Single_line/Singleline_Cart/SinglelineCart_2/1775040578434_1002_1265_56-016
1775040699311_0244_1089_33-005,Single_line/Singleline_Cart/SinglelineCart_2/1775040699311_0244_1089_33-005
1775040626903_1070_1212_46-013,Single_line/Singleline_Cart/SinglelineCart_2/1775040626903_1070_1212_46-013
1775040588821_4714_1117_45-008,Single_line/Singleline_Cart/SinglelineCart_2/1775040588821_4714_1117_45-008
1775040699311_0244_1197_33-011,Single_line/Singleline_Cart/SinglelineCart_2/1775040699311_0244_1197_33-011
1775040654350_0639_1111_30-007,Single_line/Singleline_Cart/SinglelineCart_2/1775040654350_0639_1111_30-007
1775040668339_6639_1066_47-004,Single_line/Singleline_Cart/SinglelineCart_2/1775040668339_6639_1066_47-004
1775040603747_6672_1352_15-006,Single_line/Singleline_Cart/SinglelineCart_2/1775040603747_6672_1352_15-006
1775040675942_4714_1505_BW-013,Single_line/Singleline_Cart/SinglelineCart_2/1775040675942_4714_1505_BW-013
1775040655279_8525_1095_48-006,Single_line/Singleline_Cart/SinglelineCart_2/1775040655279_8525_1095_48-006
1775040704467_8597_1086_09-005,Single_line/Singleline_Cart/SinglelineCart_2/1775040704467_8597_1086_09-005
1775040668339_6639_1274_47-016,Single_line/Singleline_Cart/SinglelineCart_2/1775040668339_6639_1274_47-016
1775040678107_8557_1382_14-019,Single_line/Singleline_Cart/SinglelineCart_2/1775040678107_8557_1382_14-019
1775040702394_6672_1067_16-004,Single_line/Singleline_Cart/SinglelineCart_2/1775040702394_6672_1067_16-004
1775040702394_6672_1112_16-005,Single_line/Singleline_Cart/SinglelineCart_2/1775040702394_6672_1112_16-005
1775040588821_4714_1246_45-015,Single_line/Singleline_Cart/SinglelineCart_2/1775040588821_4714_1246_45-015
1775040675942_4714_1209_BW-021,Single_line/Singleline_Cart/SinglelineCart_2/1775040675942_4714_1209_BW-021
1775040610315_8525_1069_47-004,Single_line/Singleline_Cart/SinglelineCart_2/1775040610315_8525_1069_47-004
1775040623746_8597_1066_10-021,Single_line/Singleline_Cart/SinglelineCart_2/1775040623746_8597_1066_10-021
1775040610315_8525_1094_47-006,Single_line/Singleline_Cart/SinglelineCart_2/1775040610315_8525_1094_47-006
1775040588821_4714_1020_45-002,Single_line/Singleline_Cart/SinglelineCart_2/1775040588821_4714_1020_45-002
1775040578434_1002_1193_56-012,Single_line/Singleline_Cart/SinglelineCart_2/1775040578434_1002_1193_56-012
1775040704467_8597_1149_09-009,Single_line/Singleline_Cart/SinglelineCart_2/1775040704467_8597_1149_09-009
1775040643878_0244_1088_32-010,Single_line/Singleline_Cart/SinglelineCart_2/1775040643878_0244_1088_32-010
1775040654350_0639_1211_30-001,Single_line/Singleline_Cart/SinglelineCart_2/1775040654350_0639_1211_30-001
1775040623746_8597_1147_10-016,Single_line/Singleline_Cart/SinglelineCart_2/1775040623746_8597_1147_10-016
1775040655279_8525_1068_48-007,Single_line/Singleline_Cart/SinglelineCart_2/1775040655279_8525_1068_48-007
1775040654350_0639_1028_30-013,Single_line/Singleline_Cart/SinglelineCart_2/1775040654350_0639_1028_30-013
1775040588821_4714_1178_45-011,Single_line/Singleline_Cart/SinglelineCart_2/1775040588821_4714_1178_45-011
1775040678107_8557_1199_14-009,Single_line/Singleline_Cart/SinglelineCart_2/1775040678107_8557_1199_14-009
1775040610315_8525_1094_47-005,Single_line/Singleline_Cart/SinglelineCart_2/1775040610315_8525_1094_47-005
1775040702394_6672_1363_16-017,Single_line/Singleline_Cart/SinglelineCart_2/1775040702394_6672_1363_16-017
1775040678107_8557_1238_14-012,Single_line/Singleline_Cart/SinglelineCart_2/1775040678107_8557_1238_14-012
1775040668339_6639_1102_47-006,Single_line/Singleline_Cart/SinglelineCart_2/1775040668339_6639_1102_47-006
1775040610315_8525_1121_47-007,Single_line/Singleline_Cart/SinglelineCart_2/1775040610315_8525_1121_47-007
1775040702394_6672_1239_16-011,Single_line/Singleline_Cart/SinglelineCart_2/1775040702394_6672_1239_16-011
1775040588821_4714_1082_45-006,Single_line/Singleline_Cart/SinglelineCart_2/1775040588821_4714_1082_45-006
1775040535902_8557_1028_15-019,Single_line/Singleline_Cart/SinglelineCart_1/1775040535902_8557_1028_15-019
1775040549033_8597_1204_11-011,Single_line/Singleline_Cart/SinglelineCart_1/1775040549033_8597_1204_11-011
1775040437169_1070_1028_45-002,Single_line/Singleline_Cart/SinglelineCart_1/1775040437169_1070_1028_45-002
1775040433212_8525_1045_45-002,Single_line/Singleline_Cart/SinglelineCart_1/1775040433212_8525_1045_45-002
1775040201462_6672_1234_12-008,Single_line/Singleline_Cart/SinglelineCart_1/1775040201462_6672_1234_12-008
1775040288381_1002_1092_58-011,Single_line/Singleline_Cart/SinglelineCart_1/1775040288381_1002_1092_58-011
1775040478980_6639_1065_51-004,Single_line/Singleline_Cart/SinglelineCart_1/1775040478980_6639_1065_51-004
1775040530880_6672_1113_14-010,Single_line/Singleline_Cart/SinglelineCart_1/1775040530880_6672_1113_14-010
1775040437169_1070_1053_45-001,Single_line/Singleline_Cart/SinglelineCart_1/1775040437169_1070_1053_45-001
1775040427977_8597_1073_12-020,Single_line/Singleline_Cart/SinglelineCart_1/1775040427977_8597_1073_12-020
1775040219354_0639_1059_29-004,Single_line/Singleline_Cart/SinglelineCart_1/1775040219354_0639_1059_29-004
1775040313133_8557_1031_25-001,Single_line/Singleline_Cart/SinglelineCart_1/1775040313133_8557_1031_25-001
1775040558611_8525_1106_46-006,Single_line/Singleline_Cart/SinglelineCart_1/1775040558611_8525_1106_46-006
1775040453788_1002_1092_53-004,Single_line/Singleline_Cart/SinglelineCart_1/1775040453788_1002_1092_53-004
1775040313133_8557_1122_25-007,Single_line/Singleline_Cart/SinglelineCart_1/1775040313133_8557_1122_25-007
1775040345514_1070_1282_44-005,Single_line/Singleline_Cart/SinglelineCart_1/1775040345514_1070_1282_44-005
1775040437169_1070_1142_45-006,Single_line/Singleline_Cart/SinglelineCart_1/1775040437169_1070_1142_45-006
1775040549033_8597_1256_11-016,Single_line/Singleline_Cart/SinglelineCart_1/1775040549033_8597_1256_11-016
1775040539508_1002_1139_55-010,Single_line/Singleline_Cart/SinglelineCart_1/1775040539508_1002_1139_55-010
1775040539508_1002_1005_55-002,Single_line/Singleline_Cart/SinglelineCart_1/1775040539508_1002_1005_55-002
1775040535902_8557_1105_15-016,Single_line/Singleline_Cart/SinglelineCart_1/1775040535902_8557_1105_15-016
1775040314907_6672_1324_13-013,Single_line/Singleline_Cart/SinglelineCart_1/1775040314907_6672_1324_13-013
1775040551910_1070_1252_46-008,Single_line/Singleline_Cart/SinglelineCart_1/1775040551910_1070_1252_46-008
1775040222857_1070_1285_43-015,Single_line/Singleline_Cart/SinglelineCart_1/1775040222857_1070_1285_43-015
1775040266655_4030_1207_49-013,Single_line/Singleline_Cart/SinglelineCart_1/1775040266655_4030_1207_49-013
1775040222857_1070_1339_43-019,Single_line/Singleline_Cart/SinglelineCart_1/1775040222857_1070_1339_43-019
1775040427977_8597_1271_12-003,Single_line/Singleline_Cart/SinglelineCart_1/1775040427977_8597_1271_12-003
1775040558611_8525_1172_46-002,Single_line/Singleline_Cart/SinglelineCart_1/1775040558611_8525_1172_46-002
1775040433212_8525_1171_45-010,Single_line/Singleline_Cart/SinglelineCart_1/1775040433212_8525_1171_45-010
1775040378902_0244_1081_29-006,Single_line/Singleline_Cart/SinglelineCart_1/1775040378902_0244_1081_29-006
1775040314907_6672_1250_13-009,Single_line/Singleline_Cart/SinglelineCart_1/1775040314907_6672_1250_13-009
1775040222857_1070_1150_43-007,Single_line/Singleline_Cart/SinglelineCart_1/1775040222857_1070_1150_43-007
1775040315176_0244_1218_28-010,Single_line/Singleline_Cart/SinglelineCart_1/1775040315176_0244_1218_28-010
1775040222857_1070_1106_43-006,Single_line/Singleline_Cart/SinglelineCart_1/1775040222857_1070_1106_43-006
1775040313133_8557_1094_25-005,Single_line/Singleline_Cart/SinglelineCart_1/1775040313133_8557_1094_25-005
1775040201462_6672_1112_12-013,Single_line/Singleline_Cart/SinglelineCart_1/1775040201462_6672_1112_12-013
1775040433212_8525_1137_45-007,Single_line/Singleline_Cart/SinglelineCart_1/1775040433212_8525_1137_45-007
1775040530880_6672_1072_14-009,Single_line/Singleline_Cart/SinglelineCart_1/1775040530880_6672_1072_14-009
1775040391095_1002_1021_52-004,Single_line/Singleline_Cart/SinglelineCart_1/1775040391095_1002_1021_52-004
1775040531666_6639_1236_55-006,Single_line/Singleline_Cart/SinglelineCart_1/1775040531666_6639_1236_55-006
1775040430675_6639_1106_52-007,Single_line/Singleline_Cart/SinglelineCart_1/1775040430675_6639_1106_52-007
1775040428497_0244_1241_30-008,Single_line/Singleline_Cart/SinglelineCart_1/1775040428497_0244_1241_30-008
1775040551910_1070_1229_46-010,Single_line/Singleline_Cart/SinglelineCart_1/1775040551910_1070_1229_46-010
1775040558611_8525_1042_46-010,Single_line/Singleline_Cart/SinglelineCart_1/1775040558611_8525_1042_46-010
1775040222857_1070_1030_43-001,Single_line/Singleline_Cart/SinglelineCart_1/1775040222857_1070_1030_43-001
1775040433212_8525_1078_45-003,Single_line/Singleline_Cart/SinglelineCart_1/1775040433212_8525_1078_45-003
1775040549033_8597_1231_11-013,Single_line/Singleline_Cart/SinglelineCart_1/1775040549033_8597_1231_11-013
1775040535902_8557_1137_15-014,Single_line/Singleline_Cart/SinglelineCart_1/1775040535902_8557_1137_15-014
1775040551910_1070_1084_46-016,Single_line/Singleline_Cart/SinglelineCart_1/1775040551910_1070_1084_46-016
1775040551910_1070_1059_46-018,Single_line/Singleline_Cart/SinglelineCart_1/1775040551910_1070_1059_46-018
1775040378902_0244_1115_29-004,Single_line/Singleline_Cart/SinglelineCart_1/1775040378902_0244_1115_29-004
1775040428497_0244_1131_30-007,Single_line/Singleline_Cart/SinglelineCart_1/1775040428497_0244_1131_30-007
1775040428497_0244_1205_30-006,Single_line/Singleline_Cart/SinglelineCart_1/1775040428497_0244_1205_30-006
1775040427977_8597_1195_12-009,Single_line/Singleline_Cart/SinglelineCart_1/1775040427977_8597_1195_12-009
1775040491737_0244_1197_31-006,Single_line/Singleline_Cart/SinglelineCart_1/1775040491737_0244_1197_31-006
1775040378902_0244_1154_29-001,Single_line/Singleline_Cart/SinglelineCart_1/1775040378902_0244_1154_29-001
1775040345514_1070_1282_44-006,Single_line/Singleline_Cart/SinglelineCart_1/1775040345514_1070_1282_44-006
1775040437169_1070_1373_45-016,Single_line/Singleline_Cart/SinglelineCart_1/1775040437169_1070_1373_45-016
1775040266655_4030_1353_49-019,Single_line/Singleline_Cart/SinglelineCart_1/1775040266655_4030_1353_49-019
1775040433212_8525_1137_45-008,Single_line/Singleline_Cart/SinglelineCart_1/1775040433212_8525_1137_45-008
1775040345514_1070_1146_44-013,Single_line/Singleline_Cart/SinglelineCart_1/1775040345514_1070_1146_44-013
1775040315176_0244_1268_28-012,Single_line/Singleline_Cart/SinglelineCart_1/1775040315176_0244_1268_28-012
1775040266655_4030_1136_49-009,Single_line/Singleline_Cart/SinglelineCart_1/1775040266655_4030_1136_49-009
1775040437169_1070_1337_45-014,Single_line/Singleline_Cart/SinglelineCart_1/1775040437169_1070_1337_45-014
1775040458378_8557_1028_26-016,Single_line/Singleline_Cart/SinglelineCart_1/1775040458378_8557_1028_26-016
1775040530880_6672_1306_14-020,Single_line/Singleline_Cart/SinglelineCart_1/1775040530880_6672_1306_14-020
1775040272987_0611_1055_58-011,Single_line/Singleline_Cart/SinglelineCart_1/1775040272987_0611_1055_58-011
1775040345514_1070_1348_44-011,Single_line/Singleline_Cart/SinglelineCart_1/1775040345514_1070_1348_44-011
1775040201462_6672_1265_12-006,Single_line/Singleline_Cart/SinglelineCart_1/1775040201462_6672_1265_12-006
1775040391095_1002_1052_52-006,Single_line/Singleline_Cart/SinglelineCart_1/1775040391095_1002_1052_52-006
1775040549033_8597_1365_11-023,Single_line/Singleline_Cart/SinglelineCart_1/1775040549033_8597_1365_11-023
1775040475670_6672_1071_14-005,Single_line/Singleline_Cart/SinglelineCart_1/1775040475670_6672_1071_14-005
1775040530880_6672_1186_14-014,Single_line/Singleline_Cart/SinglelineCart_1/1775040530880_6672_1186_14-014
1775040558611_8525_1171_46-001,Single_line/Singleline_Cart/SinglelineCart_1/1775040558611_8525_1171_46-001
1775040430675_6639_1022_52-012,Single_line/Singleline_Cart/SinglelineCart_1/1775040430675_6639_1022_52-012
1775040345514_1070_1146_44-014,Single_line/Singleline_Cart/SinglelineCart_1/1775040345514_1070_1146_44-014
1775040551910_1070_1292_46-006,Single_line/Singleline_Cart/SinglelineCart_1/1775040551910_1070_1292_46-006
1775040427977_8597_1243_12-005,Single_line/Singleline_Cart/SinglelineCart_1/1775040427977_8597_1243_12-005
1775040491737_0244_1094_31-012,Single_line/Singleline_Cart/SinglelineCart_1/1775040491737_0244_1094_31-012
1775040491737_0244_1163_31-008,Single_line/Singleline_Cart/SinglelineCart_1/1775040491737_0244_1163_31-008
1775040530880_6672_1037_14-007,Single_line/Singleline_Cart/SinglelineCart_1/1775040530880_6672_1037_14-007
1775040428497_0244_1244_30-013,Single_line/Singleline_Cart/SinglelineCart_1/1775040428497_0244_1244_30-013
1775040551910_1070_1312_46-004,Single_line/Singleline_Cart/SinglelineCart_1/1775040551910_1070_1312_46-004
1775040266655_4030_1277_49-017,Single_line/Singleline_Cart/SinglelineCart_1/1775040266655_4030_1277_49-017
1775040427977_8597_1218_12-008,Single_line/Singleline_Cart/SinglelineCart_1/1775040427977_8597_1218_12-008
1775040315176_0244_1114_28-003,Single_line/Singleline_Cart/SinglelineCart_1/1775040315176_0244_1114_28-003
1775040428497_0244_1167_30-009,Single_line/Singleline_Cart/SinglelineCart_1/1775040428497_0244_1167_30-009
1775040530880_6672_1301_14-021,Single_line/Singleline_Cart/SinglelineCart_1/1775040530880_6672_1301_14-021
1775040530880_6672_1230_14-016,Single_line/Singleline_Cart/SinglelineCart_1/1775040530880_6672_1230_14-016
1775040378902_0244_1153_29-002,Single_line/Singleline_Cart/SinglelineCart_1/1775040378902_0244_1153_29-002
1775040433212_8525_1047_45-001,Single_line/Singleline_Cart/SinglelineCart_1/1775040433212_8525_1047_45-001
1775040222857_1070_1147_43-008,Single_line/Singleline_Cart/SinglelineCart_1/1775040222857_1070_1147_43-008
1775040201462_6672_1139_12-014,Single_line/Singleline_Cart/SinglelineCart_1/1775040201462_6672_1139_12-014
1775040530880_6672_1146_14-012,Single_line/Singleline_Cart/SinglelineCart_1/1775040530880_6672_1146_14-012
1775040375577_6639_1094_53-006,Single_line/Singleline_Cart/SinglelineCart_1/1775040375577_6639_1094_53-006
1775040430675_6639_1214_52-001,Single_line/Singleline_Cart/SinglelineCart_1/1775040430675_6639_1214_52-001
1775040549033_8597_1280_11-017,Single_line/Singleline_Cart/SinglelineCart_1/1775040549033_8597_1280_11-017
1775040219354_0639_1219_29-014,Single_line/Singleline_Cart/SinglelineCart_1/1775040219354_0639_1219_29-014
1775040549033_8597_1336_11-021,Single_line/Singleline_Cart/SinglelineCart_1/1775040549033_8597_1336_11-021
1775040549033_8597_1228_11-014,Single_line/Singleline_Cart/SinglelineCart_1/1775040549033_8597_1228_11-014
1775040574230_0244_1091_34-005,Single_line/Singleline_Cart/SinglelineCart_1/1775040574230_0244_1091_34-005
1775040535902_8557_1225_15-008,Single_line/Singleline_Cart/SinglelineCart_1/1775040535902_8557_1225_15-008
1775040315176_0244_1148_28-005,Single_line/Singleline_Cart/SinglelineCart_1/1775040315176_0244_1148_28-005
1775040378902_0244_1050_29-007,Single_line/Singleline_Cart/SinglelineCart_1/1775040378902_0244_1050_29-007
1775040222857_1070_1316_43-017,Single_line/Singleline_Cart/SinglelineCart_1/1775040222857_1070_1316_43-017
1775040201462_6672_1023_12-022,Single_line/Singleline_Cart/SinglelineCart_1/1775040201462_6672_1023_12-022
1775040437169_1070_1453_45-019,Single_line/Singleline_Cart/SinglelineCart_1/1775040437169_1070_1453_45-019
1775040427977_8597_1245_12-006,Single_line/Singleline_Cart/SinglelineCart_1/1775040427977_8597_1245_12-006
1775040433212_8525_1108_45-005,Single_line/Singleline_Cart/SinglelineCart_1/1775040433212_8525_1108_45-005
1775040535902_8557_1061_15-017,Single_line/Singleline_Cart/SinglelineCart_1/1775040535902_8557_1061_15-017
1775040345514_1070_1112_44-015,Single_line/Singleline_Cart/SinglelineCart_1/1775040345514_1070_1112_44-015
1775040222857_1070_1012_43-002,Single_line/Singleline_Cart/SinglelineCart_1/1775040222857_1070_1012_43-002
1775040427977_8597_1097_12-018,Single_line/Singleline_Cart/SinglelineCart_1/1775040427977_8597_1097_12-018
1775040222857_1070_1180_43-010,Single_line/Singleline_Cart/SinglelineCart_1/1775040222857_1070_1180_43-010
1775040266655_4030_1170_49-011,Single_line/Singleline_Cart/SinglelineCart_1/1775040266655_4030_1170_49-011
1775040201462_6672_1055_12-020,Single_line/Singleline_Cart/SinglelineCart_1/1775040201462_6672_1055_12-020
1775040315176_0244_1175_28-007,Single_line/Singleline_Cart/SinglelineCart_1/1775040315176_0244_1175_28-007
1775040558611_8525_1074_46-008,Single_line/Singleline_Cart/SinglelineCart_1/1775040558611_8525_1074_46-008
1775040272987_0611_1164_58-003,Single_line/Singleline_Cart/SinglelineCart_1/1775040272987_0611_1164_58-003
1775040345514_1070_1223_44-009,Single_line/Singleline_Cart/SinglelineCart_1/1775040345514_1070_1223_44-009
1775040530880_6672_1105_14-011,Single_line/Singleline_Cart/SinglelineCart_1/1775040530880_6672_1105_14-011
1775040549033_8597_1313_11-019,Single_line/Singleline_Cart/SinglelineCart_1/1775040549033_8597_1313_11-019
1775040314907_6672_1285_13-011,Single_line/Singleline_Cart/SinglelineCart_1/1775040314907_6672_1285_13-011
1775040549033_8597_1090_11-003,Single_line/Singleline_Cart/SinglelineCart_1/1775040549033_8597_1090_11-003
1775040530880_6672_1265_14-019,Single_line/Singleline_Cart/SinglelineCart_1/1775040530880_6672_1265_14-019
1775040222857_1070_1276_43-016,Single_line/Singleline_Cart/SinglelineCart_1/1775040222857_1070_1276_43-016
1775040430675_6639_1171_52-004,Single_line/Singleline_Cart/SinglelineCart_1/1775040430675_6639_1171_52-004
1775040551910_1070_1123_46-014,Single_line/Singleline_Cart/SinglelineCart_1/1775040551910_1070_1123_46-014
1775040219354_0639_1029_29-002,Single_line/Singleline_Cart/SinglelineCart_1/1775040219354_0639_1029_29-002
1775040313133_8557_1063_25-003,Single_line/Singleline_Cart/SinglelineCart_1/1775040313133_8557_1063_25-003
1775040345514_1070_1041_44-019,Single_line/Singleline_Cart/SinglelineCart_1/1775040345514_1070_1041_44-019
1775040378902_0244_1048_29-008,Single_line/Singleline_Cart/SinglelineCart_1/1775040378902_0244_1048_29-008
1775040288381_1002_1164_58-007,Single_line/Singleline_Cart/SinglelineCart_1/1775040288381_1002_1164_58-007
1775040549033_8597_1061_11-001,Single_line/Singleline_Cart/SinglelineCart_1/1775040549033_8597_1061_11-001
1775040313133_8557_1204_25-013,Single_line/Singleline_Cart/SinglelineCart_1/1775040313133_8557_1204_25-013
1775040437169_1070_1218_45-008,Single_line/Singleline_Cart/SinglelineCart_1/1775040437169_1070_1218_45-008
1775040398129_6672_1122_13-014,Single_line/Singleline_Cart/SinglelineCart_1/1775040398129_6672_1122_13-014
1775040437169_1070_1261_45-010,Single_line/Singleline_Cart/SinglelineCart_1/1775040437169_1070_1261_45-010
1775040574230_0244_1156_34-009,Single_line/Singleline_Cart/SinglelineCart_1/1775040574230_0244_1156_34-009
1775040427977_8597_1121_12-016,Single_line/Singleline_Cart/SinglelineCart_1/1775040427977_8597_1121_12-016
1775040315176_0244_1210_28-009,Single_line/Singleline_Cart/SinglelineCart_1/1775040315176_0244_1210_28-009
1775040201462_6672_1118_12-016,Single_line/Singleline_Cart/SinglelineCart_1/1775040201462_6672_1118_12-016
1775040428497_0244_1131_30-002,Single_line/Singleline_Cart/SinglelineCart_1/1775040428497_0244_1131_30-002
1775040351814_1002_1089_51-003,Single_line/Singleline_Cart/SinglelineCart_1/1775040351814_1002_1089_51-003
1775040375577_6639_1080_53-005,Single_line/Singleline_Cart/SinglelineCart_1/1775040375577_6639_1080_53-005
1775040345514_1070_1054_44-018,Single_line/Singleline_Cart/SinglelineCart_1/1775040345514_1070_1054_44-018
1775040351814_1002_1057_51-005,Single_line/Singleline_Cart/SinglelineCart_1/1775040351814_1002_1057_51-005
1775040272987_0611_1106_58-007,Single_line/Singleline_Cart/SinglelineCart_1/1775040272987_0611_1106_58-007
1775040428497_0244_1203_30-011,Single_line/Singleline_Cart/SinglelineCart_1/1775040428497_0244_1203_30-011
1775040266655_4030_1047_49-003,Single_line/Singleline_Cart/SinglelineCart_1/1775040266655_4030_1047_49-003
1775040222857_1070_1061_43-004,Single_line/Singleline_Cart/SinglelineCart_1/1775040222857_1070_1061_43-004
1775040427977_8597_1121_12-015,Single_line/Singleline_Cart/SinglelineCart_1/1775040427977_8597_1121_12-015
1775040433212_8525_1106_45-006,Single_line/Singleline_Cart/SinglelineCart_1/1775040433212_8525_1106_45-006
1775040219354_0639_1183_29-012,Single_line/Singleline_Cart/SinglelineCart_1/1775040219354_0639_1183_29-012
1775040475670_6672_1024_14-001,Single_line/Singleline_Cart/SinglelineCart_1/1775040475670_6672_1024_14-001
1775040222857_1070_1068_43-003,Single_line/Singleline_Cart/SinglelineCart_1/1775040222857_1070_1068_43-003
1775040437169_1070_1409_45-018,Single_line/Singleline_Cart/SinglelineCart_1/1775040437169_1070_1409_45-018
1775040345514_1070_1039_44-020,Single_line/Singleline_Cart/SinglelineCart_1/1775040345514_1070_1039_44-020
1775040430675_6639_1141_52-005,Single_line/Singleline_Cart/SinglelineCart_1/1775040430675_6639_1141_52-005
1775040398129_6672_1184_13-010,Single_line/Singleline_Cart/SinglelineCart_1/1775040398129_6672_1184_13-010
1775040375577_6639_1065_53-004,Single_line/Singleline_Cart/SinglelineCart_1/1775040375577_6639_1065_53-004
1775040430675_6639_1137_52-006,Single_line/Singleline_Cart/SinglelineCart_1/1775040430675_6639_1137_52-006
1775040214757_1002_1069_61-002,Single_line/Singleline_Cart/SinglelineCart_1/1775040214757_1002_1069_61-002
1775040279081_6672_1027_12-004,Single_line/Singleline_Cart/SinglelineCart_1/1775040279081_6672_1027_12-004
1775040437169_1070_1301_45-012,Single_line/Singleline_Cart/SinglelineCart_1/1775040437169_1070_1301_45-012
1775040535902_8557_1220_15-007,Single_line/Singleline_Cart/SinglelineCart_1/1775040535902_8557_1220_15-007
1775040549033_8597_1145_11-007,Single_line/Singleline_Cart/SinglelineCart_1/1775040549033_8597_1145_11-007
1775040549033_8597_1365_11-024,Single_line/Singleline_Cart/SinglelineCart_1/1775040549033_8597_1365_11-024
1775040437169_1070_1096_45-003,Single_line/Singleline_Cart/SinglelineCart_1/1775040437169_1070_1096_45-003
1775040398129_6672_1047_13-018,Single_line/Singleline_Cart/SinglelineCart_1/1775040398129_6672_1047_13-018
1775040535902_8557_1166_15-012,Single_line/Singleline_Cart/SinglelineCart_1/1775040535902_8557_1166_15-012
1775040549033_8597_1201_11-012,Single_line/Singleline_Cart/SinglelineCart_1/1775040549033_8597_1201_11-012
1775040530880_6672_1140_14-013,Single_line/Singleline_Cart/SinglelineCart_1/1775040530880_6672_1140_14-013
1775040491737_0244_1270_31-002,Single_line/Singleline_Cart/SinglelineCart_1/1775040491737_0244_1270_31-002
1775040314907_6672_1360_13-015,Single_line/Singleline_Cart/SinglelineCart_1/1775040314907_6672_1360_13-015
1775040549033_8597_1259_11-015,Single_line/Singleline_Cart/SinglelineCart_1/1775040549033_8597_1259_11-015
1775040558611_8525_1107_46-005,Single_line/Singleline_Cart/SinglelineCart_1/1775040558611_8525_1107_46-005
1775040313133_8557_1184_25-011,Single_line/Singleline_Cart/SinglelineCart_1/1775040313133_8557_1184_25-011
1775040222857_1070_1111_43-005,Single_line/Singleline_Cart/SinglelineCart_1/1775040222857_1070_1111_43-005
1775040250597_1002_1007_61-003,Single_line/Singleline_Cart/SinglelineCart_1/1775040250597_1002_1007_61-003
1775040437169_1070_1124_45-005,Single_line/Singleline_Cart/SinglelineCart_1/1775040437169_1070_1124_45-005
1775040558611_8525_1139_46-003,Single_line/Singleline_Cart/SinglelineCart_1/1775040558611_8525_1139_46-003
1775040535902_8557_1037_15-020,Single_line/Singleline_Cart/SinglelineCart_1/1775040535902_8557_1037_15-020
1775040288381_1002_1237_58-003,Single_line/Singleline_Cart/SinglelineCart_1/1775040288381_1002_1237_58-003
1775040551910_1070_1157_46-012,Single_line/Singleline_Cart/SinglelineCart_1/1775040551910_1070_1157_46-012
1775040201462_6672_1085_12-018,Single_line/Singleline_Cart/SinglelineCart_1/1775040201462_6672_1085_12-018
1775040398129_6672_1152_13-012,Single_line/Singleline_Cart/SinglelineCart_1/1775040398129_6672_1152_13-012
1775040345514_1070_1080_44-017,Single_line/Singleline_Cart/SinglelineCart_1/1775040345514_1070_1080_44-017
1775040535902_8557_1191_15-009,Single_line/Singleline_Cart/SinglelineCart_1/1775040535902_8557_1191_15-009
1775040539508_1002_1070_55-006,Single_line/Singleline_Cart/SinglelineCart_1/1775040539508_1002_1070_55-006
1775040288381_1002_1275_58-001,Single_line/Singleline_Cart/SinglelineCart_1/1775040288381_1002_1275_58-001
1775040535902_8557_1161_15-011,Single_line/Singleline_Cart/SinglelineCart_1/1775040535902_8557_1161_15-011
1775040430675_6639_1180_52-003,Single_line/Singleline_Cart/SinglelineCart_1/1775040430675_6639_1180_52-003
1775040475670_6672_1051_14-003,Single_line/Singleline_Cart/SinglelineCart_1/1775040475670_6672_1051_14-003
1775040206432_6639_1187_48-002,Single_line/Singleline_Cart/SinglelineCart_1/1775040206432_6639_1187_48-002
1775040315176_0244_1191_28-008,Single_line/Singleline_Cart/SinglelineCart_1/1775040315176_0244_1191_28-008
1775040398129_6672_1011_13-020,Single_line/Singleline_Cart/SinglelineCart_1/1775040398129_6672_1011_13-020
1775040315176_0244_1094_28-002,Single_line/Singleline_Cart/SinglelineCart_1/1775040315176_0244_1094_28-002
1775040206432_6639_1087_48-008,Single_line/Singleline_Cart/SinglelineCart_1/1775040206432_6639_1087_48-008
1775040574230_0244_1031_34-001,Single_line/Singleline_Cart/SinglelineCart_1/1775040574230_0244_1031_34-001
1775040437169_1070_1270_45-009,Single_line/Singleline_Cart/SinglelineCart_1/1775040437169_1070_1270_45-009
1775040491737_0244_1126_31-010,Single_line/Singleline_Cart/SinglelineCart_1/1775040491737_0244_1126_31-010
1775040375577_6639_1145_53-009,Single_line/Singleline_Cart/SinglelineCart_1/1775040375577_6639_1145_53-009
1775040535902_8557_1196_15-010,Single_line/Singleline_Cart/SinglelineCart_1/1775040535902_8557_1196_15-010
1775040351814_1002_1026_51-007,Single_line/Singleline_Cart/SinglelineCart_1/1775040351814_1002_1026_51-007
1775040549033_8597_1311_11-020,Single_line/Singleline_Cart/SinglelineCart_1/1775040549033_8597_1311_11-020
1775040535902_8557_1132_15-013,Single_line/Singleline_Cart/SinglelineCart_1/1775040535902_8557_1132_15-013
1775040219354_0639_1250_29-016,Single_line/Singleline_Cart/SinglelineCart_1/1775040219354_0639_1250_29-016
1775040378902_0244_1079_29-005,Single_line/Singleline_Cart/SinglelineCart_1/1775040378902_0244_1079_29-005
1775040222857_1070_1187_43-009,Single_line/Singleline_Cart/SinglelineCart_1/1775040222857_1070_1187_43-009
1775040262797_6639_1075_45-001,Single_line/Singleline_Cart/SinglelineCart_1/1775040262797_6639_1075_45-001
1775040398129_6672_1318_13-002,Single_line/Singleline_Cart/SinglelineCart_1/1775040398129_6672_1318_13-002
1775040222857_1070_1383_43-022,Single_line/Singleline_Cart/SinglelineCart_1/1775040222857_1070_1383_43-022
1775040458378_8557_1098_26-012,Single_line/Singleline_Cart/SinglelineCart_1/1775040458378_8557_1098_26-012
1775040437169_1070_1245_45-007,Single_line/Singleline_Cart/SinglelineCart_1/1775040437169_1070_1245_45-007
1775040433212_8525_1077_45-004,Single_line/Singleline_Cart/SinglelineCart_1/1775040433212_8525_1077_45-004
1775040535902_8557_1098_15-015,Single_line/Singleline_Cart/SinglelineCart_1/1775040535902_8557_1098_15-015
1775040206432_6639_1156_48-004,Single_line/Singleline_Cart/SinglelineCart_1/1775040206432_6639_1156_48-004
1775040222857_1070_1254_43-014,Single_line/Singleline_Cart/SinglelineCart_1/1775040222857_1070_1254_43-014
1775040378902_0244_1118_29-003,Single_line/Singleline_Cart/SinglelineCart_1/1775040378902_0244_1118_29-003
1775040201462_6672_1174_12-012,Single_line/Singleline_Cart/SinglelineCart_1/1775040201462_6672_1174_12-012
1775040535902_8557_1321_15-002,Single_line/Singleline_Cart/SinglelineCart_1/1775040535902_8557_1321_15-002
1775040430675_6639_1102_52-008,Single_line/Singleline_Cart/SinglelineCart_1/1775040430675_6639_1102_52-008
1775040288381_1002_1027_58-015,Single_line/Singleline_Cart/SinglelineCart_1/1775040288381_1002_1027_58-015
1775040428497_0244_1018_30-001,Single_line/Singleline_Cart/SinglelineCart_1/1775040428497_0244_1018_30-001
1775040530880_6672_1266_14-018,Single_line/Singleline_Cart/SinglelineCart_1/1775040530880_6672_1266_14-018
1775040375577_6639_1148_53-010,Single_line/Singleline_Cart/SinglelineCart_1/1775040375577_6639_1148_53-010
1775040315176_0244_1130_28-004,Single_line/Singleline_Cart/SinglelineCart_1/1775040315176_0244_1130_28-004
1775040345514_1070_1249_44-007,Single_line/Singleline_Cart/SinglelineCart_1/1775040345514_1070_1249_44-007
1775040206432_6639_1124_48-006,Single_line/Singleline_Cart/SinglelineCart_1/1775040206432_6639_1124_48-006
1775040535902_8557_1256_15-006,Single_line/Singleline_Cart/SinglelineCart_1/1775040535902_8557_1256_15-006
1775040549033_8597_1174_11-009,Single_line/Singleline_Cart/SinglelineCart_1/1775040549033_8597_1174_11-009
1775040378902_0244_1016_29-009,Single_line/Singleline_Cart/SinglelineCart_1/1775040378902_0244_1016_29-009
1775040222857_1070_1215_43-011,Single_line/Singleline_Cart/SinglelineCart_1/1775040222857_1070_1215_43-011
1775040549033_8597_1117_11-005,Single_line/Singleline_Cart/SinglelineCart_1/1775040549033_8597_1117_11-005
1775040315176_0244_1154_28-006,Single_line/Singleline_Cart/SinglelineCart_1/1775040315176_0244_1154_28-006
1775040222857_1070_1250_43-013,Single_line/Singleline_Cart/SinglelineCart_1/1775040222857_1070_1250_43-013
1775040430675_6639_1072_52-009,Single_line/Singleline_Cart/SinglelineCart_1/1775040430675_6639_1072_52-009
1775040288381_1002_1059_58-013,Single_line/Singleline_Cart/SinglelineCart_1/1775040288381_1002_1059_58-013
1775040535902_8557_1072_15-018,Single_line/Singleline_Cart/SinglelineCart_1/1775040535902_8557_1072_15-018
1775040530880_6672_1228_14-017,Single_line/Singleline_Cart/SinglelineCart_1/1775040530880_6672_1228_14-017
1775040428497_0244_1095_30-005,Single_line/Singleline_Cart/SinglelineCart_1/1775040428497_0244_1095_30-005
1775040222857_1070_1352_43-020,Single_line/Singleline_Cart/SinglelineCart_1/1775040222857_1070_1352_43-020
1775040354827_0639_1071_29-020,Single_line/Singleline_Cart/SinglelineCart_1/1775040354827_0639_1071_29-020
1775040491737_0244_1022_31-016,Single_line/Singleline_Cart/SinglelineCart_1/1775040491737_0244_1022_31-016
1775040427977_8597_1095_12-017,Single_line/Singleline_Cart/SinglelineCart_1/1775040427977_8597_1095_12-017
1775040222857_1070_1218_43-012,Single_line/Singleline_Cart/SinglelineCart_1/1775040222857_1070_1218_43-012
1775040955366_4714_1022_15-016,Single_line/Singleline_Cart/SinglelineCart_3/1775040955366_4714_1022_15-016
1775040824520_1070_1144_47-014,Single_line/Singleline_Cart/SinglelineCart_3/1775040824520_1070_1144_47-014
1775040744269_1808_1087_06-019,Single_line/Singleline_Cart/SinglelineCart_3/1775040744269_1808_1087_06-019
1775040727542_0480_1256_29-014,Single_line/Singleline_Cart/SinglelineCart_3/1775040727542_0480_1256_29-014
1775040754567_0244_1059_35-014,Single_line/Singleline_Cart/SinglelineCart_3/1775040754567_0244_1059_35-014
1775040741094_6639_1135_36-009,Single_line/Singleline_Cart/SinglelineCart_3/1775040741094_6639_1135_36-009
1775040802790_6639_1107_01-020,Single_line/Singleline_Cart/SinglelineCart_3/1775040802790_6639_1107_01-020
1775040802790_6639_1250_01-012,Single_line/Singleline_Cart/SinglelineCart_3/1775040802790_6639_1250_01-012
1775040885732_6672_1229_17-010,Single_line/Singleline_Cart/SinglelineCart_3/1775040885732_6672_1229_17-010
1775040824520_1070_1094_47-015,Single_line/Singleline_Cart/SinglelineCart_3/1775040824520_1070_1094_47-015
1775040796031_8557_1255_27-008,Single_line/Singleline_Cart/SinglelineCart_3/1775040796031_8557_1255_27-008
1775040706263_8525_1254_51-017,Single_line/Singleline_Cart/SinglelineCart_3/1775040706263_8525_1254_51-017
1775040754567_0244_1025_35-016,Single_line/Singleline_Cart/SinglelineCart_3/1775040754567_0244_1025_35-016
1775040831478_8525_1242_52-016,Single_line/Singleline_Cart/SinglelineCart_3/1775040831478_8525_1242_52-016
1775040912745_0244_1085_37-010,Single_line/Singleline_Cart/SinglelineCart_3/1775040912745_0244_1085_37-010
1775040754567_0244_1026_35-015,Single_line/Singleline_Cart/SinglelineCart_3/1775040754567_0244_1026_35-015
1775040744269_1808_1190_06-011,Single_line/Singleline_Cart/SinglelineCart_3/1775040744269_1808_1190_06-011
1775040873915_1002_1029_06-018,Single_line/Singleline_Cart/SinglelineCart_3/1775040873915_1002_1029_06-018
1775040706263_8525_1179_51-011,Single_line/Singleline_Cart/SinglelineCart_3/1775040706263_8525_1179_51-011
1775040873915_1002_1181_06-008,Single_line/Singleline_Cart/SinglelineCart_3/1775040873915_1002_1181_06-008
1775040734805_1002_1335_66-005,Single_line/Singleline_Cart/SinglelineCart_3/1775040734805_1002_1335_66-005
1775040734805_1002_1178_66-015,Single_line/Singleline_Cart/SinglelineCart_3/1775040734805_1002_1178_66-015
1775040793839_0480_1003_29-018,Single_line/Singleline_Cart/SinglelineCart_3/1775040793839_0480_1003_29-018
1775040985604_8525_1125_56-008,Single_line/Singleline_Cart/SinglelineCart_3/1775040985604_8525_1125_56-008
1775040754567_0244_1265_35-001,Single_line/Singleline_Cart/SinglelineCart_3/1775040754567_0244_1265_35-001
1775040831478_8525_1066_52-004,Single_line/Singleline_Cart/SinglelineCart_3/1775040831478_8525_1066_52-004
1775040741094_6639_1243_36-003,Single_line/Singleline_Cart/SinglelineCart_3/1775040741094_6639_1243_36-003
1775040831478_8525_1036_52-001,Single_line/Singleline_Cart/SinglelineCart_3/1775040831478_8525_1036_52-001
1775040796031_8557_1321_27-012,Single_line/Singleline_Cart/SinglelineCart_3/1775040796031_8557_1321_27-012
1775040990294_6639_1230_05-006,Single_line/Singleline_Cart/SinglelineCart_3/1775040990294_6639_1230_05-006
1775040706263_8525_1208_51-013,Single_line/Singleline_Cart/SinglelineCart_3/1775040706263_8525_1208_51-013
1775040824520_1070_1345_47-003,Single_line/Singleline_Cart/SinglelineCart_3/1775040824520_1070_1345_47-003
1775040706263_8525_1230_51-015,Single_line/Singleline_Cart/SinglelineCart_3/1775040706263_8525_1230_51-015
1775040912745_0244_1260_37-004,Single_line/Singleline_Cart/SinglelineCart_3/1775040912745_0244_1260_37-004
1775040762480_8525_1101_51-013,Single_line/Singleline_Cart/SinglelineCart_3/1775040762480_8525_1101_51-013
1775040727542_0480_1285_29-016,Single_line/Singleline_Cart/SinglelineCart_3/1775040727542_0480_1285_29-016
1775040873915_1002_1200_06-007,Single_line/Singleline_Cart/SinglelineCart_3/1775040873915_1002_1200_06-007
1775040734986_0639_1011_30-002,Single_line/Singleline_Cart/SinglelineCart_3/1775040734986_0639_1011_30-002
1775040985604_8525_1070_56-004,Single_line/Singleline_Cart/SinglelineCart_3/1775040985604_8525_1070_56-004
1775040762480_8525_1180_49-008,Single_line/Singleline_Cart/SinglelineCart_3/1775040762480_8525_1180_49-008
1775040885732_6672_1019_17-022,Single_line/Singleline_Cart/SinglelineCart_3/1775040885732_6672_1019_17-022
1775040768229_0639_1029_01-012,Single_line/Singleline_Cart/SinglelineCart_3/1775040768229_0639_1029_01-012
1775040744269_1808_1140_06-015,Single_line/Singleline_Cart/SinglelineCart_3/1775040744269_1808_1140_06-015
1775040741094_6639_1282_36-001,Single_line/Singleline_Cart/SinglelineCart_3/1775040741094_6639_1282_36-001
1775040870388_0639_1307_47-016,Single_line/Singleline_Cart/SinglelineCart_3/1775040870388_0639_1307_47-016
1775040870388_0639_1042_47-002,Single_line/Singleline_Cart/SinglelineCart_3/1775040870388_0639_1042_47-002
1775040990294_6639_1201_05-008,Single_line/Singleline_Cart/SinglelineCart_3/1775040990294_6639_1201_05-008
1775040941330_1002_1285_07-019,Single_line/Singleline_Cart/SinglelineCart_3/1775040941330_1002_1285_07-019
1775040870388_0639_1192_47-010,Single_line/Singleline_Cart/SinglelineCart_3/1775040870388_0639_1192_47-010
1775040909456_8525_1089_53-014,Single_line/Singleline_Cart/SinglelineCart_3/1775040909456_8525_1089_53-014
1775040990294_6639_1044_05-017,Single_line/Singleline_Cart/SinglelineCart_3/1775040990294_6639_1044_05-017
1775040802790_6639_1287_01-010,Single_line/Singleline_Cart/SinglelineCart_3/1775040802790_6639_1287_01-010
1775040985604_8525_1118_56-007,Single_line/Singleline_Cart/SinglelineCart_3/1775040985604_8525_1118_56-007
1775040829584_0244_1315_36-016,Single_line/Singleline_Cart/SinglelineCart_3/1775040829584_0244_1315_36-016
1775040990294_6639_1244_05-005,Single_line/Singleline_Cart/SinglelineCart_3/1775040990294_6639_1244_05-005
1775040768229_0639_1256_01-009,Single_line/Singleline_Cart/SinglelineCart_3/1775040768229_0639_1256_01-009
1775040912745_0244_1008_37-014,Single_line/Singleline_Cart/SinglelineCart_3/1775040912745_0244_1008_37-014
1775040768229_0639_1119_01-006,Single_line/Singleline_Cart/SinglelineCart_3/1775040768229_0639_1119_01-006
1775040963034_0639_1045_52-004,Single_line/Singleline_Cart/SinglelineCart_3/1775040963034_0639_1045_52-004
1775040990294_6639_1101_05-014,Single_line/Singleline_Cart/SinglelineCart_3/1775040990294_6639_1101_05-014
1775040762480_8525_1278_49-002,Single_line/Singleline_Cart/SinglelineCart_3/1775040762480_8525_1278_49-002
1775040870388_0639_1118_47-006,Single_line/Singleline_Cart/SinglelineCart_3/1775040870388_0639_1118_47-006
1775040824520_1070_1262_47-009,Single_line/Singleline_Cart/SinglelineCart_3/1775040824520_1070_1262_47-009
1775040762480_8525_1134_51-011,Single_line/Singleline_Cart/SinglelineCart_3/1775040762480_8525_1134_51-011
1775040985604_8525_1265_56-017,Single_line/Singleline_Cart/SinglelineCart_3/1775040985604_8525_1265_56-017
1775040831478_8525_1214_52-013,Single_line/Singleline_Cart/SinglelineCart_3/1775040831478_8525_1214_52-013
1775040985604_8525_1285_56-019,Single_line/Singleline_Cart/SinglelineCart_3/1775040985604_8525_1285_56-019
1775040831478_8525_1156_52-009,Single_line/Singleline_Cart/SinglelineCart_3/1775040831478_8525_1156_52-009
1775040796031_8557_1224_27-006,Single_line/Singleline_Cart/SinglelineCart_3/1775040796031_8557_1224_27-006
1775040932535_1070_1260_06-004,Single_line/Singleline_Cart/SinglelineCart_3/1775040932535_1070_1260_06-004
1775040727542_0480_1157_29-006,Single_line/Singleline_Cart/SinglelineCart_3/1775040727542_0480_1157_29-006
1775040831478_8525_1036_52-002,Single_line/Singleline_Cart/SinglelineCart_3/1775040831478_8525_1036_52-002
1775040932535_1070_1235_06-006,Single_line/Singleline_Cart/SinglelineCart_3/1775040932535_1070_1235_06-006
1775040829584_0244_1027_36-002,Single_line/Singleline_Cart/SinglelineCart_3/1775040829584_0244_1027_36-002
1775040941330_1002_1169_07-011,Single_line/Singleline_Cart/SinglelineCart_3/1775040941330_1002_1169_07-011
1775040909456_8525_1277_53-001,Single_line/Singleline_Cart/SinglelineCart_3/1775040909456_8525_1277_53-001
1775040706263_8525_1087_51-005,Single_line/Singleline_Cart/SinglelineCart_3/1775040706263_8525_1087_51-005
1775040909456_8525_1125_53-012,Single_line/Singleline_Cart/SinglelineCart_3/1775040909456_8525_1125_53-012
1775040802790_6639_1213_01-014,Single_line/Singleline_Cart/SinglelineCart_3/1775040802790_6639_1213_01-014
1775040802790_6639_1142_01-018,Single_line/Singleline_Cart/SinglelineCart_3/1775040802790_6639_1142_01-018
1775040802790_6639_1069_01-022,Single_line/Singleline_Cart/SinglelineCart_3/1775040802790_6639_1069_01-022
1775040727542_0480_1132_29-004,Single_line/Singleline_Cart/SinglelineCart_3/1775040727542_0480_1132_29-004
1775040829584_0244_1229_36-012,Single_line/Singleline_Cart/SinglelineCart_3/1775040829584_0244_1229_36-012
1775040990294_6639_1163_05-010,Single_line/Singleline_Cart/SinglelineCart_3/1775040990294_6639_1163_05-010
1775040909456_8525_1061_53-015,Single_line/Singleline_Cart/SinglelineCart_3/1775040909456_8525_1061_53-015
1775040768229_0639_1122_01-017,Single_line/Singleline_Cart/SinglelineCart_3/1775040768229_0639_1122_01-017
1775040912745_0244_1218_37-006,Single_line/Singleline_Cart/SinglelineCart_3/1775040912745_0244_1218_37-006
1775040990294_6639_1064_05-016,Single_line/Singleline_Cart/SinglelineCart_3/1775040990294_6639_1064_05-016
1775040909456_8525_1158_53-009,Single_line/Singleline_Cart/SinglelineCart_3/1775040909456_8525_1158_53-009
1775040941330_1002_1110_07-007,Single_line/Singleline_Cart/SinglelineCart_3/1775040941330_1002_1110_07-007
1775040829584_0244_1142_36-007,Single_line/Singleline_Cart/SinglelineCart_3/1775040829584_0244_1142_36-007
1775040824520_1070_1094_47-016,Single_line/Singleline_Cart/SinglelineCart_3/1775040824520_1070_1094_47-016
1775040829584_0244_1103_36-005,Single_line/Singleline_Cart/SinglelineCart_3/1775040829584_0244_1103_36-005
1775040831478_8525_1124_52-008,Single_line/Singleline_Cart/SinglelineCart_3/1775040831478_8525_1124_52-008
1775040768229_0639_1154_01-004,Single_line/Singleline_Cart/SinglelineCart_3/1775040768229_0639_1154_01-004
1775040935267_0480_1399_19-004,Single_line/Singleline_Cart/SinglelineCart_3/1775040935267_0480_1399_19-004
1775040985604_8525_1173_56-011,Single_line/Singleline_Cart/SinglelineCart_3/1775040985604_8525_1173_56-011
1775040990294_6639_1028_05-018,Single_line/Singleline_Cart/SinglelineCart_3/1775040990294_6639_1028_05-018
1775040963034_0639_1032_52-001,Single_line/Singleline_Cart/SinglelineCart_3/1775040963034_0639_1032_52-001
1775040704467_8597_1275_09-017,Single_line/Singleline_Cart/SinglelineCart_3/1775040704467_8597_1275_09-017
1775040941330_1002_1018_07-001,Single_line/Singleline_Cart/SinglelineCart_3/1775040941330_1002_1018_07-001
1775040754567_0244_1130_35-010,Single_line/Singleline_Cart/SinglelineCart_3/1775040754567_0244_1130_35-010
1775040955366_4714_1036_15-003,Single_line/Singleline_Cart/SinglelineCart_3/1775040955366_4714_1036_15-003
1775040815313_4714_1023_BW-008,Single_line/Singleline_Cart/SinglelineCart_3/1775040815313_4714_1023_BW-008
1775040727542_0480_1255_29-019,Single_line/Singleline_Cart/SinglelineCart_3/1775040727542_0480_1255_29-019
1775040741094_6639_1206_36-005,Single_line/Singleline_Cart/SinglelineCart_3/1775040741094_6639_1206_36-005
1775040831478_8525_1184_52-012,Single_line/Singleline_Cart/SinglelineCart_3/1775040831478_8525_1184_52-012
1775040941330_1002_1288_07-020,Single_line/Singleline_Cart/SinglelineCart_3/1775040941330_1002_1288_07-020
1775040762480_8525_1210_49-006,Single_line/Singleline_Cart/SinglelineCart_3/1775040762480_8525_1210_49-006
1775040941330_1002_1110_07-008,Single_line/Singleline_Cart/SinglelineCart_3/1775040941330_1002_1110_07-008
1775040941330_1002_1197_07-014,Single_line/Singleline_Cart/SinglelineCart_3/1775040941330_1002_1197_07-014
1775040727542_0480_1228_29-017,Single_line/Singleline_Cart/SinglelineCart_3/1775040727542_0480_1228_29-017
1775040727542_0480_1152_29-011,Single_line/Singleline_Cart/SinglelineCart_3/1775040727542_0480_1152_29-011
1775040829584_0244_1263_36-011,Single_line/Singleline_Cart/SinglelineCart_3/1775040829584_0244_1263_36-011
1775040704467_8597_1239_09-016,Single_line/Singleline_Cart/SinglelineCart_3/1775040704467_8597_1239_09-016
1775040941330_1002_1139_07-009,Single_line/Singleline_Cart/SinglelineCart_3/1775040941330_1002_1139_07-009
1775040941330_1002_1225_07-015,Single_line/Singleline_Cart/SinglelineCart_3/1775040941330_1002_1225_07-015
1775040829584_0244_1307_36-013,Single_line/Singleline_Cart/SinglelineCart_3/1775040829584_0244_1307_36-013
1775040831478_8525_1125_52-007,Single_line/Singleline_Cart/SinglelineCart_3/1775040831478_8525_1125_52-007
1775040824520_1070_1289_47-008,Single_line/Singleline_Cart/SinglelineCart_3/1775040824520_1070_1289_47-008
1775040824520_1070_1317_47-006,Single_line/Singleline_Cart/SinglelineCart_3/1775040824520_1070_1317_47-006
1775040873915_1002_1289_06-001,Single_line/Singleline_Cart/SinglelineCart_3/1775040873915_1002_1289_06-001
1775040985604_8525_1234_56-015,Single_line/Singleline_Cart/SinglelineCart_3/1775040985604_8525_1234_56-015
1775040824520_1070_1179_47-012,Single_line/Singleline_Cart/SinglelineCart_3/1775040824520_1070_1179_47-012
1775040802790_6639_1355_01-006,Single_line/Singleline_Cart/SinglelineCart_3/1775040802790_6639_1355_01-006
1775040762480_8525_1049_49-012,Single_line/Singleline_Cart/SinglelineCart_3/1775040762480_8525_1049_49-012
1775040909456_8525_1128_53-011,Single_line/Singleline_Cart/SinglelineCart_3/1775040909456_8525_1128_53-011
1775040741094_6639_1170_36-007,Single_line/Singleline_Cart/SinglelineCart_3/1775040741094_6639_1170_36-007
1775040762480_8525_1037_51-017,Single_line/Singleline_Cart/SinglelineCart_3/1775040762480_8525_1037_51-017
1775040990294_6639_1075_05-015,Single_line/Singleline_Cart/SinglelineCart_3/1775040990294_6639_1075_05-015
1775040741094_6639_1103_36-011,Single_line/Singleline_Cart/SinglelineCart_3/1775040741094_6639_1103_36-011
1775040727542_0480_1205_29-015,Single_line/Singleline_Cart/SinglelineCart_3/1775040727542_0480_1205_29-015
1775040941330_1002_1199_07-013,Single_line/Singleline_Cart/SinglelineCart_3/1775040941330_1002_1199_07-013
1775040762480_8525_1201_51-007,Single_line/Singleline_Cart/SinglelineCart_3/1775040762480_8525_1201_51-007
1775040793839_0480_1016_29-025,Single_line/Singleline_Cart/SinglelineCart_3/1775040793839_0480_1016_29-025
1775040873915_1002_1135_06-011,Single_line/Singleline_Cart/SinglelineCart_3/1775040873915_1002_1135_06-011
1775040768229_0639_1220_01-011,Single_line/Singleline_Cart/SinglelineCart_3/1775040768229_0639_1220_01-011
1775040768229_0639_1059_01-021,Single_line/Singleline_Cart/SinglelineCart_3/1775040768229_0639_1059_01-021
1775040963034_0639_1161_52-010,Single_line/Singleline_Cart/SinglelineCart_3/1775040963034_0639_1161_52-010
1775040885732_6672_1154_17-014,Single_line/Singleline_Cart/SinglelineCart_3/1775040885732_6672_1154_17-014
1775040831478_8525_1093_52-006,Single_line/Singleline_Cart/SinglelineCart_3/1775040831478_8525_1093_52-006
1775040802790_6639_1386_01-004,Single_line/Singleline_Cart/SinglelineCart_3/1775040802790_6639_1386_01-004
1775040870388_0639_1081_47-004,Single_line/Singleline_Cart/SinglelineCart_3/1775040870388_0639_1081_47-004
1775040762480_8525_1147_49-010,Single_line/Singleline_Cart/SinglelineCart_3/1775040762480_8525_1147_49-010
1775040768229_0639_1090_01-019,Single_line/Singleline_Cart/SinglelineCart_3/1775040768229_0639_1090_01-019
1775040941330_1002_1137_07-010,Single_line/Singleline_Cart/SinglelineCart_3/1775040941330_1002_1137_07-010
1775040963034_0639_1070_52-003,Single_line/Singleline_Cart/SinglelineCart_3/1775040963034_0639_1070_52-003
1775040985604_8525_1144_56-009,Single_line/Singleline_Cart/SinglelineCart_3/1775040985604_8525_1144_56-009
1775040990294_6639_1017_05-019,Single_line/Singleline_Cart/SinglelineCart_3/1775040990294_6639_1017_05-019
1775040727542_0480_1229_29-012,Single_line/Singleline_Cart/SinglelineCart_3/1775040727542_0480_1229_29-012
1775040941330_1002_1256_07-017,Single_line/Singleline_Cart/SinglelineCart_3/1775040941330_1002_1256_07-017
1775040824520_1070_1347_47-004,Single_line/Singleline_Cart/SinglelineCart_3/1775040824520_1070_1347_47-004
1775040829584_0244_1220_36-009,Single_line/Singleline_Cart/SinglelineCart_3/1775040829584_0244_1220_36-009
1775040829584_0244_1017_36-001,Single_line/Singleline_Cart/SinglelineCart_3/1775040829584_0244_1017_36-001
1775040873915_1002_1261_06-003,Single_line/Singleline_Cart/SinglelineCart_3/1775040873915_1002_1261_06-003
1775040824520_1070_1377_47-001,Single_line/Singleline_Cart/SinglelineCart_3/1775040824520_1070_1377_47-001
1775040706263_8525_1249_49-012,Single_line/Singleline_Cart/SinglelineCart_3/1775040706263_8525_1249_49-012
1775040727542_0480_1181_29-008,Single_line/Singleline_Cart/SinglelineCart_3/1775040727542_0480_1181_29-008
1775040932535_1070_1173_06-010,Single_line/Singleline_Cart/SinglelineCart_3/1775040932535_1070_1173_06-010
1775040829584_0244_1273_36-014,Single_line/Singleline_Cart/SinglelineCart_3/1775040829584_0244_1273_36-014
1775040909456_8525_1187_53-008,Single_line/Singleline_Cart/SinglelineCart_3/1775040909456_8525_1187_53-008
1775040885732_6672_1268_17-008,Single_line/Singleline_Cart/SinglelineCart_3/1775040885732_6672_1268_17-008
1775040754567_0244_1165_35-008,Single_line/Singleline_Cart/SinglelineCart_3/1775040754567_0244_1165_35-008
1775040744269_1808_1215_06-009,Single_line/Singleline_Cart/SinglelineCart_3/1775040744269_1808_1215_06-009
1775040762480_8525_1263_51-003,Single_line/Singleline_Cart/SinglelineCart_3/1775040762480_8525_1263_51-003
1775040796031_8557_1186_27-004,Single_line/Singleline_Cart/SinglelineCart_3/1775040796031_8557_1186_27-004
1775040704467_8597_1242_09-015,Single_line/Singleline_Cart/SinglelineCart_3/1775040704467_8597_1242_09-015
1775040768229_0639_1290_01-007,Single_line/Singleline_Cart/SinglelineCart_3/1775040768229_0639_1290_01-007
1775040870388_0639_1272_47-014,Single_line/Singleline_Cart/SinglelineCart_3/1775040870388_0639_1272_47-014
1775040824520_1070_1042_47-017,Single_line/Singleline_Cart/SinglelineCart_3/1775040824520_1070_1042_47-017
1775040815313_4714_1201_BW-003,Single_line/Singleline_Cart/SinglelineCart_3/1775040815313_4714_1201_BW-003
1775040754567_0244_1093_35-012,Single_line/Singleline_Cart/SinglelineCart_3/1775040754567_0244_1093_35-012
1775040985604_8525_1219_56-012,Single_line/Singleline_Cart/SinglelineCart_3/1775040985604_8525_1219_56-012
1775040704467_8597_1274_09-018,Single_line/Singleline_Cart/SinglelineCart_3/1775040704467_8597_1274_09-018
1775040990294_6639_1137_05-011,Single_line/Singleline_Cart/SinglelineCart_3/1775040990294_6639_1137_05-011
1775040831478_8525_1094_52-005,Single_line/Singleline_Cart/SinglelineCart_3/1775040831478_8525_1094_52-005
1775040802790_6639_1412_01-002,Single_line/Singleline_Cart/SinglelineCart_3/1775040802790_6639_1412_01-002
1775040873915_1002_1125_06-012,Single_line/Singleline_Cart/SinglelineCart_3/1775040873915_1002_1125_06-012
1775040831478_8525_1154_52-010,Single_line/Singleline_Cart/SinglelineCart_3/1775040831478_8525_1154_52-010
1775040744269_1808_1315_06-001,Single_line/Singleline_Cart/SinglelineCart_3/1775040744269_1808_1315_06-001
1775040873915_1002_1110_06-013,Single_line/Singleline_Cart/SinglelineCart_3/1775040873915_1002_1110_06-013
1775040824520_1070_1174_47-011,Single_line/Singleline_Cart/SinglelineCart_3/1775040824520_1070_1174_47-011
1775040941330_1002_1082_07-006,Single_line/Singleline_Cart/SinglelineCart_3/1775040941330_1002_1082_07-006
1775040815313_4714_1168_BW-004,Single_line/Singleline_Cart/SinglelineCart_3/1775040815313_4714_1168_BW-004
1775040754567_0244_1232_35-004,Single_line/Singleline_Cart/SinglelineCart_3/1775040754567_0244_1232_35-004
1775040704467_8597_1302_09-019,Single_line/Singleline_Cart/SinglelineCart_3/1775040704467_8597_1302_09-019
1775040873915_1002_1089_06-014,Single_line/Singleline_Cart/SinglelineCart_3/1775040873915_1002_1089_06-014
1775040873915_1002_1212_06-006,Single_line/Singleline_Cart/SinglelineCart_3/1775040873915_1002_1212_06-006
1775040704467_8597_1328_09-021,Single_line/Singleline_Cart/SinglelineCart_3/1775040704467_8597_1328_09-021
1775040744269_1808_1113_06-017,Single_line/Singleline_Cart/SinglelineCart_3/1775040744269_1808_1113_06-017
1775040762480_8525_1167_51-009,Single_line/Singleline_Cart/SinglelineCart_3/1775040762480_8525_1167_51-009
1775040885732_6672_1088_17-018,Single_line/Singleline_Cart/SinglelineCart_3/1775040885732_6672_1088_17-018
1775040870388_0639_1347_47-018,Single_line/Singleline_Cart/SinglelineCart_3/1775040870388_0639_1347_47-018
1775040912745_0244_1046_37-012,Single_line/Singleline_Cart/SinglelineCart_3/1775040912745_0244_1046_37-012
1775040706263_8525_1148_51-009,Single_line/Singleline_Cart/SinglelineCart_3/1775040706263_8525_1148_51-009
1775040955366_4714_1069_15-001,Single_line/Singleline_Cart/SinglelineCart_3/1775040955366_4714_1069_15-001
1775040955366_4714_1058_15-014,Single_line/Singleline_Cart/SinglelineCart_3/1775040955366_4714_1058_15-014
1775040985604_8525_1041_56-002,Single_line/Singleline_Cart/SinglelineCart_3/1775040985604_8525_1041_56-002
1775040990294_6639_1107_05-013,Single_line/Singleline_Cart/SinglelineCart_3/1775040990294_6639_1107_05-013
1775040985604_8525_1071_56-003,Single_line/Singleline_Cart/SinglelineCart_3/1775040985604_8525_1071_56-003
1775040873915_1002_1046_06-017,Single_line/Singleline_Cart/SinglelineCart_3/1775040873915_1002_1046_06-017
1775040741094_6639_1035_36-015,Single_line/Singleline_Cart/SinglelineCart_3/1775040741094_6639_1035_36-015
1775040704467_8597_1328_09-022,Single_line/Singleline_Cart/SinglelineCart_3/1775040704467_8597_1328_09-022
1775040768229_0639_1153_01-015,Single_line/Singleline_Cart/SinglelineCart_3/1775040768229_0639_1153_01-015
1775040727542_0480_1320_29-018,Single_line/Singleline_Cart/SinglelineCart_3/1775040727542_0480_1320_29-018
1775040912745_0244_1320_37-002,Single_line/Singleline_Cart/SinglelineCart_3/1775040912745_0244_1320_37-002
1775040963034_0639_1083_52-006,Single_line/Singleline_Cart/SinglelineCart_3/1775040963034_0639_1083_52-006
1775040909456_8525_1277_53-002,Single_line/Singleline_Cart/SinglelineCart_3/1775040909456_8525_1277_53-002
1775040829584_0244_1064_36-004,Single_line/Singleline_Cart/SinglelineCart_3/1775040829584_0244_1064_36-004
1775040706263_8525_1044_49-002,Single_line/Singleline_Cart/SinglelineCart_3/1775040706263_8525_1044_49-002
1775040831478_8525_1214_52-014,Single_line/Singleline_Cart/SinglelineCart_3/1775040831478_8525_1214_52-014
1775040802790_6639_1319_01-008,Single_line/Singleline_Cart/SinglelineCart_3/1775040802790_6639_1319_01-008
1775040706263_8525_1140_49-008,Single_line/Singleline_Cart/SinglelineCart_3/1775040706263_8525_1140_49-008
1775040985604_8525_1099_56-006,Single_line/Singleline_Cart/SinglelineCart_3/1775040985604_8525_1099_56-006
1775040824520_1070_1314_47-005,Single_line/Singleline_Cart/SinglelineCart_3/1775040824520_1070_1314_47-005
1775040985604_8525_1040_56-001,Single_line/Singleline_Cart/SinglelineCart_3/1775040985604_8525_1040_56-001
1775040870388_0639_1156_47-008,Single_line/Singleline_Cart/SinglelineCart_3/1775040870388_0639_1156_47-008
1775040824520_1070_1379_47-002,Single_line/Singleline_Cart/SinglelineCart_3/1775040824520_1070_1379_47-002
1775040762480_8525_1234_51-005,Single_line/Singleline_Cart/SinglelineCart_3/1775040762480_8525_1234_51-005
1775040815313_4714_1051_BW-007,Single_line/Singleline_Cart/SinglelineCart_3/1775040815313_4714_1051_BW-007
1775040985604_8525_1096_56-005,Single_line/Singleline_Cart/SinglelineCart_3/1775040985604_8525_1096_56-005
1775040870388_0639_1231_47-012,Single_line/Singleline_Cart/SinglelineCart_3/1775040870388_0639_1231_47-012
1775040768229_0639_1088_01-008,Single_line/Singleline_Cart/SinglelineCart_3/1775040768229_0639_1088_01-008
1775040744269_1808_1240_06-007,Single_line/Singleline_Cart/SinglelineCart_3/1775040744269_1808_1240_06-007
1775040909456_8525_1245_53-003,Single_line/Singleline_Cart/SinglelineCart_3/1775040909456_8525_1245_53-003
1775040704467_8597_1356_09-023,Single_line/Singleline_Cart/SinglelineCart_3/1775040704467_8597_1356_09-023
1775040873915_1002_1232_06-005,Single_line/Singleline_Cart/SinglelineCart_3/1775040873915_1002_1232_06-005
1775040824520_1070_1263_47-010,Single_line/Singleline_Cart/SinglelineCart_3/1775040824520_1070_1263_47-010
1775040909456_8525_1099_53-013,Single_line/Singleline_Cart/SinglelineCart_3/1775040909456_8525_1099_53-013
1775040706263_8525_1106_49-006,Single_line/Singleline_Cart/SinglelineCart_3/1775040706263_8525_1106_49-006
1775040754567_0244_1270_35-002,Single_line/Singleline_Cart/SinglelineCart_3/1775040754567_0244_1270_35-002
1775040941330_1002_1079_07-005,Single_line/Singleline_Cart/SinglelineCart_3/1775040941330_1002_1079_07-005
1775040762480_8525_1069_51-015,Single_line/Singleline_Cart/SinglelineCart_3/1775040762480_8525_1069_51-015
1775040941330_1002_1053_07-004,Single_line/Singleline_Cart/SinglelineCart_3/1775040941330_1002_1053_07-004
1775040831478_8525_1271_52-018,Single_line/Singleline_Cart/SinglelineCart_3/1775040831478_8525_1271_52-018
1775040932535_1070_1291_06-002,Single_line/Singleline_Cart/SinglelineCart_3/1775040932535_1070_1291_06-002
1775040885732_6672_1188_17-012,Single_line/Singleline_Cart/SinglelineCart_3/1775040885732_6672_1188_17-012
1775040873915_1002_1059_06-016,Single_line/Singleline_Cart/SinglelineCart_3/1775040873915_1002_1059_06-016
1775040831478_8525_1243_52-015,Single_line/Singleline_Cart/SinglelineCart_3/1775040831478_8525_1243_52-015
1775040909456_8525_1219_53-006,Single_line/Singleline_Cart/SinglelineCart_3/1775040909456_8525_1219_53-006
1775040829584_0244_1111_36-006,Single_line/Singleline_Cart/SinglelineCart_3/1775040829584_0244_1111_36-006
1775040727542_0480_1282_29-021,Single_line/Singleline_Cart/SinglelineCart_3/1775040727542_0480_1282_29-021
1775040909456_8525_1063_53-016,Single_line/Singleline_Cart/SinglelineCart_3/1775040909456_8525_1063_53-016
1775040815313_4714_1086_BW-006,Single_line/Singleline_Cart/SinglelineCart_3/1775040815313_4714_1086_BW-006
1775060079352_4905_02-005,Single_line/Singleline_Mobile/Singleline_mobile_1/1775060079352_4905_02-005
1775060028750_659_57-025,Single_line/Singleline_Mobile/Singleline_mobile_1/1775060028750_659_57-025
1775059993769_3507_40-011,Single_line/Singleline_Mobile/Singleline_mobile_1/1775059993769_3507_40-011
1775059992163_2761_38-006,Single_line/Singleline_Mobile/Singleline_mobile_1/1775059992163_2761_38-006
1775060047908_6647_58-005,Single_line/Singleline_Mobile/Singleline_mobile_1/1775060047908_6647_58-005
1775059992204_278_48-012,Single_line/Singleline_Mobile/Singleline_mobile_1/1775059992204_278_48-012
1775059948303_1209_04-015,Single_line/Singleline_Mobile/Singleline_mobile_1/1775059948303_1209_04-015
1775059948524_1282_37-007,Single_line/Singleline_Mobile/Singleline_mobile_1/1775059948524_1282_37-007
1775059958263_3507_47-006,Single_line/Singleline_Mobile/Singleline_mobile_1/1775059958263_3507_47-006
1775059965313_530_33-013,Single_line/Singleline_Mobile/Singleline_mobile_1/1775059965313_530_33-013
1775060046774_8926_L7-004,Single_line/Singleline_Mobile/Singleline_mobile_1/1775060046774_8926_L7-004
1775060076109_8433_33-008,Single_line/Singleline_Mobile/Singleline_mobile_1/1775060076109_8433_33-008
1775060020564_2314_18-002,Single_line/Singleline_Mobile/Singleline_mobile_1/1775060020564_2314_18-002
1775060025664_4461_07-010,Single_line/Singleline_Mobile/Singleline_mobile_1/1775060025664_4461_07-010
1775060053310_6943_32-011,Single_line/Singleline_Mobile/Singleline_mobile_1/1775060053310_6943_32-011
1775060081095_6547_13-013,Single_line/Singleline_Mobile/Singleline_mobile_1/1775060081095_6547_13-013
1775059993678_1282_36-005,Single_line/Singleline_Mobile/Singleline_mobile_1/1775059993678_1282_36-005
1775060067937_364_33-002,Single_line/Singleline_Mobile/Singleline_mobile_1/1775060067937_364_33-002
1775060000170_6943_32-015,Single_line/Singleline_Mobile/Singleline_mobile_1/1775060000170_6943_32-015
1775059978722_278_48-010,Single_line/Singleline_Mobile/Singleline_mobile_1/1775059978722_278_48-010
1775060055036_635_06-015,Single_line/Singleline_Mobile/Singleline_mobile_1/1775060055036_635_06-015
1775060072345_3487_12-018,Single_line/Singleline_Mobile/Singleline_mobile_1/1775060072345_3487_12-018
1775059984412_3507_40-012,Single_line/Singleline_Mobile/Singleline_mobile_1/1775059984412_3507_40-012
1775060020603_226_FW-021,Single_line/Singleline_Mobile/Singleline_mobile_1/1775060020603_226_FW-021
1775060076322_6851_41-002,Single_line/Singleline_Mobile/Singleline_mobile_1/1775060076322_6851_41-002
1775060028803_3517_03-006,Single_line/Singleline_Mobile/Singleline_mobile_1/1775060028803_3517_03-006
1775059943572_2761_38-012,Single_line/Singleline_Mobile/Singleline_mobile_1/1775059943572_2761_38-012
1775060064472_8926_L7-005,Single_line/Singleline_Mobile/Singleline_mobile_1/1775060064472_8926_L7-005
1775059942500_3507_47-010,Single_line/Singleline_Mobile/Singleline_mobile_1/1775059942500_3507_47-010
1775059946351_530_33-015,Single_line/Singleline_Mobile/Singleline_mobile_1/1775059946351_530_33-015
1775059981890_3303_13-017,Single_line/Singleline_Mobile/Singleline_mobile_1/1775059981890_3303_13-017
1775059986346_6516_06-010,Single_line/Singleline_Mobile/Singleline_mobile_1/1775059986346_6516_06-010
1775059941601_1535_FW-011,Single_line/Singleline_Mobile/Singleline_mobile_1/1775059941601_1535_FW-011
1775060016985_530_33-009,Single_line/Singleline_Mobile/Singleline_mobile_1/1775060016985_530_33-009
1775060043403_8433_33-002,Single_line/Singleline_Mobile/Singleline_mobile_1/1775060043403_8433_33-002
1775059961742_6627_56-002,Single_line/Singleline_Mobile/Singleline_mobile_1/1775059961742_6627_56-002
1775060046665_3009_44-005,Single_line/Singleline_Mobile/Singleline_mobile_1/1775060046665_3009_44-005
1775059962552_1213_26-028,Single_line/Singleline_Mobile/Singleline_mobile_1/1775059962552_1213_26-028
1775059992308_6667_40-009,Single_line/Singleline_Mobile/Singleline_mobile_1/1775059992308_6667_40-009
1775059948258_6851_41-008,Single_line/Singleline_Mobile/Singleline_mobile_1/1775059948258_6851_41-008
1775060056208_6627_55-007,Single_line/Singleline_Mobile/Singleline_mobile_1/1775060056208_6627_55-007
1775059942059_6833_62-013,Single_line/Singleline_Mobile/Singleline_mobile_1/1775059942059_6833_62-013
1775059954209_6968_02-008,Single_line/Singleline_Mobile/Singleline_mobile_1/1775059954209_6968_02-008
1775060023814_1775_24-003,Single_line/Singleline_Mobile/Singleline_mobile_1/1775060023814_1775_24-003
1775060024037_3507_40-008,Single_line/Singleline_Mobile/Singleline_mobile_1/1775060024037_3507_40-008
1775059975042_1213_26-021,Single_line/Singleline_Mobile/Singleline_mobile_1/1775059975042_1213_26-021
1775060079242_2502_09-011,Single_line/Singleline_Mobile/Singleline_mobile_1/1775060079242_2502_09-011
1775059945065_6547_13-014,Single_line/Singleline_Mobile/Singleline_mobile_1/1775059945065_6547_13-014
1775059981186_8433_34-009,Single_line/Singleline_Mobile/Singleline_mobile_1/1775059981186_8433_34-009
1775060002022_8433_34-005,Single_line/Singleline_Mobile/Singleline_mobile_1/1775060002022_8433_34-005
1775060025860_6547_13-019,Single_line/Singleline_Mobile/Singleline_mobile_1/1775060025860_6547_13-019
1775060036911_1775_24-005,Single_line/Singleline_Mobile/Singleline_mobile_1/1775060036911_1775_24-005
1775059935017_2711_13-022,Single_line/Singleline_Mobile/Singleline_mobile_1/1775059935017_2711_13-022
1775060045634_1525_35-012,Single_line/Singleline_Mobile/Singleline_mobile_1/1775060045634_1525_35-012
1775060011638_3009_44-007,Single_line/Singleline_Mobile/Singleline_mobile_1/1775060011638_3009_44-007
1775059969726_1282_36-009,Single_line/Singleline_Mobile/Singleline_mobile_1/1775059969726_1282_36-009
1775059979422_659_56-031,Single_line/Singleline_Mobile/Singleline_mobile_1/1775059979422_659_56-031
1775060067270_6627_55-005,Single_line/Singleline_Mobile/Singleline_mobile_1/1775060067270_6627_55-005
1775059958393_1957_16-006,Single_line/Singleline_Mobile/Singleline_mobile_1/1775059958393_1957_16-006
1775060028658_4614_15-013,Single_line/Singleline_Mobile/Singleline_mobile_1/1775060028658_4614_15-013
1775060035767_6516_06-006,Single_line/Singleline_Mobile/Singleline_mobile_1/1775060035767_6516_06-006
1775059948524_3204_48-004,Single_line/Singleline_Mobile/Singleline_mobile_1/1775059948524_3204_48-004
1775060074402_3204_49-007,Single_line/Singleline_Mobile/Singleline_mobile_1/1775060074402_3204_49-007
1775059951463_132_49-014,Single_line/Singleline_Mobile/Singleline_mobile_1/1775059951463_132_49-014
1775060008894_3517_03-008,Single_line/Singleline_Mobile/Singleline_mobile_1/1775060008894_3517_03-008
1775060021747_6968_02-002,Single_line/Singleline_Mobile/Singleline_mobile_1/1775060021747_6968_02-002
1775059999820_659_56-033,Single_line/Singleline_Mobile/Singleline_mobile_1/1775059999820_659_56-033
1775059991412_6547_13-020,Single_line/Singleline_Mobile/Singleline_mobile_1/1775059991412_6547_13-020
1775060006427_6547_13-EC2,Single_line/Singleline_Mobile/Singleline_mobile_1/1775060006427_6547_13-EC2
1775059973024_3009_44-009,Single_line/Singleline_Mobile/Singleline_mobile_1/1775059973024_3009_44-009
1775060055499_2314_18-003,Single_line/Singleline_Mobile/Singleline_mobile_1/1775060055499_2314_18-003
1775059948857_635_28-016,Single_line/Singleline_Mobile/Singleline_mobile_1/1775059948857_635_28-016
1775060051456_6968_02-001,Single_line/Singleline_Mobile/Singleline_mobile_1/1775060051456_6968_02-001
1775059935611_3487_44-011,Single_line/Singleline_Mobile/Singleline_mobile_1/1775059935611_3487_44-011
1775059969446_4614_15-019,Single_line/Singleline_Mobile/Singleline_mobile_1/1775059969446_4614_15-019
1775060000075_3004_43-017,Single_line/Singleline_Mobile/Singleline_mobile_1/1775060000075_3004_43-017
1775059943782_904_FW-010,Single_line/Singleline_Mobile/Singleline_mobile_1/1775059943782_904_FW-010
1775060024665_3204_49-001,Single_line/Singleline_Mobile/Singleline_mobile_1/1775060024665_3204_49-001
1775060060577_3487_53-005,Single_line/Singleline_Mobile/Singleline_mobile_1/1775060060577_3487_53-005
1775059958455_2502_09-022,Single_line/Singleline_Mobile/Singleline_mobile_1/1775059958455_2502_09-022
1775060076100_1525_35-013,Single_line/Singleline_Mobile/Singleline_mobile_1/1775060076100_1525_35-013
1775060030354_2502_09-015,Single_line/Singleline_Mobile/Singleline_mobile_1/1775060030354_2502_09-015
1775060057378_6547_13-015,Single_line/Singleline_Mobile/Singleline_mobile_1/1775060057378_6547_13-015
1775059952904_8926_L7-001,Single_line/Singleline_Mobile/Singleline_mobile_1/1775059952904_8926_L7-001
1775060064539_8433_33-006,Single_line/Singleline_Mobile/Singleline_mobile_1/1775060064539_8433_33-006
1775060068987_941_11-EC3,Single_line/Singleline_Mobile/Singleline_mobile_1/1775060068987_941_11-EC3
1775060078513_3507_40-005,Single_line/Singleline_Mobile/Singleline_mobile_1/1775060078513_3507_40-005
1775060053655_6516_06-004,Single_line/Singleline_Mobile/Singleline_mobile_1/1775060053655_6516_06-004
1775060032643_1525_35-014,Single_line/Singleline_Mobile/Singleline_mobile_1/1775060032643_1525_35-014
1775059958517_8433_34-012,Single_line/Singleline_Mobile/Singleline_mobile_1/1775059958517_8433_34-012
1775059942935_3009_44-011,Single_line/Singleline_Mobile/Singleline_mobile_1/1775059942935_3009_44-011
1775059932517_635_28-014,Single_line/Singleline_Mobile/Singleline_mobile_1/1775059932517_635_28-014
1775060078289_2709_15-007,Single_line/Singleline_Mobile/Singleline_mobile_1/1775060078289_2709_15-007
1775060035912_1525_35-019,Single_line/Singleline_Mobile/Singleline_mobile_1/1775060035912_1525_35-019
1775059976716_6516_06-009,Single_line/Singleline_Mobile/Singleline_mobile_1/1775059976716_6516_06-009
1775060021715_635_06-019,Single_line/Singleline_Mobile/Singleline_mobile_1/1775060021715_635_06-019
1775059935455_6647_57-008,Single_line/Singleline_Mobile/Singleline_mobile_1/1775059935455_6647_57-008
1775059996798_6516_06-007,Single_line/Singleline_Mobile/Singleline_mobile_1/1775059996798_6516_06-007
1775059977258_132_49-012,Single_line/Singleline_Mobile/Singleline_mobile_1/1775059977258_132_49-012
1775059945916_1213_26-019,Single_line/Singleline_Mobile/Singleline_mobile_1/1775059945916_1213_26-019
1775060059813_6517_57-020,Single_line/Singleline_Mobile/Singleline_mobile_1/1775060059813_6517_57-020
1775060004438_6667_40-007,Single_line/Singleline_Mobile/Singleline_mobile_1/1775060004438_6667_40-007
1775059939145_4103_48-014,Single_line/Singleline_Mobile/Singleline_mobile_1/1775059939145_4103_48-014
1775060050702_6586_10-002,Single_line/Singleline_Mobile/Singleline_mobile_1/1775060050702_6586_10-002
1775060044095_2812_46-EC2,Single_line/Singleline_Mobile/Singleline_mobile_1/1775060044095_2812_46-EC2
1775060062462_2812_47-EC2,Single_line/Singleline_Mobile/Singleline_mobile_1/1775060062462_2812_47-EC2
1775060013285_6586_10-001,Single_line/Singleline_Mobile/Singleline_mobile_1/1775060013285_6586_10-001
1775060060028_1525_35-010,Single_line/Singleline_Mobile/Singleline_mobile_1/1775060060028_1525_35-010
1775059991694_3507_46-001,Single_line/Singleline_Mobile/Singleline_mobile_1/1775059991694_3507_46-001
1775059975431_3507_46-EC1,Single_line/Singleline_Mobile/Singleline_mobile_1/1775059975431_3507_46-EC1
1775060064203_6516_06-001,Single_line/Singleline_Mobile/Singleline_mobile_1/1775060064203_6516_06-001
1775059999606_635_06-EC2,Single_line/Singleline_Mobile/Singleline_mobile_1/1775059999606_635_06-EC2
1775060061128_6833_63-017,Single_line/Singleline_Mobile/Singleline_mobile_1/1775060061128_6833_63-017
1775060072892_6943_32-009,Single_line/Singleline_Mobile/Singleline_mobile_1/1775060072892_6943_32-009
1775060072546_2314_18-005,Single_line/Singleline_Mobile/Singleline_mobile_1/1775060072546_2314_18-005
1775060015444_4905_02-002,Single_line/Singleline_Mobile/Singleline_mobile_1/1775060015444_4905_02-002
1775059991044_3487_12-012,Single_line/Singleline_Mobile/Singleline_mobile_1/1775059991044_3487_12-012
1775060008678_3507_46-003,Single_line/Singleline_Mobile/Singleline_mobile_1/1775060008678_3507_46-003
1775059982170_4461_07-014,Single_line/Singleline_Mobile/Singleline_mobile_1/1775059982170_4461_07-014
1775060014123_2812_58-EC2,Single_line/Singleline_Mobile/Singleline_mobile_1/1775060014123_2812_58-EC2
1775059972013_6647_58-EC1,Single_line/Singleline_Mobile/Singleline_mobile_1/1775059972013_6647_58-EC1
1775059984006_8465_45-001,Single_line/Singleline_Mobile/Singleline_mobile_1/1775059984006_8465_45-001
1775059975639_226_FW-019,Single_line/Singleline_Mobile/Singleline_mobile_1/1775059975639_226_FW-019
1775060051344_1525_35-017,Single_line/Singleline_Mobile/Singleline_mobile_1/1775060051344_1525_35-017
1775060072786_1525_35-008,Single_line/Singleline_Mobile/Singleline_mobile_1/1775060072786_1525_35-008
1775059965669_8465_45-003,Single_line/Singleline_Mobile/Singleline_mobile_1/1775059965669_8465_45-003
1775059983298_6517_57-018,Single_line/Singleline_Mobile/Singleline_mobile_1/1775059983298_6517_57-018
1775059950982_6516_06-011,Single_line/Singleline_Mobile/Singleline_mobile_1/1775059950982_6516_06-011
1775060077027_6627_55-003,Single_line/Singleline_Mobile/Singleline_mobile_1/1775060077027_6627_55-003
1775060080619_2779_46-004,Single_line/Singleline_Mobile/Singleline_mobile_1/1775060080619_2779_46-004
1775060005840_3487_44-019,Single_line/Singleline_Mobile/Singleline_mobile_1/1775060005840_3487_44-019
1775059974341_3507_40-013,Single_line/Singleline_Mobile/Singleline_mobile_1/1775059974341_3507_40-013
1775060065802_2511_07-005,Single_line/Singleline_Mobile/Singleline_mobile_1/1775060065802_2511_07-005
1775059966152_6667_39-014,Single_line/Singleline_Mobile/Singleline_mobile_1/1775059966152_6667_39-014
1775060045361_6627_55-009,Single_line/Singleline_Mobile/Singleline_mobile_1/1775060045361_6627_55-009
1775059950556_3487_44-013,Single_line/Singleline_Mobile/Singleline_mobile_1/1775059950556_3487_44-013
1775060017957_6516_06-005,Single_line/Singleline_Mobile/Singleline_mobile_1/1775060017957_6516_06-005
1775060075111_6968_02-003,Single_line/Singleline_Mobile/Singleline_mobile_1/1775060075111_6968_02-003
1775059962690_3507_40-014,Single_line/Singleline_Mobile/Singleline_mobile_1/1775059962690_3507_40-014
1775059932681_1213_26-026,Single_line/Singleline_Mobile/Singleline_mobile_1/1775059932681_1213_26-026
1775060028623_8926_L7-003,Single_line/Singleline_Mobile/Singleline_mobile_1/1775060028623_8926_L7-003
1775059971402_3517_03-012,Single_line/Singleline_Mobile/Singleline_mobile_1/1775059971402_3517_03-012
1775060073903_3847_29-005,Single_line/Singleline_Mobile/Singleline_mobile_1/1775060073903_3847_29-005
1775060077675_226_FW-023,Single_line/Singleline_Mobile/Singleline_mobile_1/1775060077675_226_FW-023
1775060028598_2711_12-002,Single_line/Singleline_Mobile/Singleline_mobile_1/1775060028598_2711_12-002
1775060032287_6943_32-013,Single_line/Singleline_Mobile/Singleline_mobile_1/1775060032287_6943_32-013
1775059955337_659_56-029,Single_line/Singleline_Mobile/Singleline_mobile_1/1775059955337_659_56-029
1775059947893_941_10-018,Single_line/Singleline_Mobile/Singleline_mobile_1/1775059947893_941_10-018
1775059949738_419_45-015,Single_line/Singleline_Mobile/Singleline_mobile_1/1775059949738_419_45-015
1775060044437_941_10-010,Single_line/Singleline_Mobile/Singleline_mobile_1/1775060044437_941_10-010
1775060050840_3517_03-004,Single_line/Singleline_Mobile/Singleline_mobile_1/1775060050840_3517_03-004
1775059961528_2761_38-010,Single_line/Singleline_Mobile/Singleline_mobile_1/1775059961528_2761_38-010
1775060027844_3004_43-015,Single_line/Singleline_Mobile/Singleline_mobile_1/1775060027844_3004_43-015
1775059953085_6667_39-012,Single_line/Singleline_Mobile/Singleline_mobile_1/1775059953085_6667_39-012
1775060059290_3204_49-005,Single_line/Singleline_Mobile/Singleline_mobile_1/1775060059290_3204_49-005
1775059943993_659_56-027,Single_line/Singleline_Mobile/Singleline_mobile_1/1775059943993_659_56-027
1775059999845_6647_58-001,Single_line/Singleline_Mobile/Singleline_mobile_1/1775059999845_6647_58-001
1775060011342_278_49-011,Single_line/Singleline_Mobile/Singleline_mobile_1/1775060011342_278_49-011
1775060044136_3204_49-003,Single_line/Singleline_Mobile/Singleline_mobile_1/1775060044136_3204_49-003
1775060079038_471_37-002,Single_line/Singleline_Mobile/Singleline_mobile_1/1775060079038_471_37-002
1775060021268_3487_53-001,Single_line/Singleline_Mobile/Singleline_mobile_1/1775060021268_3487_53-001
1775059975261_941_10-016,Single_line/Singleline_Mobile/Singleline_mobile_1/1775059975261_941_10-016
1775060000153_226_FW-020,Single_line/Singleline_Mobile/Singleline_mobile_1/1775060000153_226_FW-020
1775060032702_4905_02-004,Single_line/Singleline_Mobile/Singleline_mobile_1/1775060032702_4905_02-004
1775060052384_659_57-021,Single_line/Singleline_Mobile/Singleline_mobile_1/1775060052384_659_57-021
1775059938750_2812_61-002,Single_line/Singleline_Mobile/Singleline_mobile_1/1775059938750_2812_61-002
1775060038256_6833_63-019,Single_line/Singleline_Mobile/Singleline_mobile_1/1775060038256_6833_63-019
1775060051631_1775_24-007,Single_line/Singleline_Mobile/Singleline_mobile_1/1775060051631_1775_24-007
1775060042702_6547_13-017,Single_line/Singleline_Mobile/Singleline_mobile_1/1775060042702_6547_13-017
1775060060844_3034_FW-024,Single_line/Singleline_Mobile/Singleline_mobile_1/1775060060844_3034_FW-024
1775059965908_3487_12-010,Single_line/Singleline_Mobile/Singleline_mobile_1/1775059965908_3487_12-010
1775060071362_3517_03-002,Single_line/Singleline_Mobile/Singleline_mobile_1/1775060071362_3517_03-002
1775059956482_1535_E1-004,Single_line/Singleline_Mobile/Singleline_mobile_1/1775059956482_1535_E1-004
1775060013450_8433_34-003,Single_line/Singleline_Mobile/Singleline_mobile_1/1775060013450_8433_34-003
1775059980567_6667_40-011,Single_line/Singleline_Mobile/Singleline_mobile_1/1775059980567_6667_40-011
1775059991648_8433_34-007,Single_line/Singleline_Mobile/Singleline_mobile_1/1775059991648_8433_34-007
1775060062621_2779_46-002,Single_line/Singleline_Mobile/Singleline_mobile_1/1775060062621_2779_46-002
1775059965011_3487_44-015,Single_line/Singleline_Mobile/Singleline_mobile_1/1775059965011_3487_44-015
1775059965482_2812_61-004,Single_line/Singleline_Mobile/Singleline_mobile_1/1775059965482_2812_61-004
1775059972762_3004_43-019,Single_line/Singleline_Mobile/Singleline_mobile_1/1775059972762_3004_43-019
1775060063890_1775_24-009,Single_line/Singleline_Mobile/Singleline_mobile_1/1775060063890_1775_24-009
1775059944756_3507_BW-031,Single_line/Singleline_Mobile/Singleline_mobile_1/1775059944756_3507_BW-031
1775060007916_6516_06-008,Single_line/Singleline_Mobile/Singleline_mobile_1/1775060007916_6516_06-008
1775060063845_1525_35-015,Single_line/Singleline_Mobile/Singleline_mobile_1/1775060063845_1525_35-015
1775060081711_278_49-005,Single_line/Singleline_Mobile/Singleline_mobile_1/1775060081711_278_49-005
1775060025418_4103_48-012,Single_line/Singleline_Mobile/Singleline_mobile_1/1775060025418_4103_48-012
1775059947600_3303_13-016,Single_line/Singleline_Mobile/Singleline_mobile_1/1775059947600_3303_13-016
1775060057495_6667_40-003,Single_line/Singleline_Mobile/Singleline_mobile_1/1775060057495_6667_40-003
1775060010802_6627_55-015,Single_line/Singleline_Mobile/Singleline_mobile_1/1775060010802_6627_55-015
1775059969344_8433_34-011,Single_line/Singleline_Mobile/Singleline_mobile_1/1775059969344_8433_34-011
1775060033847_2314_18-001,Single_line/Singleline_Mobile/Singleline_mobile_1/1775060033847_2314_18-001
1775060062027_659_57-019,Single_line/Singleline_Mobile/Singleline_mobile_1/1775060062027_659_57-019
1775059988101_2812_62-002,Single_line/Singleline_Mobile/Singleline_mobile_1/1775059988101_2812_62-002
1775060055788_2502_09-013,Single_line/Singleline_Mobile/Singleline_mobile_1/1775060055788_2502_09-013
1775059950350_3517_03-014,Single_line/Singleline_Mobile/Singleline_mobile_1/1775059950350_3517_03-014
1775060040112_6667_40-005,Single_line/Singleline_Mobile/Singleline_mobile_1/1775060040112_6667_40-005
1775060048142_3507_40-007,Single_line/Singleline_Mobile/Singleline_mobile_1/1775060048142_3507_40-007
1775059997502_530_33-011,Single_line/Singleline_Mobile/Singleline_mobile_1/1775059997502_530_33-011
1775059934141_1843_69-008,Single_line/Singleline_Mobile/Singleline_mobile_1/1775059934141_1843_69-008
1775059940368_2502_09-020,Single_line/Singleline_Mobile/Singleline_mobile_1/1775059940368_2502_09-020
1775060075429_1775_24-011,Single_line/Singleline_Mobile/Singleline_mobile_1/1775060075429_1775_24-011
1775059971710_6943_BW-022,Single_line/Singleline_Mobile/Singleline_mobile_1/1775059971710_6943_BW-022
1775059947458_8433_34-010,Single_line/Singleline_Mobile/Singleline_mobile_1/1775059947458_8433_34-010
1775060028357_278_49-009,Single_line/Singleline_Mobile/Singleline_mobile_1/1775060028357_278_49-009
1775060042509_3487_53-003,Single_line/Singleline_Mobile/Singleline_mobile_1/1775060042509_3487_53-003
1775060067091_3827_19-014,Single_line/Singleline_Mobile/Singleline_mobile_1/1775060067091_3827_19-014
1775060040335_226_FW-022,Single_line/Singleline_Mobile/Singleline_mobile_1/1775060040335_226_FW-022
1775060071019_6647_58-007,Single_line/Singleline_Mobile/Singleline_mobile_1/1775060071019_6647_58-007
1775059936687_8433_34-008,Single_line/Singleline_Mobile/Singleline_mobile_1/1775059936687_8433_34-008
1775060012456_3507_40-009,Single_line/Singleline_Mobile/Singleline_mobile_1/1775060012456_3507_40-009
1775060075436_659_57-017,Single_line/Singleline_Mobile/Singleline_mobile_1/1775060075436_659_57-017
1775060058653_6851_41-004,Single_line/Singleline_Mobile/Singleline_mobile_1/1775060058653_6851_41-004
1775059958680_6547_13-016,Single_line/Singleline_Mobile/Singleline_mobile_1/1775059958680_6547_13-016
1775060045181_6851_41-006,Single_line/Singleline_Mobile/Singleline_mobile_1/1775060045181_6851_41-006
1775060005863_4461_07-012,Single_line/Singleline_Mobile/Singleline_mobile_1/1775060005863_4461_07-012
1775060072818_6516_06-002,Single_line/Singleline_Mobile/Singleline_mobile_1/1775060072818_6516_06-002
1775060061117_1957_16-008,Single_line/Singleline_Mobile/Singleline_mobile_1/1775060061117_1957_16-008
1775059945962_6627_56-004,Single_line/Singleline_Mobile/Singleline_mobile_1/1775059945962_6627_56-004
1775059949855_278_48-006,Single_line/Singleline_Mobile/Singleline_mobile_1/1775059949855_278_48-006
1775060053170_4905_02-006,Single_line/Singleline_Mobile/Singleline_mobile_1/1775060053170_4905_02-006
1775060042199_6517_57-019,Single_line/Singleline_Mobile/Singleline_mobile_1/1775060042199_6517_57-019
1775060038497_2761_38-002,Single_line/Singleline_Mobile/Singleline_mobile_1/1775060038497_2761_38-002
1775060011731_2502_09-017,Single_line/Singleline_Mobile/Singleline_mobile_1/1775060011731_2502_09-017
1775060018126_2761_38-004,Single_line/Singleline_Mobile/Singleline_mobile_1/1775060018126_2761_38-004
1775060119199_3507_46-011,Single_line/Singleline_mobile_2/1775060119199_3507_46-011
1775060168150_6963_55-004,Single_line/Singleline_mobile_2/1775060168150_6963_55-004
1775060166547_6586_10-004,Single_line/Singleline_mobile_2/1775060166547_6586_10-004
1775060111456_2711_12-010,Single_line/Singleline_mobile_2/1775060111456_2711_12-010
1775060102403_2709_15-009,Single_line/Singleline_mobile_2/1775060102403_2709_15-009
1775060095905_3487_53-009,Single_line/Singleline_mobile_2/1775060095905_3487_53-009
1775060160758_662_16-011,Single_line/Singleline_mobile_2/1775060160758_662_16-011
1775060152031_3117_50-003,Single_line/Singleline_mobile_2/1775060152031_3117_50-003
1775060133785_659_57-007,Single_line/Singleline_mobile_2/1775060133785_659_57-007
1775060134999_6833_63-009,Single_line/Singleline_mobile_2/1775060134999_6833_63-009
1775060120185_3507_40-004,Single_line/Singleline_mobile_2/1775060120185_3507_40-004
1775060123078_2314_18-011,Single_line/Singleline_mobile_2/1775060123078_2314_18-011
1775060138110_3507_40-002,Single_line/Singleline_mobile_2/1775060138110_3507_40-002
1775060186652_1055_34-016,Single_line/Singleline_mobile_2/1775060186652_1055_34-016
1775060188831_2812_53-002,Single_line/Singleline_mobile_2/1775060188831_2812_53-002
1775060104339_6667_41-002,Single_line/Singleline_mobile_2/1775060104339_6667_41-002
1775060087777_8433_33-010,Single_line/Singleline_mobile_2/1775060087777_8433_33-010
1775060152783_3487_12-021,Single_line/Singleline_mobile_2/1775060152783_3487_12-021
1775060122869_662_16-016,Single_line/Singleline_mobile_2/1775060122869_662_16-016
1775060105591_1525_35-011,Single_line/Singleline_mobile_2/1775060105591_1525_35-011
1775060088292_659_57-015,Single_line/Singleline_mobile_2/1775060088292_659_57-015
1775060096288_2779_46-006,Single_line/Singleline_mobile_2/1775060096288_2779_46-006
1775060118561_6667_BW-021,Single_line/Singleline_mobile_2/1775060118561_6667_BW-021
1775060133155_6943_32-001,Single_line/Singleline_mobile_2/1775060133155_6943_32-001
1775060158834_2709_15-014,Single_line/Singleline_mobile_2/1775060158834_2709_15-014
1775060084918_6627_55-001,Single_line/Singleline_mobile_2/1775060084918_6627_55-001
1775060140535_635_06-005,Single_line/Singleline_mobile_2/1775060140535_635_06-005
1775060126193_3117_50-001,Single_line/Singleline_mobile_2/1775060126193_3117_50-001
1775060194921_4103_48-002,Single_line/Singleline_mobile_2/1775060194921_4103_48-002
1775060163408_2711_12-014,Single_line/Singleline_mobile_2/1775060163408_2711_12-014
1775060113888_6516_07-003,Single_line/Singleline_mobile_2/1775060113888_6516_07-003
1775060114888_2709_15-011,Single_line/Singleline_mobile_2/1775060114888_2709_15-011
1775060172964_3507_41-003,Single_line/Singleline_mobile_2/1775060172964_3507_41-003
1775060180728_941_11-011,Single_line/Singleline_mobile_2/1775060180728_941_11-011
1775060166494_471_37-014,Single_line/Singleline_mobile_2/1775060166494_471_37-014
1775060174370_6943_33-004,Single_line/Singleline_mobile_2/1775060174370_6943_33-004
1775060197593_278_49-008,Single_line/Singleline_mobile_2/1775060197593_278_49-008
1775060162027_947_13-001,Single_line/Singleline_mobile_2/1775060162027_947_13-001
1775060113243_4103_48-008,Single_line/Singleline_mobile_2/1775060113243_4103_48-008
1775060133929_8433_33-007,Single_line/Singleline_mobile_2/1775060133929_8433_33-007
1775060112647_8433_33-011,Single_line/Singleline_mobile_2/1775060112647_8433_33-011
1775060083198_530_33-007,Single_line/Singleline_mobile_2/1775060083198_530_33-007
1775060093995_6627_55-002,Single_line/Singleline_mobile_2/1775060093995_6627_55-002
1775060171157_659_57-001,Single_line/Singleline_mobile_2/1775060171157_659_57-001
1775060099311_6968_02-005,Single_line/Singleline_mobile_2/1775060099311_6968_02-005
1775060167661_3117_09-011,Single_line/Singleline_mobile_2/1775060167661_3117_09-011
1775060166036_4103_48-004,Single_line/Singleline_mobile_2/1775060166036_4103_48-004
1775060194931_3301_14-009,Single_line/Singleline_mobile_2/1775060194931_3301_14-009
1775060156201_226_40-EC1,Single_line/Singleline_mobile_2/1775060156201_226_40-EC1
1775060180726_3487_12-019,Single_line/Singleline_mobile_2/1775060180726_3487_12-019
1775060129022_3507_40-001,Single_line/Singleline_mobile_2/1775060129022_3507_40-001
1775060128241_3487_12-022,Single_line/Singleline_mobile_2/1775060128241_3487_12-022
1775060100322_1055_34-009,Single_line/Singleline_mobile_2/1775060100322_1055_34-009
1775060174127_1055_34-018,Single_line/Singleline_mobile_2/1775060174127_1055_34-018
1775060175948_6651_15-002,Single_line/Singleline_mobile_2/1775060175948_6651_15-002
1775060081931_3004_43-011,Single_line/Singleline_mobile_2/1775060081931_3004_43-011
1775060112045_6627_55-006,Single_line/Singleline_mobile_2/1775060112045_6627_55-006
1775060175246_6627_55-018,Single_line/Singleline_mobile_2/1775060175246_6627_55-018
1775060099654_2812_49-EC2,Single_line/Singleline_mobile_2/1775060099654_2812_49-EC2
1775060163573_3009_44-002,Single_line/Singleline_mobile_2/1775060163573_3009_44-002
1775060082066_2812_48-EC2,Single_line/Singleline_mobile_2/1775060082066_2812_48-EC2
1775060148627_1525_35-005,Single_line/Singleline_mobile_2/1775060148627_1525_35-005
1775060139487_3517_03-005,Single_line/Singleline_mobile_2/1775060139487_3517_03-005
1775060109491_364_33-001,Single_line/Singleline_mobile_2/1775060109491_364_33-001
1775060088794_6943_32-007,Single_line/Singleline_mobile_2/1775060088794_6943_32-007
1775060110365_3507_40-003,Single_line/Singleline_mobile_2/1775060110365_3507_40-003
1775060195623_6547_13-009,Single_line/Singleline_mobile_2/1775060195623_6547_13-009
1775060140179_6627_55-012,Single_line/Singleline_mobile_2/1775060140179_6627_55-012
1775060174626_2709_15-016,Single_line/Singleline_mobile_2/1775060174626_2709_15-016
1775060173680_6667_BW-023,Single_line/Singleline_mobile_2/1775060173680_6667_BW-023
1775060141194_3117_09-013,Single_line/Singleline_mobile_2/1775060141194_3117_09-013
1775060174381_3117_50-005,Single_line/Singleline_mobile_2/1775060174381_3117_50-005
1775060118600_3517_03-003,Single_line/Singleline_mobile_2/1775060118600_3517_03-003
1775060191834_2314_19-016,Single_line/Singleline_mobile_2/1775060191834_2314_19-016
1775060089591_3507_40-007,Single_line/Singleline_mobile_2/1775060089591_3507_40-007
1775060145636_278_49-004,Single_line/Singleline_mobile_2/1775060145636_278_49-004
1775060154828_3507_41-001,Single_line/Singleline_mobile_2/1775060154828_3507_41-001
1775060102716_6943_32-005,Single_line/Singleline_mobile_2/1775060102716_6943_32-005
1775060176879_364_33-008,Single_line/Singleline_mobile_2/1775060176879_364_33-008
1775060128259_1055_38-003,Single_line/Singleline_mobile_2/1775060128259_1055_38-003
1775060113219_3009_44-001,Single_line/Singleline_mobile_2/1775060113219_3009_44-001
1775060099003_3487_12-020,Single_line/Singleline_mobile_2/1775060099003_3487_12-020
1775060096080_2502_09-009,Single_line/Singleline_mobile_2/1775060096080_2502_09-009
1775060184772_4006_15-010,Single_line/Singleline_mobile_2/1775060184772_4006_15-010
1775060127907_6968_02-007,Single_line/Singleline_mobile_2/1775060127907_6968_02-007
1775060088495_6516_07-002,Single_line/Singleline_mobile_2/1775060088495_6516_07-002
1775060182719_6516_07-010,Single_line/Singleline_mobile_2/1775060182719_6516_07-010
1775060162503_2502_09-003,Single_line/Singleline_mobile_2/1775060162503_2502_09-003
1775060178946_3301_14-007,Single_line/Singleline_mobile_2/1775060178946_3301_14-007
1775060086889_3311_41-007,Single_line/Singleline_mobile_2/1775060086889_3311_41-007
1775060105268_471_37-006,Single_line/Singleline_mobile_2/1775060105268_471_37-006
1775060121338_471_37-008,Single_line/Singleline_mobile_2/1775060121338_471_37-008
1775060158094_941_11-009,Single_line/Singleline_mobile_2/1775060158094_941_11-009
1775060158726_635_06-003,Single_line/Singleline_mobile_2/1775060158726_635_06-003
1775060100822_3507_40-006,Single_line/Singleline_mobile_2/1775060100822_3507_40-006
1775060091745_6667_27-007,Single_line/Singleline_mobile_2/1775060091745_6667_27-007
1775060099121_8433_33-012,Single_line/Singleline_mobile_2/1775060099121_8433_33-012
1775060163139_6516_07-008,Single_line/Singleline_mobile_2/1775060163139_6516_07-008
1775060182341_720_30-012,Single_line/Singleline_mobile_2/1775060182341_720_30-012
1775060178586_471_37-016,Single_line/Singleline_mobile_2/1775060178586_471_37-016
1775060181096_6963_55-006,Single_line/Singleline_mobile_2/1775060181096_6963_55-006
1775060179261_2314_19-009,Single_line/Singleline_mobile_2/1775060179261_2314_19-009
1775060123438_8433_33-009,Single_line/Singleline_mobile_2/1775060123438_8433_33-009
1775060183575_3009_44-004,Single_line/Singleline_mobile_2/1775060183575_3009_44-004
1775060099181_1775_Z8-146,Single_line/Singleline_mobile_2/1775060099181_1775_Z8-146
1775060109609_659_57-011,Single_line/Singleline_mobile_2/1775060109609_659_57-011
1775060128114_2502_09-005,Single_line/Singleline_mobile_2/1775060128114_2502_09-005
1775060115135_8926_17-010,Single_line/Singleline_mobile_2/1775060115135_8926_17-010
1775060187478_364_33-007,Single_line/Singleline_mobile_2/1775060187478_364_33-007
1775060105787_2314_18-009,Single_line/Singleline_mobile_2/1775060105787_2314_18-009
1775060144734_6637_16-015,Single_line/Singleline_mobile_2/1775060144734_6637_16-015
1775060158909_8433_33-003,Single_line/Singleline_mobile_2/1775060158909_8433_33-003
1775060150164_1055_34-022,Single_line/Singleline_mobile_2/1775060150164_1055_34-022
1775060163034_6667_BW-022,Single_line/Singleline_mobile_2/1775060163034_6667_BW-022
1775060107894_278_49-001,Single_line/Singleline_mobile_2/1775060107894_278_49-001
1775060083107_6833_63-015,Single_line/Singleline_mobile_2/1775060083107_6833_63-015
1775060149355_3487_53-011,Single_line/Singleline_mobile_2/1775060149355_3487_53-011
1775060150960_471_37-012,Single_line/Singleline_mobile_2/1775060150960_471_37-012
1775060158108_4614_15-003,Single_line/Singleline_mobile_2/1775060158108_4614_15-003
1775060171655_6516_07-007,Single_line/Singleline_mobile_2/1775060171655_6516_07-007
1775060129605_2779_46-010,Single_line/Singleline_mobile_2/1775060129605_2779_46-010
1775060168358_8433_33-001,Single_line/Singleline_mobile_2/1775060168358_8433_33-001
1775060086095_2511_07-010,Single_line/Singleline_mobile_2/1775060086095_2511_07-010
1775060139749_6586_10-003,Single_line/Singleline_mobile_2/1775060139749_6586_10-003
1775060193586_2779_46-001,Single_line/Singleline_mobile_2/1775060193586_2779_46-001
1775060146314_6651_15-005,Single_line/Singleline_mobile_2/1775060146314_6651_15-005
1775060186642_2709_15-018,Single_line/Singleline_mobile_2/1775060186642_2709_15-018
1775060150014_364_33-006,Single_line/Singleline_mobile_2/1775060150014_364_33-006
1775060120497_4158_42-024,Single_line/Singleline_mobile_2/1775060120497_4158_42-024
1775060104256_1241_45-010,Single_line/Singleline_mobile_2/1775060104256_1241_45-010
1775060157003_6651_15-003,Single_line/Singleline_mobile_2/1775060157003_6651_15-003
1775060098705_659_57-013,Single_line/Singleline_mobile_2/1775060098705_659_57-013
1775060177849_635_06-001,Single_line/Singleline_mobile_2/1775060177849_635_06-001
1775060098775_6833_63-013,Single_line/Singleline_mobile_2/1775060098775_6833_63-013
1775060125066_1775_24-019,Single_line/Singleline_mobile_2/1775060125066_1775_24-019
1775060099939_3507_46-009,Single_line/Singleline_mobile_2/1775060099939_3507_46-009
1775060115414_6833_63-011,Single_line/Singleline_mobile_2/1775060115414_6833_63-011
1775060152937_3004_43-007,Single_line/Singleline_mobile_2/1775060152937_3004_43-007
1775060191207_6968_02-011,Single_line/Singleline_mobile_2/1775060191207_6968_02-011
1775060194063_6651_15-006,Single_line/Singleline_mobile_2/1775060194063_6651_15-006
1775060195654_4461_07-004,Single_line/Singleline_mobile_2/1775060195654_4461_07-004
1775060141118_4614_15-005,Single_line/Singleline_mobile_2/1775060141118_4614_15-005
1775060120697_4614_15-007,Single_line/Singleline_mobile_2/1775060120697_4614_15-007
1775060094953_278_49-003,Single_line/Singleline_mobile_2/1775060094953_278_49-003
1775060197492_3517_03-011,Single_line/Singleline_mobile_2/1775060197492_3517_03-011
1775060178373_419_45-015,Single_line/Singleline_mobile_2/1775060178373_419_45-015
1775060089377_3204_49-009,Single_line/Singleline_mobile_2/1775060089377_3204_49-009
1775060102231_3204_49-011,Single_line/Singleline_mobile_2/1775060102231_3204_49-011
1775060158162_3517_03-007,Single_line/Singleline_mobile_2/1775060158162_3517_03-007
1775060102938_6627_55-004,Single_line/Singleline_mobile_2/1775060102938_6627_55-004
1775060087104_1775_24-013,Single_line/Singleline_mobile_2/1775060087104_1775_24-013
1775060143134_2709_15-012,Single_line/Singleline_mobile_2/1775060143134_2709_15-012
1775060093328_6547_13-011,Single_line/Singleline_mobile_2/1775060093328_6547_13-011
1775060136088_1525_35-007,Single_line/Singleline_mobile_2/1775060136088_1525_35-007
1775060092658_3009_44-003,Single_line/Singleline_mobile_2/1775060092658_3009_44-003
1775060181023_2711_12-016,Single_line/Singleline_mobile_2/1775060181023_2711_12-016
1775060084042_6667_40-EC1,Single_line/Singleline_mobile_2/1775060084042_6667_40-EC1
1775060087571_662_16-018,Single_line/Singleline_mobile_2/1775060087571_662_16-018
1775060138924_364_33-003,Single_line/Singleline_mobile_2/1775060138924_364_33-003
1775060122999_635_06-007,Single_line/Singleline_mobile_2/1775060122999_635_06-007
1775060144291_2314_18-013,Single_line/Singleline_mobile_2/1775060144291_2314_18-013
1775060135898_1525_35-006,Single_line/Singleline_mobile_2/1775060135898_1525_35-006
1775060089450_2314_18-007,Single_line/Singleline_mobile_2/1775060089450_2314_18-007
1775060134860_2812_50-EC2,Single_line/Singleline_mobile_2/1775060134860_2812_50-EC2
1775060130826_2711_12-012,Single_line/Singleline_mobile_2/1775060130826_2711_12-012
1775060152000_4740_51-008,Single_line/Singleline_mobile_2/1775060152000_4740_51-008
1775060126420_6516_07-006,Single_line/Singleline_mobile_2/1775060126420_6516_07-006
1775060142270_4740_51-006,Single_line/Singleline_mobile_2/1775060142270_4740_51-006
1775060160187_4006_15-012,Single_line/Singleline_mobile_2/1775060160187_4006_15-012
1775060164049_2314_19-011,Single_line/Singleline_mobile_2/1775060164049_2314_19-011
1775060179854_8465_45-012,Single_line/Singleline_mobile_2/1775060179854_8465_45-012
1775060113518_2779_46-008,Single_line/Singleline_mobile_2/1775060113518_2779_46-008
1775060179835_4614_15-001,Single_line/Singleline_mobile_2/1775060179835_4614_15-001
1775060134681_471_37-010,Single_line/Singleline_mobile_2/1775060134681_471_37-010
1775060160066_6968_02-009,Single_line/Singleline_mobile_2/1775060160066_6968_02-009
1775060111200_2502_09-007,Single_line/Singleline_mobile_2/1775060111200_2502_09-007
1775060163317_3507_41-002,Single_line/Singleline_mobile_2/1775060163317_3507_41-002
1775060087897_1055_34-007,Single_line/Singleline_mobile_2/1775060087897_1055_34-007
1775060112951_1775_24-017,Single_line/Singleline_mobile_2/1775060112951_1775_24-017
1775060145431_3303_13-010,Single_line/Singleline_mobile_2/1775060145431_3303_13-010
1775060146714_659_57-005,Single_line/Singleline_mobile_2/1775060146714_659_57-005
1775060160572_364_33-005,Single_line/Singleline_mobile_2/1775060160572_364_33-005
1775060185132_662_16-013,Single_line/Singleline_mobile_2/1775060185132_662_16-013
1775060096447_4905_02-007,Single_line/Singleline_mobile_2/1775060096447_4905_02-007
1775060129376_1957_16-010,Single_line/Singleline_mobile_2/1775060129376_1957_16-010
1775060116600_6943_32-003,Single_line/Singleline_mobile_2/1775060116600_6943_32-003
1775060143985_1055_38-006,Single_line/Singleline_mobile_2/1775060143985_1055_38-006
1775060137116_6516_07-005,Single_line/Singleline_mobile_2/1775060137116_6516_07-005
1775060192818_3487_53-017,Single_line/Singleline_mobile_2/1775060192818_3487_53-017
1775060088548_635_06-011,Single_line/Singleline_mobile_2/1775060088548_635_06-011
1775060146471_8433_33-005,Single_line/Singleline_mobile_2/1775060146471_8433_33-005
1775060166055_6651_15-001,Single_line/Singleline_mobile_2/1775060166055_6651_15-001
1775060174177_3517_03-009,Single_line/Singleline_mobile_2/1775060174177_3517_03-009
1775060158372_6943_33-SC2,Single_line/Singleline_mobile_2/1775060158372_6943_33-SC2
1775060185764_6627_55-020,Single_line/Singleline_mobile_2/1775060185764_6627_55-020
1775060188633_3117_50-007,Single_line/Singleline_mobile_2/1775060188633_3117_50-007
1775060191844_226_42-001,Single_line/Singleline_mobile_2/1775060191844_226_42-001
1775060158129_659_57-003,Single_line/Singleline_mobile_2/1775060158129_659_57-003
1775060122772_1525_35-009,Single_line/Singleline_mobile_2/1775060122772_1525_35-009
1775060144162_2779_46-012,Single_line/Singleline_mobile_2/1775060144162_2779_46-012
1775060091742_2711_12-008,Single_line/Singleline_mobile_2/1775060091742_2711_12-008