region_key,image,json_file,shape_idx,label,expected_sku,review_status,scorability,reviewer,notes,bbox_x1,bbox_y1,bbox_x2,bbox_y2,crop_path,overlay_path,crop_exists,ocr_crop_suggestion,rotation_ocr_suggestions,verified,sku_digit_class
1770339044281_0244_1026_07-019.jpg|Pallet_SKU|2407|935|2733|1013,1770339044281_0244_1026_07-019.jpg,1770339044281_0244_1026_07-019.json,0,Pallet_SKU,1004815592,scorable,scorable,,,2407,935,2733,1013,research_outputs/golden_dataset_local_tests/crops/1770339044281_0244_1026_07-019/000_Pallet_SKU_2407_935_2733_1013.jpg,research_outputs/golden_dataset_local_tests/label_overlays_expected_sku/1770339044281_0244_1026_07-019_labels.jpg,yes,1004815592,-10.0:1004815592|-5.0:1004815592|0.0:1004815592|5.0:1004815592|10.0:1004815592|180.0:1004815592,yes,
1770339044281_0244_1026_07-019.jpg|Pallet_SKU|3516|867|3794|941,1770339044281_0244_1026_07-019.jpg,1770339044281_0244_1026_07-019.json,3,Pallet_SKU,1000035351,scorable,scorable,,,3516,867,3794,941,research_outputs/golden_dataset_local_tests/crops/1770339044281_0244_1026_07-019/003_Pallet_SKU_3516_867_3794_941.jpg,research_outputs/golden_dataset_local_tests/label_overlays_expected_sku/1770339044281_0244_1026_07-019_labels.jpg,yes,1000035351,-10.0:1000035351|-5.0:1000035351|0.0:1000035351|5.0:1000035351|10.0:1000035351|180.0:1000035351,yes,
1770339044281_0244_1026_07-019.jpg|Pallet_SKU|2226|1852|2564|1954,1770339044281_0244_1026_07-019.jpg,1770339044281_0244_1026_07-019.json,4,Pallet_SKU,1001294717,reviewed,scorable,,,2226,1852,2564,1954,research_outputs/golden_dataset_local_tests/crops/1770339044281_0244_1026_07-019/004_Pallet_SKU_2226_1852_2564_1954.jpg,research_outputs/golden_dataset_local_tests/label_overlays_expected_sku/1770339044281_0244_1026_07-019_labels.jpg,yes,1001294717,-10.0:1001294717|-5.0:1001294717|0.0:1001294717|5.0:1001294717|10.0:1001294717|180.0:1001294717,,
1770339044281_0244_1026_07-019.jpg|Pallet_SKU|3770|1823|4082|1912,1770339044281_0244_1026_07-019.jpg,1770339044281_0244_1026_07-019.json,6,Pallet_SKU,1004815592,reviewed,scorable,,,3770,1823,4082,1912,research_outputs/golden_dataset_local_tests/crops/1770339044281_0244_1026_07-019/006_Pallet_SKU_3770_1823_4082_1912.jpg,research_outputs/golden_dataset_local_tests/label_overlays_expected_sku/1770339044281_0244_1026_07-019_labels.jpg,yes,1004815592,-10.0:1004815592|-5.0:1004815592|0.0:1004815592|5.0:1004815592|10.0:1004815592|180.0:1004815592,,
1770339044281_0244_1026_07-019.jpg|Other_SKU|2182|1611|2361|1659,1770339044281_0244_1026_07-019.jpg,1770339044281_0244_1026_07-019.json,8,Other_SKU,1001294717,reviewed,scorable,,,2182,1611,2361,1659,research_outputs/golden_dataset_local_tests/crops/1770339044281_0244_1026_07-019/008_Other_SKU_2182_1611_2361_1659.jpg,research_outputs/golden_dataset_local_tests/label_overlays_expected_sku/1770339044281_0244_1026_07-019_labels.jpg,yes,1001294717,-10.0:1001294717|-5.0:1001294717|0.0:1001294717|5.0:1001294717|10.0:1001294717|180.0:1001294717,,
1770339044281_0244_1031_07-020.jpg|RDC_SKU|330|1904|608|2010,1770339044281_0244_1031_07-020.jpg,1770339044281_0244_1031_07-020.json,0,RDC_SKU,1010234413,reviewed,scorable,,Marked unreadable,330,1904,608,2010,research_outputs/golden_dataset_local_tests/crops/1770339044281_0244_1031_07-020/000_RDC_SKU_330_1904_608_2010.jpg,research_outputs/golden_dataset_local_tests/label_overlays_expected_sku/1770339044281_0244_1031_07-020_labels.jpg,yes,1006945675,-10.0:1005945675|-5.0:1006845673|0.0:1005945575|5.0:1005445575|10.0:1005945575|180.0:1006945575,,
1770339044281_0244_1031_07-020.jpg|RDC_SKU|2383|1804|2650|1894,1770339044281_0244_1031_07-020.jpg,1770339044281_0244_1031_07-020.json,5,RDC_SKU,1002883543,reviewed,scorable,,Blurry,2383,1804,2650,1894,research_outputs/golden_dataset_local_tests/crops/1770339044281_0244_1031_07-020/005_RDC_SKU_2383_1804_2650_1894.jpg,research_outputs/golden_dataset_local_tests/label_overlays_expected_sku/1770339044281_0244_1031_07-020_labels.jpg,yes,1002883543,-10.0:1002883543|-5.0:1002883543|0.0:1002883543|5.0:1002883543|10.0:1002883543|180.0:1002883543,,
1770339044281_0244_1031_07-020.jpg|Handwritte_SKU|2800|155|3160|287,1770339044281_0244_1031_07-020.jpg,1770339044281_0244_1031_07-020.json,11,Handwritte_SKU,N/A,not_applicable,non-scorable,,Number is blocked off and crop is blurry,2800,155,3160,287,research_outputs/golden_dataset_local_tests/crops/1770339044281_0244_1031_07-020/011_Handwritte_SKU_2800_155_3160_287.jpg,research_outputs/golden_dataset_local_tests/label_overlays_expected_sku/1770339044281_0244_1031_07-020_labels.jpg,yes,,,,
1770339044281_0244_1031_07-020.jpg|Handwritte_SKU|2791|60|3140|167,1770339044281_0244_1031_07-020.jpg,1770339044281_0244_1031_07-020.json,13,Handwritte_SKU,N/A,not_applicable,non-scorable,,Crop is blurry,2791,60,3140,167,research_outputs/golden_dataset_local_tests/crops/1770339044281_0244_1031_07-020/013_Handwritte_SKU_2791_60_3140_167.jpg,research_outputs/golden_dataset_local_tests/label_overlays_expected_sku/1770339044281_0244_1031_07-020_labels.jpg,yes,,,,
1770339044281_0244_1031_07-020.jpg|RDC_SKU|5021|3395|5203|3479,1770339044281_0244_1031_07-020.jpg,1770339044281_0244_1031_07-020.json,18,RDC_SKU,N/A,not_applicable,non-scorable,,Crop is blurry,5021,3395,5203,3479,research_outputs/golden_dataset_local_tests/crops/1770339044281_0244_1031_07-020/018_RDC_SKU_5021_3395_5203_3479.jpg,research_outputs/golden_dataset_local_tests/label_overlays_expected_sku/1770339044281_0244_1031_07-020_labels.jpg,yes,1014307822,0.0:1014307822|180.0:1014307822,,
1770339044281_0244_1031_07-020.jpg|RDC_SKU|4998|3210|5179|3303,1770339044281_0244_1031_07-020.jpg,1770339044281_0244_1031_07-020.json,69,RDC_SKU,N/A,not_applicable,non-scorable,,Completely Blurry,4998,3210,5179,3303,research_outputs/golden_dataset_local_tests/crops/1770339044281_0244_1031_07-020/069_RDC_SKU_4998_3210_5179_3303.jpg,research_outputs/golden_dataset_local_tests/label_overlays_expected_sku/1770339044281_0244_1031_07-020_labels.jpg,yes,,,,
1770339044281_0244_1031_07-020.jpg|RDC_SKU|5000|3069|5169|3126,1770339044281_0244_1031_07-020.jpg,1770339044281_0244_1031_07-020.json,95,RDC_SKU,N/A,not_applicable,non-scorable,,Image is blurry and unreadable,5000,3069,5169,3126,research_outputs/golden_dataset_local_tests/crops/1770339044281_0244_1031_07-020/095_RDC_SKU_5000_3069_5169_3126.jpg,research_outputs/golden_dataset_local_tests/label_overlays_expected_sku/1770339044281_0244_1031_07-020_labels.jpg,yes,,,,
1770339044281_0244_1066_07-017.jpg|Other_SKU|1886|232|2010|298,1770339044281_0244_1066_07-017.jpg,1770339044281_0244_1066_07-017.json,0,Other_SKU,N/A,not_applicable,non-scorable,,Numbers are cut off and blurry,1886,232,2010,298,research_outputs/golden_dataset_local_tests/crops/1770339044281_0244_1066_07-017/000_Other_SKU_1886_232_2010_298.jpg,research_outputs/golden_dataset_local_tests/label_overlays_expected_sku/1770339044281_0244_1066_07-017_labels.jpg,yes,1070934413,-10.0:1070934413|-5.0:1010934413|0.0:1010934413|5.0:1070234413|10.0:1010934413|180.0:1010934413,,
1770339044281_0244_1066_07-017.jpg|Pallet_SKU|2383|177|2643|290,1770339044281_0244_1066_07-017.jpg,1770339044281_0244_1066_07-017.json,2,Pallet_SKU,1010234413,reviewed,scorable,,,2383,177,2643,290,research_outputs/golden_dataset_local_tests/crops/1770339044281_0244_1066_07-017/002_Pallet_SKU_2383_177_2643_290.jpg,research_outputs/golden_dataset_local_tests/label_overlays_expected_sku/1770339044281_0244_1066_07-017_labels.jpg,yes,1010234413,-10.0:1010234413|-5.0:1010234413|0.0:1010234413|5.0:1010234413|10.0:1010234413|180.0:1010234413,,
1770339044281_0244_1066_07-017.jpg|Pallet_SKU|2930|826|3261|920,1770339044281_0244_1066_07-017.jpg,1770339044281_0244_1066_07-017.json,4,Pallet_SKU,1010234638,reviewed,scorable,,,2930,826,3261,920,research_outputs/golden_dataset_local_tests/crops/1770339044281_0244_1066_07-017/004_Pallet_SKU_2930_826_3261_920.jpg,research_outputs/golden_dataset_local_tests/label_overlays_expected_sku/1770339044281_0244_1066_07-017_labels.jpg,yes,1010234638,-10.0:1010234638|-5.0:1010234638|0.0:1010234638|5.0:1010234638|10.0:1010234638|180.0:1010234638,,
1770339044281_0244_1066_07-017.jpg|Pallet_SKU|4033|1672|4423|1816,1770339044281_0244_1066_07-017.jpg,1770339044281_0244_1066_07-017.json,6,Pallet_SKU,1010234413,reviewed,scorable,,,4033,1672,4423,1816,research_outputs/golden_dataset_local_tests/crops/1770339044281_0244_1066_07-017/006_Pallet_SKU_4033_1672_4423_1816.jpg,research_outputs/golden_dataset_local_tests/label_overlays_expected_sku/1770339044281_0244_1066_07-017_labels.jpg,yes,1010234413,-10.0:1010234413|-5.0:1010234413|0.0:1010234413|5.0:1010234413|10.0:1010234413|180.0:1010234413,,
1770339044281_0244_1066_07-017.jpg|Pallet_SKU|2111|1938|2382|2027,1770339044281_0244_1066_07-017.jpg,1770339044281_0244_1066_07-017.json,8,Pallet_SKU,1002076139,reviewed,scorable,,,2111,1938,2382,2027,research_outputs/golden_dataset_local_tests/crops/1770339044281_0244_1066_07-017/008_Pallet_SKU_2111_1938_2382_2027.jpg,research_outputs/golden_dataset_local_tests/label_overlays_expected_sku/1770339044281_0244_1066_07-017_labels.jpg,yes,1002076139,-10.0:1002076139|-5.0:1002076139|0.0:1002076139|5.0:1002076139|10.0:1002076139|180.0:1002076139,,
1770339044281_0244_1066_07-017.jpg|Pallet_SKU|2356|921|2645|1030,1770339044281_0244_1066_07-017.jpg,1770339044281_0244_1066_07-017.json,10,Pallet_SKU,1006712134,reviewed,scorable,,,2356,921,2645,1030,research_outputs/golden_dataset_local_tests/crops/1770339044281_0244_1066_07-017/010_Pallet_SKU_2356_921_2645_1030.jpg,research_outputs/golden_dataset_local_tests/label_overlays_expected_sku/1770339044281_0244_1066_07-017_labels.jpg,yes,1006712134,-10.0:1006712134|-5.0:1006712134|0.0:1006712134|5.0:1006712134|10.0:1006712134|180.0:1006712134,,
1770339044281_0244_1095_07-016.jpg|Printed_on_Box_SKU|2286|3275|2507|3349,1770339044281_0244_1095_07-016.jpg,1770339044281_0244_1095_07-016.json,34,Printed_on_Box_SKU,N/A,not_applicable,non-scorable,,"Image is blurry, had objects that impede view of SKU",2286,3275,2507,3349,research_outputs/golden_dataset_local_tests/crops/1770339044281_0244_1095_07-016/034_Printed_on_Box_SKU_2286_3275_2507_3349.jpg,research_outputs/golden_dataset_local_tests/label_overlays_expected_sku/1770339044281_0244_1095_07-016_labels.jpg,yes,124430,-10.0:124430|-5.0:124430|0.0:124430|5.0:124430|10.0:124430|180.0:124430,,
1770339044281_0244_1095_07-016.jpg|Printed_on_Box_SKU|3446|0|4263|96,1770339044281_0244_1095_07-016.jpg,1770339044281_0244_1095_07-016.json,36,Printed_on_Box_SKU,1001235985,reviewed_ocr_assisted,scorable,,Accepted OCR suggestion,3446,0,4263,96,research_outputs/golden_dataset_local_tests/crops/1770339044281_0244_1095_07-016/036_Printed_on_Box_SKU_3446_0_4263_96.jpg,research_outputs/golden_dataset_local_tests/label_overlays_expected_sku/1770339044281_0244_1095_07-016_labels.jpg,yes,1001235985,-10.0:1001235985|-5.0:1001235985|0.0:1001235985|5.0:1001235985|10.0:1001235985|180.0:1001235985,,
1770339044281_0244_1101_07-015.jpg|Pallet_SKU|2316|638|2650|752,1770339044281_0244_1101_07-015.jpg,1770339044281_0244_1101_07-015.json,0,Pallet_SKU,1009679947,reviewed,scorable,,,2316,638,2650,752,research_outputs/golden_dataset_local_tests/crops/1770339044281_0244_1101_07-015/000_Pallet_SKU_2316_638_2650_752.jpg,research_outputs/golden_dataset_local_tests/label_overlays_expected_sku/1770339044281_0244_1101_07-015_labels.jpg,yes,1009679947,-10.0:1009679947|-5.0:1009679947|0.0:1009679947|5.0:1009679947|10.0:1009679947|180.0:1009679947,,
1770339044281_0244_1101_07-015.jpg|Pallet_SKU|3194|469|3518|579,1770339044281_0244_1101_07-015.jpg,1770339044281_0244_1101_07-015.json,2,Pallet_SKU,1001294717,reviewed,scorable,,,3194,469,3518,579,research_outputs/golden_dataset_local_tests/crops/1770339044281_0244_1101_07-015/002_Pallet_SKU_3194_469_3518_579.jpg,research_outputs/golden_dataset_local_tests/label_overlays_expected_sku/1770339044281_0244_1101_07-015_labels.jpg,yes,1001294717,-10.0:1001294717|-5.0:1001294717|0.0:1001294717|5.0:1001294717|10.0:1001294717|180.0:1001294717,,
1770339044281_0244_1101_07-015.jpg|Pallet_SKU|2231|1678|2598|1797,1770339044281_0244_1101_07-015.jpg,1770339044281_0244_1101_07-015.json,4,Pallet_SKU,1007989474,reviewed,scorable,,,2231,1678,2598,1797,research_outputs/golden_dataset_local_tests/crops/1770339044281_0244_1101_07-015/004_Pallet_SKU_2231_1678_2598_1797.jpg,research_outputs/golden_dataset_local_tests/label_overlays_expected_sku/1770339044281_0244_1101_07-015_labels.jpg,yes,1007989474,-10.0:1007989474|-5.0:1007989474|0.0:1007989474|5.0:1007989474|10.0:1007989474|180.0:1007989474,,
1770339044281_0244_1131_07-014.jpg|Printed_on_Box_SKU|3393|330|3761|406,1770339044281_0244_1131_07-014.jpg,1770339044281_0244_1131_07-014.json,4,Printed_on_Box_SKU,1006262709,reviewed,scorable,,,3393,330,3761,406,research_outputs/golden_dataset_local_tests/crops/1770339044281_0244_1131_07-014/004_Printed_on_Box_SKU_3393_330_3761_406.jpg,research_outputs/golden_dataset_local_tests/label_overlays_expected_sku/1770339044281_0244_1131_07-014_labels.jpg,yes,1006262709,-10.0:1006262709|-5.0:1006262709|0.0:1006262709|5.0:1006262709|10.0:1006262709|180.0:1006262709,,
1770339044281_0244_1138_07-013.jpg|Pallet_SKU|1461|801|1771|914,1770339044281_0244_1138_07-013.jpg,1770339044281_0244_1138_07-013.json,0,Pallet_SKU,1002787684,reviewed,scorable,,,1461,801,1771,914,research_outputs/golden_dataset_local_tests/crops/1770339044281_0244_1138_07-013/000_Pallet_SKU_1461_801_1771_914.jpg,research_outputs/golden_dataset_local_tests/label_overlays_expected_sku/1770339044281_0244_1138_07-013_labels.jpg,yes,1002787684,-10.0:1002787684|-5.0:1002787684|0.0:1002787684|5.0:1002787684|10.0:1002787684|180.0:1002787684,,
1770339044281_0244_1138_07-013.jpg|Pallet_SKU|2985|581|3348|663,1770339044281_0244_1138_07-013.jpg,1770339044281_0244_1138_07-013.json,2,Pallet_SKU,1010574220,reviewed,scorable,,,2985,581,3348,663,research_outputs/golden_dataset_local_tests/crops/1770339044281_0244_1138_07-013/002_Pallet_SKU_2985_581_3348_663.jpg,research_outputs/golden_dataset_local_tests/label_overlays_expected_sku/1770339044281_0244_1138_07-013_labels.jpg,yes,1010574220,-10.0:1010574220|-5.0:1010574220|0.0:1010574220|5.0:1010574220|10.0:1010574220|180.0:1010574220,,
1770339044281_0244_1138_07-013.jpg|Other_SKU|2603|400|2834|474,1770339044281_0244_1138_07-013.jpg,1770339044281_0244_1138_07-013.json,4,Other_SKU,1010574220,reviewed,scorable,,,2603,400,2834,474,research_outputs/golden_dataset_local_tests/crops/1770339044281_0244_1138_07-013/004_Other_SKU_2603_400_2834_474.jpg,research_outputs/golden_dataset_local_tests/label_overlays_expected_sku/1770339044281_0244_1138_07-013_labels.jpg,yes,1010574220,-10.0:1010574220|-5.0:1010574220|0.0:1010574220|5.0:1010574220|10.0:1010574220|180.0:1010574220,,
1770339044281_0244_1138_07-013.jpg|Pallet_SKU|1153|1783|1453|1896,1770339044281_0244_1138_07-013.jpg,1770339044281_0244_1138_07-013.json,6,Pallet_SKU,1002961068,reviewed,scorable,,,1153,1783,1453,1896,research_outputs/golden_dataset_local_tests/crops/1770339044281_0244_1138_07-013/006_Pallet_SKU_1153_1783_1453_1896.jpg,research_outputs/golden_dataset_local_tests/label_overlays_expected_sku/1770339044281_0244_1138_07-013_labels.jpg,yes,1002961068,-10.0:1002961068|-5.0:1002961068|0.0:1002961068|5.0:1002961068|10.0:1002961068|180.0:1002961068,,
1770339044281_0244_1138_07-013.jpg|Pallet_SKU|2481|1673|2883|1800,1770339044281_0244_1138_07-013.jpg,1770339044281_0244_1138_07-013.json,8,Pallet_SKU,1014625469,reviewed,scorable,,,2481,1673,2883,1800,research_outputs/golden_dataset_local_tests/crops/1770339044281_0244_1138_07-013/008_Pallet_SKU_2481_1673_2883_1800.jpg,research_outputs/golden_dataset_local_tests/label_overlays_expected_sku/1770339044281_0244_1138_07-013_labels.jpg,yes,1014625469,-10.0:1014625469|-5.0:1014625469|0.0:1014625469|5.0:1014625469|10.0:1014625469|180.0:1014625469,,
1770339044281_0244_1167_07-012.jpg|Pallet_SKU|4180|625|4624|712,1770339044281_0244_1167_07-012.jpg,1770339044281_0244_1167_07-012.json,0,Pallet_SKU,1009938752,reviewed,scorable,,,4180,625,4624,712,research_outputs/golden_dataset_local_tests/crops/1770339044281_0244_1167_07-012/000_Pallet_SKU_4180_625_4624_712.jpg,research_outputs/golden_dataset_local_tests/label_overlays_expected_sku/1770339044281_0244_1167_07-012_labels.jpg,yes,1009938752,-10.0:1009938752|-5.0:1009938752|0.0:1009938752|5.0:1009938752|10.0:1009938752|180.0:1009938752,,
1770339044281_0244_1174_07-011.jpg|Pallet_SKU|2788|403|3128|521,1770339044281_0244_1174_07-011.jpg,1770339044281_0244_1174_07-011.json,0,Pallet_SKU,1004912032,reviewed,scorable,,,2788,403,3128,521,research_outputs/golden_dataset_local_tests/crops/1770339044281_0244_1174_07-011/000_Pallet_SKU_2788_403_3128_521.jpg,research_outputs/golden_dataset_local_tests/label_overlays_expected_sku/1770339044281_0244_1174_07-011_labels.jpg,yes,1004912032,-10.0:1004912032|-5.0:1004912032|0.0:1004912032|5.0:1004912032|10.0:1004912032|180.0:1004912032,,
1770339044281_0244_1174_07-011.jpg|Pallet_SKU|3196|1642|3583|1770,1770339044281_0244_1174_07-011.jpg,1770339044281_0244_1174_07-011.json,2,Pallet_SKU,1014625457,reviewed,scorable,,,3196,1642,3583,1770,research_outputs/golden_dataset_local_tests/crops/1770339044281_0244_1174_07-011/002_Pallet_SKU_3196_1642_3583_1770.jpg,research_outputs/golden_dataset_local_tests/label_overlays_expected_sku/1770339044281_0244_1174_07-011_labels.jpg,yes,1014625457,-10.0:1014625457|-5.0:1014625457|0.0:1014625457|5.0:1014625457|10.0:1014625457|180.0:1014625457,,
1770339044281_0244_1199_07-010.jpg|Pallet_SKU|4301|393|4785|514,1770339044281_0244_1199_07-010.jpg,1770339044281_0244_1199_07-010.json,0,Pallet_SKU,1002302320,reviewed,scorable,,,4301,393,4785,514,research_outputs/golden_dataset_local_tests/crops/1770339044281_0244_1199_07-010/000_Pallet_SKU_4301_393_4785_514.jpg,research_outputs/golden_dataset_local_tests/label_overlays_expected_sku/1770339044281_0244_1199_07-010_labels.jpg,yes,1002302320,-10.0:1002302320|-5.0:1002302320|0.0:1002302320|5.0:1002302320|10.0:1002302320|180.0:1002302320,,
1770339044281_0244_1199_07-010.jpg|Pallet_SKU|1612|12|2089|111,1770339044281_0244_1199_07-010.jpg,1770339044281_0244_1199_07-010.json,2,Pallet_SKU,N/A,not_applicable,non-scorable,,Number of code is blocked off,1612,12,2089,111,research_outputs/golden_dataset_local_tests/crops/1770339044281_0244_1199_07-010/002_Pallet_SKU_1612_12_2089_111.jpg,research_outputs/golden_dataset_local_tests/label_overlays_expected_sku/1770339044281_0244_1199_07-010_labels.jpg,yes,,,,
1770339044281_0244_1204_07-009.jpg|Pallet_SKU|2181|23|2446|75,1770339044281_0244_1204_07-009.jpg,1770339044281_0244_1204_07-009.json,0,Pallet_SKU,1010123867,reviewed,scorable,,,2181,23,2446,75,research_outputs/golden_dataset_local_tests/crops/1770339044281_0244_1204_07-009/000_Pallet_SKU_2181_23_2446_75.jpg,research_outputs/golden_dataset_local_tests/label_overlays_expected_sku/1770339044281_0244_1204_07-009_labels.jpg,yes,1010123867,-10.0:1010123867|-5.0:1010123867|0.0:1010123867|5.0:1010123867|10.0:1010123867|180.0:1010123867,,
1770339044281_0244_1204_07-009.jpg|Pallet_SKU|1962|679|2259|793,1770339044281_0244_1204_07-009.jpg,1770339044281_0244_1204_07-009.json,2,Pallet_SKU,1014175477,reviewed,scorable,,,1962,679,2259,793,research_outputs/golden_dataset_local_tests/crops/1770339044281_0244_1204_07-009/002_Pallet_SKU_1962_679_2259_793.jpg,research_outputs/golden_dataset_local_tests/label_overlays_expected_sku/1770339044281_0244_1204_07-009_labels.jpg,yes,1014175477,-10.0:1014175477|-5.0:1014175477|0.0:1014175477|5.0:1014175477|10.0:1014175477|180.0:1014175477,,
1770339044281_0244_1204_07-009.jpg|Pallet_SKU|3357|531|3720|637,1770339044281_0244_1204_07-009.jpg,1770339044281_0244_1204_07-009.json,4,Pallet_SKU,1004929498,reviewed,scorable,,,3357,531,3720,637,research_outputs/golden_dataset_local_tests/crops/1770339044281_0244_1204_07-009/004_Pallet_SKU_3357_531_3720_637.jpg,research_outputs/golden_dataset_local_tests/label_overlays_expected_sku/1770339044281_0244_1204_07-009_labels.jpg,yes,1004929498,-10.0:1004929498|-5.0:1004929498|0.0:1004929498|5.0:1004929498|10.0:1004929498|180.0:1004929498,,
1770339044281_0244_1204_07-009.jpg|Pallet_SKU|3640|1762|4007|1855,1770339044281_0244_1204_07-009.jpg,1770339044281_0244_1204_07-009.json,6,Pallet_SKU,1014211849,reviewed,scorable,,,3640,1762,4007,1855,research_outputs/golden_dataset_local_tests/crops/1770339044281_0244_1204_07-009/006_Pallet_SKU_3640_1762_4007_1855.jpg,research_outputs/golden_dataset_local_tests/label_overlays_expected_sku/1770339044281_0244_1204_07-009_labels.jpg,yes,1014211849,-10.0:1014211849|-5.0:1014211849|0.0:1014211849|5.0:1014211849|10.0:1014211849|180.0:1014211849,,
1770339044281_0244_1204_07-009.jpg|Pallet_SKU|2263|1845|2605|1972,1770339044281_0244_1204_07-009.jpg,1770339044281_0244_1204_07-009.json,8,Pallet_SKU,1014211843,reviewed,scorable,,,2263,1845,2605,1972,research_outputs/golden_dataset_local_tests/crops/1770339044281_0244_1204_07-009/008_Pallet_SKU_2263_1845_2605_1972.jpg,research_outputs/golden_dataset_local_tests/label_overlays_expected_sku/1770339044281_0244_1204_07-009_labels.jpg,yes,1014211843,-10.0:1014211843|-5.0:1014211843|0.0:1014211843|5.0:1014211843|10.0:1014211843|180.0:1014211843,,
1770339044281_0244_1204_07-009.jpg|Other_SKU|1927|522|2123|605,1770339044281_0244_1204_07-009.jpg,1770339044281_0244_1204_07-009.json,11,Other_SKU,1014175477,reviewed,scorable,,Little blurry but still readable,1927,522,2123,605,research_outputs/golden_dataset_local_tests/crops/1770339044281_0244_1204_07-009/011_Other_SKU_1927_522_2123_605.jpg,research_outputs/golden_dataset_local_tests/label_overlays_expected_sku/1770339044281_0244_1204_07-009_labels.jpg,yes,1014175477,-10.0:1014175477|-5.0:1014175477|0.0:1014175477|5.0:1014175477|10.0:1014175477|180.0:1014175477,,
1770339044281_0244_1222_07-008.jpg|Pallet_SKU|366|451|728|529,1770339044281_0244_1222_07-008.jpg,1770339044281_0244_1222_07-008.json,0,Pallet_SKU,1004149174,reviewed,scorable,,,366,451,728,529,research_outputs/golden_dataset_local_tests/crops/1770339044281_0244_1222_07-008/000_Pallet_SKU_366_451_728_529.jpg,research_outputs/golden_dataset_local_tests/label_overlays_expected_sku/1770339044281_0244_1222_07-008_labels.jpg,yes,1004149174,-10.0:7216917001|-5.0:7216717001|0.0:7216017001|180.0:7216017001,,
1770339044281_0244_1222_07-008.jpg|Pallet_SKU|2743|395|3194|509,1770339044281_0244_1222_07-008.jpg,1770339044281_0244_1222_07-008.json,2,Pallet_SKU,1009679923,reviewed,scorable,,,2743,395,3194,509,research_outputs/golden_dataset_local_tests/crops/1770339044281_0244_1222_07-008/002_Pallet_SKU_2743_395_3194_509.jpg,research_outputs/golden_dataset_local_tests/label_overlays_expected_sku/1770339044281_0244_1222_07-008_labels.jpg,yes,1009679923,-10.0:1009679923|-5.0:1009679923|0.0:1009679923|5.0:1009679923|10.0:1009679923|180.0:1009679923,,
1770339044281_0244_1238_07-007.jpg|Pallet_SKU|1185|112|1446|192,1770339044281_0244_1238_07-007.jpg,1770339044281_0244_1238_07-007.json,0,Pallet_SKU,1007989474,reviewed,scorable,,,1185,112,1446,192,research_outputs/golden_dataset_local_tests/crops/1770339044281_0244_1238_07-007/000_Pallet_SKU_1185_112_1446_192.jpg,research_outputs/golden_dataset_local_tests/label_overlays_expected_sku/1770339044281_0244_1238_07-007_labels.jpg,yes,1007989474,-10.0:1007989474|-5.0:1007989474|0.0:1007989474|5.0:1007989474|10.0:1007989474|180.0:1007989474,,
1770339044281_0244_1238_07-007.jpg|Pallet_SKU|1505|753|1792|872,1770339044281_0244_1238_07-007.jpg,1770339044281_0244_1238_07-007.json,2,Pallet_SKU,1012776614,reviewed,scorable,,,1505,753,1792,872,research_outputs/golden_dataset_local_tests/crops/1770339044281_0244_1238_07-007/002_Pallet_SKU_1505_753_1792_872.jpg,research_outputs/golden_dataset_local_tests/label_overlays_expected_sku/1770339044281_0244_1238_07-007_labels.jpg,yes,1012776614,-10.0:1012776614|-5.0:1012776614|0.0:1012776614|5.0:1012776614|10.0:1012776614|180.0:1012776614,,
1770339044281_0244_1238_07-007.jpg|Pallet_SKU|1931|1796|2269|1894,1770339044281_0244_1238_07-007.jpg,1770339044281_0244_1238_07-007.json,4,Pallet_SKU,1006712135,reviewed,scorable,,,1931,1796,2269,1894,research_outputs/golden_dataset_local_tests/crops/1770339044281_0244_1238_07-007/004_Pallet_SKU_1931_1796_2269_1894.jpg,research_outputs/golden_dataset_local_tests/label_overlays_expected_sku/1770339044281_0244_1238_07-007_labels.jpg,yes,1006712135,-10.0:1006712135|-5.0:1006712135|0.0:1006712135|5.0:1006712135|10.0:1006712135|180.0:1006712135,,
1770339044281_0244_1238_07-007.jpg|Pallet_SKU|3353|1710|3760|1820,1770339044281_0244_1238_07-007.jpg,1770339044281_0244_1238_07-007.json,6,Pallet_SKU,1001789733,reviewed,scorable,,,3353,1710,3760,1820,research_outputs/golden_dataset_local_tests/crops/1770339044281_0244_1238_07-007/006_Pallet_SKU_3353_1710_3760_1820.jpg,research_outputs/golden_dataset_local_tests/label_overlays_expected_sku/1770339044281_0244_1238_07-007_labels.jpg,yes,1001789733,-10.0:1001789733|-5.0:1001789733|0.0:1001789733|5.0:1001789733|10.0:1001789733|180.0:1001789733,,
1770339044281_0244_1238_07-007.jpg|Other_SKU|1490|547|1670|627,1770339044281_0244_1238_07-007.jpg,1770339044281_0244_1238_07-007.json,8,Other_SKU,1012776614,reviewed,scorable,,Blurry but still readable,1490,547,1670,627,research_outputs/golden_dataset_local_tests/crops/1770339044281_0244_1238_07-007/008_Other_SKU_1490_547_1670_627.jpg,research_outputs/golden_dataset_local_tests/label_overlays_expected_sku/1770339044281_0244_1238_07-007_labels.jpg,yes,1012776614,-10.0:1012776614|-5.0:1012776614|0.0:1012776614|5.0:1012776614|10.0:1012776614|180.0:1012776614,,
1770339044281_0244_1272_07-006.jpg|Pallet_SKU|2365|389|2845|475,1770339044281_0244_1272_07-006.jpg,1770339044281_0244_1272_07-006.json,0,Pallet_SKU,1007532960,reviewed,scorable,,Corrected typo: label reads 1007-532-960 on pallet tag,2365,389,2845,475,research_outputs/golden_dataset_local_tests/crops/1770339044281_0244_1272_07-006/000_Pallet_SKU_2365_389_2845_475.jpg,research_outputs/golden_dataset_local_tests/label_overlays_expected_sku/1770339044281_0244_1272_07-006_labels.jpg,yes,1007532960,-10.0:1007532960|-5.0:1007532960|0.0:1007532960|5.0:1007532960|10.0:1007532960|180.0:1007532960,,
1770339044281_0244_1272_07-006.jpg|Other_SKU|2509|78|2687|116,1770339044281_0244_1272_07-006.jpg,1770339044281_0244_1272_07-006.json,2,Other_SKU,N/A,not_applicable,non-scorable,,Blurry and not readable,2509,78,2687,116,research_outputs/golden_dataset_local_tests/crops/1770339044281_0244_1272_07-006/002_Other_SKU_2509_78_2687_116.jpg,research_outputs/golden_dataset_local_tests/label_overlays_expected_sku/1770339044281_0244_1272_07-006_labels.jpg,yes,,,,
1770339044281_0244_1272_07-006.jpg|Pallet_SKU|4397|360|4821|476,1770339044281_0244_1272_07-006.jpg,1770339044281_0244_1272_07-006.json,4,Pallet_SKU,1002076138,reviewed,scorable,,,4397,360,4821,476,research_outputs/golden_dataset_local_tests/crops/1770339044281_0244_1272_07-006/004_Pallet_SKU_4397_360_4821_476.jpg,research_outputs/golden_dataset_local_tests/label_overlays_expected_sku/1770339044281_0244_1272_07-006_labels.jpg,yes,1002076138,-10.0:1002076138|-5.0:1002076138|0.0:1002076138|5.0:1002076138|10.0:1002076138|180.0:1002076138,,
1770339044281_0244_1272_07-006.jpg|RDC_SKU|2490|1795|2592|1891,1770339044281_0244_1272_07-006.jpg,1770339044281_0244_1272_07-006.json,31,RDC_SKU,N/A,not_applicable,non-scorable,,Label is completely unreadable,2490,1795,2592,1891,research_outputs/golden_dataset_local_tests/crops/1770339044281_0244_1272_07-006/031_RDC_SKU_2490_1795_2592_1891.jpg,research_outputs/golden_dataset_local_tests/label_overlays_expected_sku/1770339044281_0244_1272_07-006_labels.jpg,yes,,,,
1770339044281_0244_1277_07-005.jpg|Pallet_SKU|1909|613|2213|706,1770339044281_0244_1277_07-005.jpg,1770339044281_0244_1277_07-005.json,0,Pallet_SKU,1006712135,reviewed,scorable,,,1909,613,2213,706,research_outputs/golden_dataset_local_tests/crops/1770339044281_0244_1277_07-005/000_Pallet_SKU_1909_613_2213_706.jpg,research_outputs/golden_dataset_local_tests/label_overlays_expected_sku/1770339044281_0244_1277_07-005_labels.jpg,yes,1006712135,-10.0:1006712135|-5.0:1006712135|0.0:1006712135|5.0:1006712135|10.0:1006712135|180.0:1006712135,,
1770339044281_0244_1277_07-005.jpg|Pallet_SKU|2498|609|2826|720,1770339044281_0244_1277_07-005.jpg,1770339044281_0244_1277_07-005.json,2,Pallet_SKU,1014625446,reviewed,scorable,,,2498,609,2826,720,research_outputs/golden_dataset_local_tests/crops/1770339044281_0244_1277_07-005/002_Pallet_SKU_2498_609_2826_720.jpg,research_outputs/golden_dataset_local_tests/label_overlays_expected_sku/1770339044281_0244_1277_07-005_labels.jpg,yes,1014625446,-10.0:1014625446|-5.0:1014625446|0.0:1014625446|5.0:1014625446|10.0:1014625446|180.0:1014625446,,
1770339044281_0244_1277_07-005.jpg|Pallet_SKU|1963|1690|2304|1811,1770339044281_0244_1277_07-005.jpg,1770339044281_0244_1277_07-005.json,4,Pallet_SKU,1001676075,reviewed,scorable,,,1963,1690,2304,1811,research_outputs/golden_dataset_local_tests/crops/1770339044281_0244_1277_07-005/004_Pallet_SKU_1963_1690_2304_1811.jpg,research_outputs/golden_dataset_local_tests/label_overlays_expected_sku/1770339044281_0244_1277_07-005_labels.jpg,yes,1001676075,-10.0:1001676075|-5.0:1001676075|0.0:1001676075|5.0:1001676075|10.0:1001676075|180.0:1001676075,,
1770339044281_0244_1277_07-005.jpg|Pallet_SKU|3694|1512|4124|1625,1770339044281_0244_1277_07-005.jpg,1770339044281_0244_1277_07-005.json,6,Pallet_SKU,1005896999,reviewed,scorable,,,3694,1512,4124,1625,research_outputs/golden_dataset_local_tests/crops/1770339044281_0244_1277_07-005/006_Pallet_SKU_3694_1512_4124_1625.jpg,research_outputs/golden_dataset_local_tests/label_overlays_expected_sku/1770339044281_0244_1277_07-005_labels.jpg,yes,1005896999,-10.0:1005896999|-5.0:1005896999|0.0:1005896999|5.0:1005896999|10.0:1005896999|180.0:1005896999,,
1770339044281_0244_1309_07-004.jpg|Pallet_SKU|4253|554|4686|680,1770339044281_0244_1309_07-004.jpg,1770339044281_0244_1309_07-004.json,1,Pallet_SKU,1007532960,reviewed,scorable,,,4253,554,4686,680,research_outputs/golden_dataset_local_tests/crops/1770339044281_0244_1309_07-004/001_Pallet_SKU_4253_554_4686_680.jpg,research_outputs/golden_dataset_local_tests/label_overlays_expected_sku/1770339044281_0244_1309_07-004_labels.jpg,yes,1007532960,-10.0:1007532960|-5.0:1007532960|0.0:1007532960|5.0:1007532960|10.0:1007532960|180.0:1007532960,,
1770339044281_0244_1309_07-004.jpg|Pallet_SKU|2374|1625|2752|1744,1770339044281_0244_1309_07-004.jpg,1770339044281_0244_1309_07-004.json,2,Pallet_SKU,482888,reviewed,scorable,,,2374,1625,2752,1744,research_outputs/golden_dataset_local_tests/crops/1770339044281_0244_1309_07-004/002_Pallet_SKU_2374_1625_2752_1744.jpg,research_outputs/golden_dataset_local_tests/label_overlays_expected_sku/1770339044281_0244_1309_07-004_labels.jpg,yes,482888,-10.0:482888|-5.0:482888|0.0:482888|5.0:482888|10.0:482888|180.0:482888,,
1770339044281_0244_1312_07-003.jpg|Pallet_SKU|1600|755|1943|845,1770339044281_0244_1312_07-003.jpg,1770339044281_0244_1312_07-003.json,0,Pallet_SKU,1005478233,reviewed,scorable,,,1600,755,1943,845,research_outputs/golden_dataset_local_tests/crops/1770339044281_0244_1312_07-003/000_Pallet_SKU_1600_755_1943_845.jpg,research_outputs/golden_dataset_local_tests/label_overlays_expected_sku/1770339044281_0244_1312_07-003_labels.jpg,yes,1005478233,-10.0:1005478233|-5.0:1005478233|0.0:1005478233|5.0:1005478233|10.0:1005478233|180.0:1005478233,,
1770339044281_0244_1312_07-003.jpg|Pallet_SKU|3616|448|3980|554,1770339044281_0244_1312_07-003.jpg,1770339044281_0244_1312_07-003.json,2,Pallet_SKU,1004815592,reviewed,scorable,,,3616,448,3980,554,research_outputs/golden_dataset_local_tests/crops/1770339044281_0244_1312_07-003/002_Pallet_SKU_3616_448_3980_554.jpg,research_outputs/golden_dataset_local_tests/label_overlays_expected_sku/1770339044281_0244_1312_07-003_labels.jpg,yes,1004815592,-10.0:1004815592|-5.0:1004815592|0.0:1004815592|5.0:1004815592|10.0:1004815592|180.0:1004815592,,
1770339044281_0244_1312_07-003.jpg|Pallet_SKU|3669|1811|4040|1897,1770339044281_0244_1312_07-003.jpg,1770339044281_0244_1312_07-003.json,4,Pallet_SKU,1010234662,reviewed,scorable,,,3669,1811,4040,1897,research_outputs/golden_dataset_local_tests/crops/1770339044281_0244_1312_07-003/004_Pallet_SKU_3669_1811_4040_1897.jpg,research_outputs/golden_dataset_local_tests/label_overlays_expected_sku/1770339044281_0244_1312_07-003_labels.jpg,yes,1010234662,-10.0:1010234662|-5.0:1010234662|0.0:1010234662|5.0:1010234662|10.0:1010234662|180.0:1010234662,,
1770339044281_0244_1312_07-003.jpg|Pallet_SKU|1429|1923|1780|2032,1770339044281_0244_1312_07-003.jpg,1770339044281_0244_1312_07-003.json,6,Pallet_SKU,1002671570,reviewed,scorable,,,1429,1923,1780,2032,research_outputs/golden_dataset_local_tests/crops/1770339044281_0244_1312_07-003/006_Pallet_SKU_1429_1923_1780_2032.jpg,research_outputs/golden_dataset_local_tests/label_overlays_expected_sku/1770339044281_0244_1312_07-003_labels.jpg,yes,1002671570,-10.0:1002671570|-5.0:1002671570|0.0:1002671570|5.0:1002671570|10.0:1002671570|180.0:1002671570,,
1770339044281_0244_1348_07-002.jpg|Pallet_SKU|1659|630|1938|773,1770339044281_0244_1348_07-002.jpg,1770339044281_0244_1348_07-002.json,0,Pallet_SKU,234292,reviewed,scorable,,,1659,630,1938,773,research_outputs/golden_dataset_local_tests/crops/1770339044281_0244_1348_07-002/000_Pallet_SKU_1659_630_1938_773.jpg,research_outputs/golden_dataset_local_tests/label_overlays_expected_sku/1770339044281_0244_1348_07-002_labels.jpg,yes,234292,-10.0:234292|-5.0:234292|0.0:234292|5.0:234292|10.0:234292|180.0:234292,,
1770339044281_0244_1348_07-002.jpg|Pallet_SKU|2794|557|3259|684,1770339044281_0244_1348_07-002.jpg,1770339044281_0244_1348_07-002.json,2,Pallet_SKU,1005200269,reviewed,scorable,,,2794,557,3259,684,research_outputs/golden_dataset_local_tests/crops/1770339044281_0244_1348_07-002/002_Pallet_SKU_2794_557_3259_684.jpg,research_outputs/golden_dataset_local_tests/label_overlays_expected_sku/1770339044281_0244_1348_07-002_labels.jpg,yes,1005200269,-10.0:1005200269|-5.0:1005200269|0.0:1005200269|5.0:1005200269|10.0:1005200269|180.0:1005200269,,
1770339044281_0244_1348_07-002.jpg|Pallet_SKU|3626|449|4093|540,1770339044281_0244_1348_07-002.jpg,1770339044281_0244_1348_07-002.json,4,Pallet_SKU,1010347299,reviewed,scorable,,,3626,449,4093,540,research_outputs/golden_dataset_local_tests/crops/1770339044281_0244_1348_07-002/004_Pallet_SKU_3626_449_4093_540.jpg,research_outputs/golden_dataset_local_tests/label_overlays_expected_sku/1770339044281_0244_1348_07-002_labels.jpg,yes,1910347299,-10.0:1910347299|-5.0:1910347299|0.0:1910347299|5.0:1910347299|10.0:1910347299|180.0:1910347299,,
1770339044281_0244_1348_07-002.jpg|Pallet_SKU|4545|1653|4998|1771,1770339044281_0244_1348_07-002.jpg,1770339044281_0244_1348_07-002.json,6,Pallet_SKU,1001517253,reviewed,scorable,,,4545,1653,4998,1771,research_outputs/golden_dataset_local_tests/crops/1770339044281_0244_1348_07-002/006_Pallet_SKU_4545_1653_4998_1771.jpg,research_outputs/golden_dataset_local_tests/label_overlays_expected_sku/1770339044281_0244_1348_07-002_labels.jpg,yes,1001517253,-10.0:1001517253|-5.0:1001517253|0.0:1001517253|5.0:1001517253|10.0:1001517253|180.0:1001517253,,
1770339128729_0244_1024_08-002.jpg|Pallet_SKU|1855|875|2086|965,1770339128729_0244_1024_08-002.jpg,1770339128729_0244_1024_08-002.json,0,Pallet_SKU,399775,reviewed,scorable,,,1855,875,2086,965,research_outputs/golden_dataset_local_tests/crops/1770339128729_0244_1024_08-002/000_Pallet_SKU_1855_875_2086_965.jpg,research_outputs/golden_dataset_local_tests/label_overlays_expected_sku/1770339128729_0244_1024_08-002_labels.jpg,yes,399775,-10.0:399775|-5.0:399775|0.0:399775|5.0:399775|10.0:399775|180.0:399775,,
1770339128729_0244_1024_08-002.jpg|Pallet_SKU|2961|667|3241|746,1770339128729_0244_1024_08-002.jpg,1770339128729_0244_1024_08-002.json,2,Pallet_SKU,399775,reviewed,scorable,,,2961,667,3241,746,research_outputs/golden_dataset_local_tests/crops/1770339128729_0244_1024_08-002/002_Pallet_SKU_2961_667_3241_746.jpg,research_outputs/golden_dataset_local_tests/label_overlays_expected_sku/1770339128729_0244_1024_08-002_labels.jpg,yes,399775,-10.0:399775|-5.0:399775|0.0:399775|5.0:399775|10.0:399775|180.0:399775,,
1770339128729_0244_1024_08-002.jpg|Pallet_SKU|4197|354|4468|449,1770339128729_0244_1024_08-002.jpg,1770339128729_0244_1024_08-002.json,4,Pallet_SKU,839469,reviewed,scorable,,,4197,354,4468,449,research_outputs/golden_dataset_local_tests/crops/1770339128729_0244_1024_08-002/004_Pallet_SKU_4197_354_4468_449.jpg,research_outputs/golden_dataset_local_tests/label_overlays_expected_sku/1770339128729_0244_1024_08-002_labels.jpg,yes,839469,-10.0:839469|-5.0:839469|0.0:839469|5.0:839469|10.0:839469|180.0:839469,,
1770339128729_0244_1054_08-003.jpg|Pallet_SKU|3279|443|3604|524,1770339128729_0244_1054_08-003.jpg,1770339128729_0244_1054_08-003.json,0,Pallet_SKU,1005721254,reviewed,scorable,,,3279,443,3604,524,research_outputs/golden_dataset_local_tests/crops/1770339128729_0244_1054_08-003/000_Pallet_SKU_3279_443_3604_524.jpg,research_outputs/golden_dataset_local_tests/label_overlays_expected_sku/1770339128729_0244_1054_08-003_labels.jpg,yes,1005721254,-10.0:1005721254|-5.0:1005721254|0.0:1005721254|5.0:1005721254|10.0:1005721254|180.0:1005721254,,
1770339128729_0244_1054_08-003.jpg|RDC_SKU|1001|975|1113|1010,1770339128729_0244_1054_08-003.jpg,1770339128729_0244_1054_08-003.json,2,RDC_SKU,N/A,not_applicable,non-scorable,,Completely Unreadable,1001,975,1113,1010,research_outputs/golden_dataset_local_tests/crops/1770339128729_0244_1054_08-003/002_RDC_SKU_1001_975_1113_1010.jpg,research_outputs/golden_dataset_local_tests/label_overlays_expected_sku/1770339128729_0244_1054_08-003_labels.jpg,yes,134595,-5.0:100460|10.0:204685,,
1770339128729_0244_1054_08-003.jpg|RDC_SKU|1226|1203|1336|1252,1770339128729_0244_1054_08-003.jpg,1770339128729_0244_1054_08-003.json,8,RDC_SKU,N/A,not_applicable,non-scorable,,Way too blurry,1226,1203,1336,1252,research_outputs/golden_dataset_local_tests/crops/1770339128729_0244_1054_08-003/008_RDC_SKU_1226_1203_1336_1252.jpg,research_outputs/golden_dataset_local_tests/label_overlays_expected_sku/1770339128729_0244_1054_08-003_labels.jpg,yes,1007568504,-10.0:1007568504|-5.0:1007568504|0.0:1007568504|5.0:1007568504|10.0:1007568504|180.0:1007568504,,
1770339128729_0244_1054_08-003.jpg|RDC_SKU|1478|1201|1587|1238,1770339128729_0244_1054_08-003.jpg,1770339128729_0244_1054_08-003.json,11,RDC_SKU,N/A,not_applicable,non-scorable,,Way too blurry,1478,1201,1587,1238,research_outputs/golden_dataset_local_tests/crops/1770339128729_0244_1054_08-003/011_RDC_SKU_1478_1201_1587_1238.jpg,research_outputs/golden_dataset_local_tests/label_overlays_expected_sku/1770339128729_0244_1054_08-003_labels.jpg,yes,1007568504,-10.0:1007568504|0.0:1007568504|5.0:1007568504|10.0:756850|180.0:1007568504,,
1770339128729_0244_1054_08-003.jpg|RDC_SKU|1764|1032|1886|1067,1770339128729_0244_1054_08-003.jpg,1770339128729_0244_1054_08-003.json,13,RDC_SKU,1012166109,reviewed,scorable,,Readable but still blurry,1764,1032,1886,1067,research_outputs/golden_dataset_local_tests/crops/1770339128729_0244_1054_08-003/013_RDC_SKU_1764_1032_1886_1067.jpg,research_outputs/golden_dataset_local_tests/label_overlays_expected_sku/1770339128729_0244_1054_08-003_labels.jpg,yes,1012166109,-10.0:1012166109|-5.0:1012166109|0.0:1012166109|5.0:1012166109|10.0:1012166109|180.0:1012166109,,
1770339128729_0244_1054_08-003.jpg|RDC_SKU|2071|1043|2193|1082,1770339128729_0244_1054_08-003.jpg,1770339128729_0244_1054_08-003.json,17,RDC_SKU,1005506561,reviewed,scorable,,Readable but too blurry,2071,1043,2193,1082,research_outputs/golden_dataset_local_tests/crops/1770339128729_0244_1054_08-003/017_RDC_SKU_2071_1043_2193_1082.jpg,research_outputs/golden_dataset_local_tests/label_overlays_expected_sku/1770339128729_0244_1054_08-003_labels.jpg,yes,1005506561,-10.0:1005506561|-5.0:1005506561|0.0:1005506561|5.0:1005506561|10.0:1005506561|180.0:1005506561,,
1770339128729_0244_1054_08-003.jpg|RDC_SKU|2689|1221|2819|1263,1770339128729_0244_1054_08-003.jpg,1770339128729_0244_1054_08-003.json,20,RDC_SKU,1012166116,reviewed,scorable,,,2689,1221,2819,1263,research_outputs/golden_dataset_local_tests/crops/1770339128729_0244_1054_08-003/020_RDC_SKU_2689_1221_2819_1263.jpg,research_outputs/golden_dataset_local_tests/label_overlays_expected_sku/1770339128729_0244_1054_08-003_labels.jpg,yes,1012166116,-10.0:1012166116|-5.0:1012166116|0.0:1012166116|5.0:1012166116|10.0:1012166116|180.0:1012166116,,
1770339128729_0244_1054_08-003.jpg|RDC_SKU|2956|950|3086|988,1770339128729_0244_1054_08-003.jpg,1770339128729_0244_1054_08-003.json,22,RDC_SKU,1007343423,reviewed,scorable,,Readable but too blurry,2956,950,3086,988,research_outputs/golden_dataset_local_tests/crops/1770339128729_0244_1054_08-003/022_RDC_SKU_2956_950_3086_988.jpg,research_outputs/golden_dataset_local_tests/label_overlays_expected_sku/1770339128729_0244_1054_08-003_labels.jpg,yes,1007343423,-10.0:1007343423|-5.0:1007343423|0.0:1007343423|5.0:1007343423|10.0:1007343423|180.0:1007343423,,
1770339128729_0244_1054_08-003.jpg|RDC_SKU|3158|981|3288|1022,1770339128729_0244_1054_08-003.jpg,1770339128729_0244_1054_08-003.json,25,RDC_SKU,1004685287,reviewed,scorable,,"Readable but barely, very blurry",3158,981,3288,1022,research_outputs/golden_dataset_local_tests/crops/1770339128729_0244_1054_08-003/025_RDC_SKU_3158_981_3288_1022.jpg,research_outputs/golden_dataset_local_tests/label_overlays_expected_sku/1770339128729_0244_1054_08-003_labels.jpg,yes,1004685287,-10.0:1004685287|-5.0:1004685287|0.0:1004685287|5.0:1004685207|10.0:1004685287|180.0:1004685287,,
1770339128729_0244_1054_08-003.jpg|RDC_SKU|3363|958|3492|993,1770339128729_0244_1054_08-003.jpg,1770339128729_0244_1054_08-003.json,28,RDC_SKU,1004685287,reviewed,scorable,,Readable but blurry,3363,958,3492,993,research_outputs/golden_dataset_local_tests/crops/1770339128729_0244_1054_08-003/028_RDC_SKU_3363_958_3492_993.jpg,research_outputs/golden_dataset_local_tests/label_overlays_expected_sku/1770339128729_0244_1054_08-003_labels.jpg,yes,1004685287,-10.0:1004685287|-5.0:1004685287|0.0:1004685287|5.0:1004685287|10.0:1004685287|180.0:1004685287,,
1770339128729_0244_1054_08-003.jpg|RDC_SKU|3553|994|3680|1034,1770339128729_0244_1054_08-003.jpg,1770339128729_0244_1054_08-003.json,31,RDC_SKU,N/A,not_applicable,non-scorable,,Numbers are blurry,3553,994,3680,1034,research_outputs/golden_dataset_local_tests/crops/1770339128729_0244_1054_08-003/031_RDC_SKU_3553_994_3680_1034.jpg,research_outputs/golden_dataset_local_tests/label_overlays_expected_sku/1770339128729_0244_1054_08-003_labels.jpg,yes,1004605287,-10.0:1004605287|-5.0:1004685287|0.0:1004605287|10.0:1004605287|180.0:1004605287,,
1770339128729_0244_1054_08-003.jpg|RDC_SKU|3870|1253|4001|1292,1770339128729_0244_1054_08-003.jpg,1770339128729_0244_1054_08-003.json,34,RDC_SKU,N/A,not_applicable,non-scorable,,Numbers are too blurry,3870,1253,4001,1292,research_outputs/golden_dataset_local_tests/crops/1770339128729_0244_1054_08-003/034_RDC_SKU_3870_1253_4001_1292.jpg,research_outputs/golden_dataset_local_tests/label_overlays_expected_sku/1770339128729_0244_1054_08-003_labels.jpg,yes,1004685287,-10.0:1004605287|-5.0:1004605287|0.0:1004685287|5.0:1004685287|10.0:1004685287|180.0:1004685287,,
1770339128729_0244_1054_08-003.jpg|RDC_SKU|3993|1000|4112|1044,1770339128729_0244_1054_08-003.jpg,1770339128729_0244_1054_08-003.json,36,RDC_SKU,N/A,not_applicable,non-scorable,,Numbers are too blurry,3993,1000,4112,1044,research_outputs/golden_dataset_local_tests/crops/1770339128729_0244_1054_08-003/036_RDC_SKU_3993_1000_4112_1044.jpg,research_outputs/golden_dataset_local_tests/label_overlays_expected_sku/1770339128729_0244_1054_08-003_labels.jpg,yes,1004685287,-10.0:1004685287|-5.0:1004685287|0.0:1004685287|5.0:1004685287|10.0:1004685282|180.0:1004685287,,
1770339128729_0244_1054_08-003.jpg|RDC_SKU|1259|1669|1381|1708,1770339128729_0244_1054_08-003.jpg,1770339128729_0244_1054_08-003.json,43,RDC_SKU,N/A,not_applicable,non-scorable,,second and third digit are too blurry,1259,1669,1381,1708,research_outputs/golden_dataset_local_tests/crops/1770339128729_0244_1054_08-003/043_RDC_SKU_1259_1669_1381_1708.jpg,research_outputs/golden_dataset_local_tests/label_overlays_expected_sku/1770339128729_0244_1054_08-003_labels.jpg,yes,1007712481,-10.0:1007712481|-5.0:1007712481|0.0:1007712481|5.0:1007712481|10.0:1007712481|180.0:1007712481,,
1770339128729_0244_1054_08-003.jpg|RDC_SKU|1609|1568|1734|1616,1770339128729_0244_1054_08-003.jpg,1770339128729_0244_1054_08-003.json,46,RDC_SKU,N/A,not_applicable,non-scorable,,Ambiguous digit on blurry RDC strip (5 vs 8); not scorable ground truth,1609,1568,1734,1616,research_outputs/golden_dataset_local_tests/crops/1770339128729_0244_1054_08-003/046_RDC_SKU_1609_1568_1734_1616.jpg,research_outputs/golden_dataset_local_tests/label_overlays_expected_sku/1770339128729_0244_1054_08-003_labels.jpg,yes,1007712453,-10.0:1007712453|-5.0:1007712453|0.0:1007712453|5.0:1007712453|10.0:1007712453|180.0:1007712453,,
1770339128729_0244_1054_08-003.jpg|RDC_SKU|1729|1715|1860|1753,1770339128729_0244_1054_08-003.jpg,1770339128729_0244_1054_08-003.json,48,RDC_SKU,1004685270,reviewed,scorable,,Readable but blurry,1729,1715,1860,1753,research_outputs/golden_dataset_local_tests/crops/1770339128729_0244_1054_08-003/048_RDC_SKU_1729_1715_1860_1753.jpg,research_outputs/golden_dataset_local_tests/label_overlays_expected_sku/1770339128729_0244_1054_08-003_labels.jpg,yes,1004685270,-10.0:1004685270|-5.0:1004685270|0.0:1004685270|5.0:1004685270|10.0:1004685270|180.0:1004685270,,
1770339128729_0244_1054_08-003.jpg|RDC_SKU|1525|1817|1650|1856,1770339128729_0244_1054_08-003.jpg,1770339128729_0244_1054_08-003.json,51,RDC_SKU,1007712483,reviewed,scorable,,Slightly blurry,1525,1817,1650,1856,research_outputs/golden_dataset_local_tests/crops/1770339128729_0244_1054_08-003/051_RDC_SKU_1525_1817_1650_1856.jpg,research_outputs/golden_dataset_local_tests/label_overlays_expected_sku/1770339128729_0244_1054_08-003_labels.jpg,yes,1007712483,-10.0:1007712483|-5.0:1007712483|0.0:1007712483|5.0:1007712483|10.0:1007712483|180.0:1007712483,,
1770339128729_0244_1054_08-003.jpg|RDC_SKU|1236|1946|1361|1993,1770339128729_0244_1054_08-003.jpg,1770339128729_0244_1054_08-003.json,54,RDC_SKU,1004685270,reviewed,scorable,,Slightly blurry,1236,1946,1361,1993,research_outputs/golden_dataset_local_tests/crops/1770339128729_0244_1054_08-003/054_RDC_SKU_1236_1946_1361_1993.jpg,research_outputs/golden_dataset_local_tests/label_overlays_expected_sku/1770339128729_0244_1054_08-003_labels.jpg,yes,1004685270,-10.0:1004685270|-5.0:1004685270|0.0:1004685270|5.0:1004685270|10.0:1004685270|180.0:1004685270,,
1770339128729_0244_1054_08-003.jpg|RDC_SKU|864|1931|981|1974,1770339128729_0244_1054_08-003.jpg,1770339128729_0244_1054_08-003.json,56,RDC_SKU,N/A,not_applicable,non-scorable,,Completely blurry,864,1931,981,1974,research_outputs/golden_dataset_local_tests/crops/1770339128729_0244_1054_08-003/056_RDC_SKU_864_1931_981_1974.jpg,research_outputs/golden_dataset_local_tests/label_overlays_expected_sku/1770339128729_0244_1054_08-003_labels.jpg,yes,,,,
1770339128729_0244_1054_08-003.jpg|RDC_SKU|1505|2266|1635|2306,1770339128729_0244_1054_08-003.jpg,1770339128729_0244_1054_08-003.json,61,RDC_SKU,1007712483,reviewed,scorable,,Slightly blurry,1505,2266,1635,2306,research_outputs/golden_dataset_local_tests/crops/1770339128729_0244_1054_08-003/061_RDC_SKU_1505_2266_1635_2306.jpg,research_outputs/golden_dataset_local_tests/label_overlays_expected_sku/1770339128729_0244_1054_08-003_labels.jpg,yes,1007712483,-10.0:1007712483|-5.0:1007712483|0.0:1007712483|5.0:1007712483|10.0:1007712483|180.0:1007712483,,
1770339128729_0244_1054_08-003.jpg|RDC_SKU|1748|1986|1883|2045,1770339128729_0244_1054_08-003.jpg,1770339128729_0244_1054_08-003.json,63,RDC_SKU,1004685270,reviewed,scorable,,Slightly blurry,1748,1986,1883,2045,research_outputs/golden_dataset_local_tests/crops/1770339128729_0244_1054_08-003/063_RDC_SKU_1748_1986_1883_2045.jpg,research_outputs/golden_dataset_local_tests/label_overlays_expected_sku/1770339128729_0244_1054_08-003_labels.jpg,yes,1004685270,-10.0:1004685270|-5.0:1004685270|0.0:1004685270|5.0:1004685270|10.0:1004685270|180.0:1004685270,,
1770339128729_0244_1054_08-003.jpg|RDC_SKU|2243|1582|2373|1645,1770339128729_0244_1054_08-003.jpg,1770339128729_0244_1054_08-003.json,66,RDC_SKU,1004685272,reviewed,scorable,,Slightly blurry,2243,1582,2373,1645,research_outputs/golden_dataset_local_tests/crops/1770339128729_0244_1054_08-003/066_RDC_SKU_2243_1582_2373_1645.jpg,research_outputs/golden_dataset_local_tests/label_overlays_expected_sku/1770339128729_0244_1054_08-003_labels.jpg,yes,1004685272,-10.0:1004685272|-5.0:1004685272|0.0:1004685272|5.0:1004685272|10.0:1004685272|180.0:1004685272,,
1770339128729_0244_1054_08-003.jpg|RDC_SKU|2754|1762|2894|1813,1770339128729_0244_1054_08-003.jpg,1770339128729_0244_1054_08-003.json,70,RDC_SKU,1012330735,reviewed,scorable,,Slightly blurry,2754,1762,2894,1813,research_outputs/golden_dataset_local_tests/crops/1770339128729_0244_1054_08-003/070_RDC_SKU_2754_1762_2894_1813.jpg,research_outputs/golden_dataset_local_tests/label_overlays_expected_sku/1770339128729_0244_1054_08-003_labels.jpg,yes,1012330735,-10.0:1012330735|-5.0:1012330735|0.0:1012330735|5.0:1012330735|10.0:1012330735|180.0:1012330735,,
1770339128729_0244_1054_08-003.jpg|RDC_SKU|3688|1777|3825|1836,1770339128729_0244_1054_08-003.jpg,1770339128729_0244_1054_08-003.json,74,RDC_SKU,1012166127,reviewed,scorable,,Slightly blurry,3688,1777,3825,1836,research_outputs/golden_dataset_local_tests/crops/1770339128729_0244_1054_08-003/074_RDC_SKU_3688_1777_3825_1836.jpg,research_outputs/golden_dataset_local_tests/label_overlays_expected_sku/1770339128729_0244_1054_08-003_labels.jpg,yes,1012166127,-10.0:1012166127|-5.0:1012166127|0.0:1012166127|5.0:1012166127|10.0:1012166127|180.0:1012166127,,
1770339128729_0244_1054_08-003.jpg|RDC_SKU|3968|1630|4107|1679,1770339128729_0244_1054_08-003.jpg,1770339128729_0244_1054_08-003.json,77,RDC_SKU,N/A,not_applicable,non-scorable,,Ambiguous digit on blurry RDC strip (0 vs 1); not scorable ground truth,3968,1630,4107,1679,research_outputs/golden_dataset_local_tests/crops/1770339128729_0244_1054_08-003/077_RDC_SKU_3968_1630_4107_1679.jpg,research_outputs/golden_dataset_local_tests/label_overlays_expected_sku/1770339128729_0244_1054_08-003_labels.jpg,yes,1012330735,-10.0:1012330735|-5.0:1017331735|0.0:1012331735|5.0:1017331735|10.0:1012331735|180.0:1012331735,,
1770339128729_0244_1054_08-003.jpg|RDC_SKU|4128|1990|4261|2032,1770339128729_0244_1054_08-003.jpg,1770339128729_0244_1054_08-003.json,80,RDC_SKU,1012330735,reviewed,scorable,,Slightly blurry,4128,1990,4261,2032,research_outputs/golden_dataset_local_tests/crops/1770339128729_0244_1054_08-003/080_RDC_SKU_4128_1990_4261_2032.jpg,research_outputs/golden_dataset_local_tests/label_overlays_expected_sku/1770339128729_0244_1054_08-003_labels.jpg,yes,1012330735,-10.0:1012330735|-5.0:1012330735|0.0:1012330735|5.0:1012330735|10.0:1012330735|180.0:1012330735,,
1770339128729_0244_1054_08-003.jpg|RDC_SKU|3717|1970|3855|2023,1770339128729_0244_1054_08-003.jpg,1770339128729_0244_1054_08-003.json,82,RDC_SKU,1012166127,reviewed,scorable,,slightly blurry,3717,1970,3855,2023,research_outputs/golden_dataset_local_tests/crops/1770339128729_0244_1054_08-003/082_RDC_SKU_3717_1970_3855_2023.jpg,research_outputs/golden_dataset_local_tests/label_overlays_expected_sku/1770339128729_0244_1054_08-003_labels.jpg,yes,1012166127,-10.0:1012166127|-5.0:1012166127|0.0:1012166127|5.0:1012166127|10.0:1012166127|180.0:1012166127,,
1770339128729_0244_1054_08-003.jpg|RDC_SKU|2152|2046|2290|2087,1770339128729_0244_1054_08-003.jpg,1770339128729_0244_1054_08-003.json,85,RDC_SKU,1007568504,reviewed,scorable,,Slightly blurry but legible,2152,2046,2290,2087,research_outputs/golden_dataset_local_tests/crops/1770339128729_0244_1054_08-003/085_RDC_SKU_2152_2046_2290_2087.jpg,research_outputs/golden_dataset_local_tests/label_overlays_expected_sku/1770339128729_0244_1054_08-003_labels.jpg,yes,1007568504,-10.0:1007568504|-5.0:1007568504|0.0:1007568504|5.0:1007568504|10.0:1007568504|180.0:1007568504,,
1770339128729_0244_1054_08-003.jpg|RDC_SKU|2979|1966|3119|2013,1770339128729_0244_1054_08-003.jpg,1770339128729_0244_1054_08-003.json,90,RDC_SKU,1007568504,reviewed,scorable,,Slightly blurry,2979,1966,3119,2013,research_outputs/golden_dataset_local_tests/crops/1770339128729_0244_1054_08-003/090_RDC_SKU_2979_1966_3119_2013.jpg,research_outputs/golden_dataset_local_tests/label_overlays_expected_sku/1770339128729_0244_1054_08-003_labels.jpg,yes,1007568504,-10.0:1007568504|-5.0:1007568504|0.0:1007568504|5.0:1007568504|10.0:1007568504|180.0:1007568504,,
1770339128729_0244_1054_08-003.jpg|RDC_SKU|814|2288|935|2331,1770339128729_0244_1054_08-003.jpg,1770339128729_0244_1054_08-003.json,96,RDC_SKU,N/A,not_applicable,non-scorable,,Completely blurry,814,2288,935,2331,research_outputs/golden_dataset_local_tests/crops/1770339128729_0244_1054_08-003/096_RDC_SKU_814_2288_935_2331.jpg,research_outputs/golden_dataset_local_tests/label_overlays_expected_sku/1770339128729_0244_1054_08-003_labels.jpg,yes,1034685295,-10.0:1004685295|-5.0:1034685295|0.0:1094685295|5.0:1004685295|10.0:1004685295|180.0:1004685295,,
1770339128729_0244_1054_08-003.jpg|RDC_SKU|1094|2356|1222|2403,1770339128729_0244_1054_08-003.jpg,1770339128729_0244_1054_08-003.json,98,RDC_SKU,1004685270,reviewed,scorable,,Slightly blurry,1094,2356,1222,2403,research_outputs/golden_dataset_local_tests/crops/1770339128729_0244_1054_08-003/098_RDC_SKU_1094_2356_1222_2403.jpg,research_outputs/golden_dataset_local_tests/label_overlays_expected_sku/1770339128729_0244_1054_08-003_labels.jpg,yes,1004685270,-10.0:1004685270|-5.0:1004685270|0.0:1004685270|5.0:1004685270|10.0:1004685270|180.0:1004685270,,
1770339128729_0244_1054_08-003.jpg|RDC_SKU|1422|2362|1558|2415,1770339128729_0244_1054_08-003.jpg,1770339128729_0244_1054_08-003.json,101,RDC_SKU,1007712483,reviewed,scorable,,Slightly blurry,1422,2362,1558,2415,research_outputs/golden_dataset_local_tests/crops/1770339128729_0244_1054_08-003/101_RDC_SKU_1422_2362_1558_2415.jpg,research_outputs/golden_dataset_local_tests/label_overlays_expected_sku/1770339128729_0244_1054_08-003_labels.jpg,yes,1007712483,-10.0:1007712483|-5.0:1007712483|0.0:1007712483|5.0:1007712483|10.0:1007712483|180.0:1007712483,,
1770339128729_0244_1054_08-003.jpg|RDC_SKU|1757|2319|1895|2366,1770339128729_0244_1054_08-003.jpg,1770339128729_0244_1054_08-003.json,104,RDC_SKU,1007712482,reviewed,scorable,,Slightly blurry,1757,2319,1895,2366,research_outputs/golden_dataset_local_tests/crops/1770339128729_0244_1054_08-003/104_RDC_SKU_1757_2319_1895_2366.jpg,research_outputs/golden_dataset_local_tests/label_overlays_expected_sku/1770339128729_0244_1054_08-003_labels.jpg,yes,1007712482,-10.0:1007712482|-5.0:1007712482|0.0:1007712482|5.0:1007712482|10.0:1007712482|180.0:1007712482,,
1770339128729_0244_1054_08-003.jpg|RDC_SKU|2159|2396|2300|2446,1770339128729_0244_1054_08-003.jpg,1770339128729_0244_1054_08-003.json,107,RDC_SKU,1007568504,reviewed,scorable,,slightly blurry,2159,2396,2300,2446,research_outputs/golden_dataset_local_tests/crops/1770339128729_0244_1054_08-003/107_RDC_SKU_2159_2396_2300_2446.jpg,research_outputs/golden_dataset_local_tests/label_overlays_expected_sku/1770339128729_0244_1054_08-003_labels.jpg,yes,1007568504,-10.0:1007568504|-5.0:1007568504|0.0:1007568504|5.0:1007568504|10.0:1007568504|180.0:1007568504,,
1770339128729_0244_1054_08-003.jpg|RDC_SKU|3374|2330|3515|2372,1770339128729_0244_1054_08-003.jpg,1770339128729_0244_1054_08-003.json,113,RDC_SKU,1012166131,reviewed,scorable,,Slighty blurry,3374,2330,3515,2372,research_outputs/golden_dataset_local_tests/crops/1770339128729_0244_1054_08-003/113_RDC_SKU_3374_2330_3515_2372.jpg,research_outputs/golden_dataset_local_tests/label_overlays_expected_sku/1770339128729_0244_1054_08-003_labels.jpg,yes,1012166131,-10.0:1012166131|-5.0:1012166131|0.0:1012166131|5.0:1012166131|10.0:1012166131|180.0:1012166131,,
1770339128729_0244_1054_08-003.jpg|RDC_SKU|4095|2457|4232|2518,1770339128729_0244_1054_08-003.jpg,1770339128729_0244_1054_08-003.json,116,RDC_SKU,1012330735,reviewed,scorable,,Slightly blurry,4095,2457,4232,2518,research_outputs/golden_dataset_local_tests/crops/1770339128729_0244_1054_08-003/116_RDC_SKU_4095_2457_4232_2518.jpg,research_outputs/golden_dataset_local_tests/label_overlays_expected_sku/1770339128729_0244_1054_08-003_labels.jpg,yes,1012330735,-10.0:1012330735|-5.0:1012330735|0.0:1012330735|5.0:1012330735|10.0:1012330735|180.0:1012330735,,
1770339128729_0244_1054_08-003.jpg|RDC_SKU|696|3069|799|3116,1770339128729_0244_1054_08-003.jpg,1770339128729_0244_1054_08-003.json,119,RDC_SKU,N/A,not_applicable,non-scorable,,Completely blurry,696,3069,799,3116,research_outputs/golden_dataset_local_tests/crops/1770339128729_0244_1054_08-003/119_RDC_SKU_696_3069_799_3116.jpg,research_outputs/golden_dataset_local_tests/label_overlays_expected_sku/1770339128729_0244_1054_08-003_labels.jpg,yes,100458,,,
1770339128729_0244_1054_08-003.jpg|RDC_SKU|1105|3471|1231|3518,1770339128729_0244_1054_08-003.jpg,1770339128729_0244_1054_08-003.json,121,RDC_SKU,1037343423,reviewed,scorable,,Legible with some blocked out numbers,1105,3471,1231,3518,research_outputs/golden_dataset_local_tests/crops/1770339128729_0244_1054_08-003/121_RDC_SKU_1105_3471_1231_3518.jpg,research_outputs/golden_dataset_local_tests/label_overlays_expected_sku/1770339128729_0244_1054_08-003_labels.jpg,yes,1037343423,-10.0:1007343423|-5.0:1007343423|0.0:1007343423|5.0:1007343423|10.0:1007343423|180.0:1007343423,,
1770339128729_0244_1054_08-003.jpg|RDC_SKU|1306|3320|1439|3386,1770339128729_0244_1054_08-003.jpg,1770339128729_0244_1054_08-003.json,123,RDC_SKU,1007343423,reviewed,scorable,,Slightly blurry,1306,3320,1439,3386,research_outputs/golden_dataset_local_tests/crops/1770339128729_0244_1054_08-003/123_RDC_SKU_1306_3320_1439_3386.jpg,research_outputs/golden_dataset_local_tests/label_overlays_expected_sku/1770339128729_0244_1054_08-003_labels.jpg,yes,1007343423,-10.0:1007343423|-5.0:1007343423|0.0:1007343423|5.0:1007343423|10.0:1007343423|180.0:1007343423,,
1770339128729_0244_1054_08-003.jpg|RDC_SKU|1566|3147|1700|3195,1770339128729_0244_1054_08-003.jpg,1770339128729_0244_1054_08-003.json,125,RDC_SKU,1007343423,reviewed,scorable,,Slightly blurry,1566,3147,1700,3195,research_outputs/golden_dataset_local_tests/crops/1770339128729_0244_1054_08-003/125_RDC_SKU_1566_3147_1700_3195.jpg,research_outputs/golden_dataset_local_tests/label_overlays_expected_sku/1770339128729_0244_1054_08-003_labels.jpg,yes,1007343423,-10.0:1007343423|-5.0:1007343423|0.0:1007343423|5.0:1007343423|10.0:1007343423|180.0:1007343423,,
1770339128729_0244_1054_08-003.jpg|RDC_SKU|2004|3143|2140|3219,1770339128729_0244_1054_08-003.jpg,1770339128729_0244_1054_08-003.json,127,RDC_SKU,1007343423,reviewed,scorable,,Slightly blurry,2004,3143,2140,3219,research_outputs/golden_dataset_local_tests/crops/1770339128729_0244_1054_08-003/127_RDC_SKU_2004_3143_2140_3219.jpg,research_outputs/golden_dataset_local_tests/label_overlays_expected_sku/1770339128729_0244_1054_08-003_labels.jpg,yes,1007343423,-10.0:1007343423|-5.0:1007343423|0.0:1007343423|5.0:1007343423|10.0:1007343423|180.0:1007343423,,
1770339128729_0244_1054_08-003.jpg|RDC_SKU|2217|3194|2354|3236,1770339128729_0244_1054_08-003.jpg,1770339128729_0244_1054_08-003.json,129,RDC_SKU,1007343423,reviewed,scorable,,Slightly blurry,2217,3194,2354,3236,research_outputs/golden_dataset_local_tests/crops/1770339128729_0244_1054_08-003/129_RDC_SKU_2217_3194_2354_3236.jpg,research_outputs/golden_dataset_local_tests/label_overlays_expected_sku/1770339128729_0244_1054_08-003_labels.jpg,yes,1007343423,-10.0:1007343423|-5.0:1007343423|0.0:1007343423|5.0:1007343423|10.0:1007343423|180.0:1007343423,,
1770339128729_0244_1054_08-003.jpg|RDC_SKU|3743|2541|3894|2596,1770339128729_0244_1054_08-003.jpg,1770339128729_0244_1054_08-003.json,131,RDC_SKU,N/A,not_applicable,non-scorable,,"Numbers blocked off, cannot confirm them",3743,2541,3894,2596,research_outputs/golden_dataset_local_tests/crops/1770339128729_0244_1054_08-003/131_RDC_SKU_3743_2541_3894_2596.jpg,research_outputs/golden_dataset_local_tests/label_overlays_expected_sku/1770339128729_0244_1054_08-003_labels.jpg,yes,1012166127,0.0:1012166127|180.0:1012166127,,
1770339128729_0244_1054_08-003.jpg|RDC_SKU|2195|1950|2346|2015,1770339128729_0244_1054_08-003.jpg,1770339128729_0244_1054_08-003.json,133,RDC_SKU,N/A,not_applicable,non-scorable,,Numbers are cut off,2195,1950,2346,2015,research_outputs/golden_dataset_local_tests/crops/1770339128729_0244_1054_08-003/133_RDC_SKU_2195_1950_2346_2015.jpg,research_outputs/golden_dataset_local_tests/label_overlays_expected_sku/1770339128729_0244_1054_08-003_labels.jpg,yes,1812106136,-10.0:1012106136|-5.0:1312106136|0.0:1012106136|5.0:1012106136|10.0:1912106136|180.0:1912106136,,
1770339128729_0244_1054_08-003.jpg|RDC_SKU|923|1838|1051|1888,1770339128729_0244_1054_08-003.jpg,1770339128729_0244_1054_08-003.json,136,RDC_SKU,N/A,not_applicable,non-scorable,,Too blurry,923,1838,1051,1888,research_outputs/golden_dataset_local_tests/crops/1770339128729_0244_1054_08-003/136_RDC_SKU_923_1838_1051_1888.jpg,research_outputs/golden_dataset_local_tests/label_overlays_expected_sku/1770339128729_0244_1054_08-003_labels.jpg,yes,1012166117,-10.0:1012166117|-5.0:1012166117|0.0:1012166117|5.0:1012166117|10.0:1012166117|180.0:1012166117,,
1770339128729_0244_1054_08-003.jpg|Pallet_SKU|1668|0|1944|63,1770339128729_0244_1054_08-003.jpg,1770339128729_0244_1054_08-003.json,138,Pallet_SKU,1005721254,reviewed,scorable,,,1668,0,1944,63,research_outputs/golden_dataset_local_tests/crops/1770339128729_0244_1054_08-003/138_Pallet_SKU_1668_0_1944_63.jpg,research_outputs/golden_dataset_local_tests/label_overlays_expected_sku/1770339128729_0244_1054_08-003_labels.jpg,yes,1005721254,-10.0:1005721254|-5.0:1005721254|0.0:1005721254|5.0:1005721254|10.0:1005721254|180.0:1005721254,,
1770339128729_0244_1063_08-004.jpg|Pallet_SKU|1302|958|1528|1050,1770339128729_0244_1063_08-004.jpg,1770339128729_0244_1063_08-004.json,0,Pallet_SKU,839469,reviewed,scorable,,,1302,958,1528,1050,research_outputs/golden_dataset_local_tests/crops/1770339128729_0244_1063_08-004/000_Pallet_SKU_1302_958_1528_1050.jpg,research_outputs/golden_dataset_local_tests/label_overlays_expected_sku/1770339128729_0244_1063_08-004_labels.jpg,yes,839469,-10.0:839469|-5.0:839469|0.0:839469|5.0:839469|10.0:839469|180.0:839469,,
1770339128729_0244_1063_08-004.jpg|Pallet_SKU|2413|750|2674|825,1770339128729_0244_1063_08-004.jpg,1770339128729_0244_1063_08-004.json,2,Pallet_SKU,399775,reviewed,scorable,,,2413,750,2674,825,research_outputs/golden_dataset_local_tests/crops/1770339128729_0244_1063_08-004/002_Pallet_SKU_2413_750_2674_825.jpg,research_outputs/golden_dataset_local_tests/label_overlays_expected_sku/1770339128729_0244_1063_08-004_labels.jpg,yes,399775,-10.0:399775|-5.0:399775|0.0:399775|5.0:399775|10.0:399775|180.0:399775,,
1770339128729_0244_1063_08-004.jpg|Pallet_SKU|3702|322|3981|412,1770339128729_0244_1063_08-004.jpg,1770339128729_0244_1063_08-004.json,4,Pallet_SKU,205330,reviewed,scorable,,,3702,322,3981,412,research_outputs/golden_dataset_local_tests/crops/1770339128729_0244_1063_08-004/004_Pallet_SKU_3702_322_3981_412.jpg,research_outputs/golden_dataset_local_tests/label_overlays_expected_sku/1770339128729_0244_1063_08-004_labels.jpg,yes,205330,-10.0:205330|-5.0:205330|0.0:205330|5.0:205330|10.0:205330|180.0:205330,,
1770339128729_0244_1063_08-004.jpg|RDC_SKU|3245|2448|3426|2513,1770339128729_0244_1063_08-004.jpg,1770339128729_0244_1063_08-004.json,9,RDC_SKU,1004685270,reviewed,scorable,,Slightly covered,3245,2448,3426,2513,research_outputs/golden_dataset_local_tests/crops/1770339128729_0244_1063_08-004/009_RDC_SKU_3245_2448_3426_2513.jpg,research_outputs/golden_dataset_local_tests/label_overlays_expected_sku/1770339128729_0244_1063_08-004_labels.jpg,yes,1004685270,-10.0:1004685270|-5.0:1004685270|0.0:1004685270|5.0:1004685270|10.0:1004685270|180.0:1004685270,,
1770339128729_0244_1063_08-004.jpg|RDC_SKU|1076|2035|1201|2090,1770339128729_0244_1063_08-004.jpg,1770339128729_0244_1063_08-004.json,17,RDC_SKU,N/A,not_applicable,non-scorable,,Too blurry,1076,2035,1201,2090,research_outputs/golden_dataset_local_tests/crops/1770339128729_0244_1063_08-004/017_RDC_SKU_1076_2035_1201_2090.jpg,research_outputs/golden_dataset_local_tests/label_overlays_expected_sku/1770339128729_0244_1063_08-004_labels.jpg,yes,1007343429,-10.0:1007343429|-5.0:1007343429|0.0:1007343429|5.0:1007343429|10.0:1007343429|180.0:1007343429,,
1770339128729_0244_1063_08-004.jpg|RDC_SKU|648|2178|749|2218,1770339128729_0244_1063_08-004.jpg,1770339128729_0244_1063_08-004.json,21,RDC_SKU,N/A,not_applicable,non-scorable,,Way too blurry,648,2178,749,2218,research_outputs/golden_dataset_local_tests/crops/1770339128729_0244_1063_08-004/021_RDC_SKU_648_2178_749_2218.jpg,research_outputs/golden_dataset_local_tests/label_overlays_expected_sku/1770339128729_0244_1063_08-004_labels.jpg,yes,,,,
1770339128729_0244_1063_08-004.jpg|RDC_SKU|1963|2563|2117|2613,1770339128729_0244_1063_08-004.jpg,1770339128729_0244_1063_08-004.json,31,RDC_SKU,N/A,not_applicable,non-scorable,,Ending numbers are cut off,1963,2563,2117,2613,research_outputs/golden_dataset_local_tests/crops/1770339128729_0244_1063_08-004/031_RDC_SKU_1963_2563_2117_2613.jpg,research_outputs/golden_dataset_local_tests/label_overlays_expected_sku/1770339128729_0244_1063_08-004_labels.jpg,yes,1005506561,-10.0:1005506521|-5.0:1005506521|0.0:1005506561|5.0:1005506561|180.0:1005506561,,
1770339128729_0244_1063_08-004.jpg|RDC_SKU|2342|2649|2510|2711,1770339128729_0244_1063_08-004.jpg,1770339128729_0244_1063_08-004.json,33,RDC_SKU,1012502736,reviewed,scorable,,,2342,2649,2510,2711,research_outputs/golden_dataset_local_tests/crops/1770339128729_0244_1063_08-004/033_RDC_SKU_2342_2649_2510_2711.jpg,research_outputs/golden_dataset_local_tests/label_overlays_expected_sku/1770339128729_0244_1063_08-004_labels.jpg,yes,1012502736,-10.0:1012502736|-5.0:1012502736|0.0:1012502736|5.0:1012502736|10.0:1012502736|180.0:1012502736,,
1770339128729_0244_1090_08-005.jpg|Pallet_SKU|1724|606|1901|685,1770339128729_0244_1090_08-005.jpg,1770339128729_0244_1090_08-005.json,0,Pallet_SKU,207585,reviewed,scorable,,,1724,606,1901,685,research_outputs/golden_dataset_local_tests/crops/1770339128729_0244_1090_08-005/000_Pallet_SKU_1724_606_1901_685.jpg,research_outputs/golden_dataset_local_tests/label_overlays_expected_sku/1770339128729_0244_1090_08-005_labels.jpg,yes,207585,-10.0:207585|-5.0:207585|0.0:207585|5.0:207585|10.0:207585|180.0:207585,,
1770339128729_0244_1090_08-005.jpg|Pallet_SKU|3138|381|3282|435,1770339128729_0244_1090_08-005.jpg,1770339128729_0244_1090_08-005.json,2,Pallet_SKU,207585,reviewed,scorable,,,3138,381,3282,435,research_outputs/golden_dataset_local_tests/crops/1770339128729_0244_1090_08-005/002_Pallet_SKU_3138_381_3282_435.jpg,research_outputs/golden_dataset_local_tests/label_overlays_expected_sku/1770339128729_0244_1090_08-005_labels.jpg,yes,207585,-10.0:207585|-5.0:207585|0.0:207585|5.0:207585|10.0:207585|180.0:207585,,
1770339128729_0244_1090_08-005.jpg|Pallet_SKU|3065|424|3286|480,1770339128729_0244_1090_08-005.jpg,1770339128729_0244_1090_08-005.json,3,Pallet_SKU,1005721254,reviewed,scorable,,,3065,424,3286,480,research_outputs/golden_dataset_local_tests/crops/1770339128729_0244_1090_08-005/003_Pallet_SKU_3065_424_3286_480.jpg,research_outputs/golden_dataset_local_tests/label_overlays_expected_sku/1770339128729_0244_1090_08-005_labels.jpg,yes,1005721254,-10.0:1005721254|-5.0:1005721254|0.0:1005721254|5.0:1005721254|10.0:1005721254|180.0:1005721254,,
1770339128729_0244_1090_08-005.jpg|RDC_SKU|3785|1048|3835|1121,1770339128729_0244_1090_08-005.jpg,1770339128729_0244_1090_08-005.json,6,RDC_SKU,N/A,not_applicable,non-scorable,,Hell no,3785,1048,3835,1121,research_outputs/golden_dataset_local_tests/crops/1770339128729_0244_1090_08-005/006_RDC_SKU_3785_1048_3835_1121.jpg,research_outputs/golden_dataset_local_tests/label_overlays_expected_sku/1770339128729_0244_1090_08-005_labels.jpg,yes,,,,
1770339128729_0244_1090_08-005.jpg|RDC_SKU|3478|1217|3600|1252,1770339128729_0244_1090_08-005.jpg,1770339128729_0244_1090_08-005.json,9,RDC_SKU,N/A,not_applicable,non-scorable,,Too blurry,3478,1217,3600,1252,research_outputs/golden_dataset_local_tests/crops/1770339128729_0244_1090_08-005/009_RDC_SKU_3478_1217_3600_1252.jpg,research_outputs/golden_dataset_local_tests/label_overlays_expected_sku/1770339128729_0244_1090_08-005_labels.jpg,yes,1005070229,-10.0:1005070229|-5.0:1005070229|0.0:1005070289|5.0:1005070229|10.0:1005070229|180.0:1005070229,,
1770339128729_0244_1090_08-005.jpg|RDC_SKU|2515|1115|2643|1156,1770339128729_0244_1090_08-005.jpg,1770339128729_0244_1090_08-005.json,17,RDC_SKU,N/A,not_applicable,non-scorable,,Too blurry,2515,1115,2643,1156,research_outputs/golden_dataset_local_tests/crops/1770339128729_0244_1090_08-005/017_RDC_SKU_2515_1115_2643_1156.jpg,research_outputs/golden_dataset_local_tests/label_overlays_expected_sku/1770339128729_0244_1090_08-005_labels.jpg,yes,1014390809,-10.0:1014390642|-5.0:1014390642|0.0:1014390542|10.0:1014390642|180.0:1014390549,,
1770339128729_0244_1090_08-005.jpg|RDC_SKU|1630|1274|1745|1320,1770339128729_0244_1090_08-005.jpg,1770339128729_0244_1090_08-005.json,28,RDC_SKU,N/A,not_applicable,non-scorable,,Too blurry,1630,1274,1745,1320,research_outputs/golden_dataset_local_tests/crops/1770339128729_0244_1090_08-005/028_RDC_SKU_1630_1274_1745_1320.jpg,research_outputs/golden_dataset_local_tests/label_overlays_expected_sku/1770339128729_0244_1090_08-005_labels.jpg,yes,1010633170,-10.0:1010633170|-5.0:1010533170|0.0:1010633170|5.0:1010633170|10.0:1010633170|180.0:1010633170,,
1770339128729_0244_1090_08-005.jpg|RDC_SKU|1903|1255|2010|1289,1770339128729_0244_1090_08-005.jpg,1770339128729_0244_1090_08-005.json,30,RDC_SKU,N/A,not_applicable,non-scorable,,Way too blurry,1903,1255,2010,1289,research_outputs/golden_dataset_local_tests/crops/1770339128729_0244_1090_08-005/030_RDC_SKU_1903_1255_2010_1289.jpg,research_outputs/golden_dataset_local_tests/label_overlays_expected_sku/1770339128729_0244_1090_08-005_labels.jpg,yes,,,,
1770339128729_0244_1090_08-005.jpg|RDC_SKU|1958|1077|2067|1111,1770339128729_0244_1090_08-005.jpg,1770339128729_0244_1090_08-005.json,32,RDC_SKU,N/A,not_applicable,non-scorable,,Too blurry,1958,1077,2067,1111,research_outputs/golden_dataset_local_tests/crops/1770339128729_0244_1090_08-005/032_RDC_SKU_1958_1077_2067_1111.jpg,research_outputs/golden_dataset_local_tests/label_overlays_expected_sku/1770339128729_0244_1090_08-005_labels.jpg,yes,1010533170,-10.0:1010533170|-5.0:1010533170|0.0:1810533170|5.0:1810533170|10.0:1810533170|180.0:1810533170,,
1770339128729_0244_1090_08-005.jpg|RDC_SKU|2241|1015|2355|1066,1770339128729_0244_1090_08-005.jpg,1770339128729_0244_1090_08-005.json,34,RDC_SKU,N/A,not_applicable,non-scorable,,Too blurry,2241,1015,2355,1066,research_outputs/golden_dataset_local_tests/crops/1770339128729_0244_1090_08-005/034_RDC_SKU_2241_1015_2355_1066.jpg,research_outputs/golden_dataset_local_tests/label_overlays_expected_sku/1770339128729_0244_1090_08-005_labels.jpg,yes,1010533173,-10.0:1010533173|-5.0:1010533173|0.0:1010533173|5.0:1010533173|10.0:1010533173|180.0:1010533173,,
1770339128729_0244_1090_08-005.jpg|RDC_SKU|2180|1322|2300|1364,1770339128729_0244_1090_08-005.jpg,1770339128729_0244_1090_08-005.json,36,RDC_SKU,N/A,not_applicable,non-scorable,,Too blurry,2180,1322,2300,1364,research_outputs/golden_dataset_local_tests/crops/1770339128729_0244_1090_08-005/036_RDC_SKU_2180_1322_2300_1364.jpg,research_outputs/golden_dataset_local_tests/label_overlays_expected_sku/1770339128729_0244_1090_08-005_labels.jpg,yes,1010633173,-10.0:1010633173|-5.0:1010633173|0.0:1010633173|5.0:1010633173|10.0:1010633173|180.0:1010633173,,
1770339128729_0244_1096_08-006.jpg|Pallet_SKU|1313|693|1558|779,1770339128729_0244_1096_08-006.jpg,1770339128729_0244_1096_08-006.json,0,Pallet_SKU,1014126168,reviewed,scorable,,,1313,693,1558,779,research_outputs/golden_dataset_local_tests/crops/1770339128729_0244_1096_08-006/000_Pallet_SKU_1313_693_1558_779.jpg,research_outputs/golden_dataset_local_tests/label_overlays_expected_sku/1770339128729_0244_1096_08-006_labels.jpg,yes,1014126168,-10.0:1014126168|-5.0:1014126168|0.0:1014126168|5.0:1014126168|10.0:1014126168|180.0:1014126168,,
1770339128729_0244_1096_08-006.jpg|Pallet_SKU|1308|759|1551|856,1770339128729_0244_1096_08-006.jpg,1770339128729_0244_1096_08-006.json,1,Pallet_SKU,1014126178,reviewed,scorable,,,1308,759,1551,856,research_outputs/golden_dataset_local_tests/crops/1770339128729_0244_1096_08-006/001_Pallet_SKU_1308_759_1551_856.jpg,research_outputs/golden_dataset_local_tests/label_overlays_expected_sku/1770339128729_0244_1096_08-006_labels.jpg,yes,1014126178,-10.0:1014126178|-5.0:1014126178|0.0:1014126178|5.0:1014126178|10.0:1014126178|180.0:1014126178,,
1770339128729_0244_1096_08-006.jpg|Pallet_SKU|2563|165|2853|295,1770339128729_0244_1096_08-006.jpg,1770339128729_0244_1096_08-006.json,3,Pallet_SKU,399727,reviewed,scorable,,,2563,165,2853,295,research_outputs/golden_dataset_local_tests/crops/1770339128729_0244_1096_08-006/003_Pallet_SKU_2563_165_2853_295.jpg,research_outputs/golden_dataset_local_tests/label_overlays_expected_sku/1770339128729_0244_1096_08-006_labels.jpg,yes,399727,-10.0:399727|-5.0:399727|0.0:399727|5.0:399727|10.0:399727|180.0:399727,,
1770339128729_0244_1096_08-006.jpg|Pallet_SKU|4193|61|4502|159,1770339128729_0244_1096_08-006.jpg,1770339128729_0244_1096_08-006.json,5,Pallet_SKU,399775,reviewed,scorable,,,4193,61,4502,159,research_outputs/golden_dataset_local_tests/crops/1770339128729_0244_1096_08-006/005_Pallet_SKU_4193_61_4502_159.jpg,research_outputs/golden_dataset_local_tests/label_overlays_expected_sku/1770339128729_0244_1096_08-006_labels.jpg,yes,399775,-10.0:399775|-5.0:399775|0.0:399775|5.0:399775|10.0:399775|180.0:399775,,
1770339128729_0244_1096_08-006.jpg|Handwritte_SKU|3307|1291|3812|1465,1770339128729_0244_1096_08-006.jpg,1770339128729_0244_1096_08-006.json,8,Handwritte_SKU,1005401385,reviewed,scorable,,,3307,1291,3812,1465,research_outputs/golden_dataset_local_tests/crops/1770339128729_0244_1096_08-006/008_Handwritte_SKU_3307_1291_3812_1465.jpg,research_outputs/golden_dataset_local_tests/label_overlays_expected_sku/1770339128729_0244_1096_08-006_labels.jpg,yes,1005401385,-10.0:1005401385|-5.0:1005401385|0.0:1005401385|5.0:1005401385|10.0:1005401385|180.0:1005401385,,
1770339128729_0244_1096_08-006.jpg|Handwritte_SKU|2789|1389|3242|1591,1770339128729_0244_1096_08-006.jpg,1770339128729_0244_1096_08-006.json,12,Handwritte_SKU,1005401395,reviewed,scorable,,,2789,1389,3242,1591,research_outputs/golden_dataset_local_tests/crops/1770339128729_0244_1096_08-006/012_Handwritte_SKU_2789_1389_3242_1591.jpg,research_outputs/golden_dataset_local_tests/label_overlays_expected_sku/1770339128729_0244_1096_08-006_labels.jpg,yes,1005401395,-10.0:1005401395|-5.0:1005401395|0.0:1005401395|5.0:1005401395|10.0:1005401395|180.0:1005401395,,
1770339128729_0244_1096_08-006.jpg|Handwritte_SKU|2298|1488|2697|1621,1770339128729_0244_1096_08-006.jpg,1770339128729_0244_1096_08-006.json,15,Handwritte_SKU,1005401383,reviewed,scorable,,,2298,1488,2697,1621,research_outputs/golden_dataset_local_tests/crops/1770339128729_0244_1096_08-006/015_Handwritte_SKU_2298_1488_2697_1621.jpg,research_outputs/golden_dataset_local_tests/label_overlays_expected_sku/1770339128729_0244_1096_08-006_labels.jpg,yes,1005401383,-10.0:1005401383|-5.0:1005401383|0.0:1005401383|5.0:1005401383|10.0:1005401383|180.0:1005401383,,
1770339128729_0244_1096_08-006.jpg|Handwritte_SKU|1837|1588|2193|1738,1770339128729_0244_1096_08-006.jpg,1770339128729_0244_1096_08-006.json,18,Handwritte_SKU,1005401391,reviewed,scorable,,,1837,1588,2193,1738,research_outputs/golden_dataset_local_tests/crops/1770339128729_0244_1096_08-006/018_Handwritte_SKU_1837_1588_2193_1738.jpg,research_outputs/golden_dataset_local_tests/label_overlays_expected_sku/1770339128729_0244_1096_08-006_labels.jpg,yes,1005401391,-10.0:1005401391|-5.0:1005401391|0.0:1005401391|5.0:1005401391|10.0:1005401391|180.0:1005401391,,
1770339128729_0244_1096_08-006.jpg|Handwritte_SKU|1435|1709|1768|1839,1770339128729_0244_1096_08-006.jpg,1770339128729_0244_1096_08-006.json,21,Handwritte_SKU,1005401380,reviewed,scorable,,,1435,1709,1768,1839,research_outputs/golden_dataset_local_tests/crops/1770339128729_0244_1096_08-006/021_Handwritte_SKU_1435_1709_1768_1839.jpg,research_outputs/golden_dataset_local_tests/label_overlays_expected_sku/1770339128729_0244_1096_08-006_labels.jpg,yes,1005401380,-10.0:1005401380|-5.0:1005401380|0.0:1005401380|5.0:1005401380|10.0:1005401380|180.0:1005401380,,
1770339128729_0244_1096_08-006.jpg|Handwritte_SKU|1082|1745|1394|1878,1770339128729_0244_1096_08-006.jpg,1770339128729_0244_1096_08-006.json,24,Handwritte_SKU,1005401382,reviewed,scorable,,,1082,1745,1394,1878,research_outputs/golden_dataset_local_tests/crops/1770339128729_0244_1096_08-006/024_Handwritte_SKU_1082_1745_1394_1878.jpg,research_outputs/golden_dataset_local_tests/label_overlays_expected_sku/1770339128729_0244_1096_08-006_labels.jpg,yes,1005401382,-10.0:1005401382|-5.0:1005401382|0.0:1005401382|5.0:1005401382|10.0:1005401382|180.0:1005401382,,
1770339128729_0244_1096_08-006.jpg|Handwritte_SKU|749|1780|1039|1926,1770339128729_0244_1096_08-006.jpg,1770339128729_0244_1096_08-006.json,27,Handwritte_SKU,1005417433,reviewed,scorable,,,749,1780,1039,1926,research_outputs/golden_dataset_local_tests/crops/1770339128729_0244_1096_08-006/027_Handwritte_SKU_749_1780_1039_1926.jpg,research_outputs/golden_dataset_local_tests/label_overlays_expected_sku/1770339128729_0244_1096_08-006_labels.jpg,yes,1005417433,-10.0:1005417433|-5.0:1005417433|0.0:1005417433|5.0:1005417433|10.0:1005417433|180.0:1005417433,,
1770339128729_0244_1129_08-008.jpg|Pallet_SKU|1137|256|1420|346,1770339128729_0244_1129_08-008.jpg,1770339128729_0244_1129_08-008.json,0,Pallet_SKU,399727,reviewed,scorable,,,1137,256,1420,346,research_outputs/golden_dataset_local_tests/crops/1770339128729_0244_1129_08-008/000_Pallet_SKU_1137_256_1420_346.jpg,research_outputs/golden_dataset_local_tests/label_overlays_expected_sku/1770339128729_0244_1129_08-008_labels.jpg,yes,399727,-10.0:399727|-5.0:399727|0.0:399727|5.0:399727|10.0:399727|180.0:399727,,
1770339128729_0244_1129_08-008.jpg|Pallet_SKU|2593|291|2879|371,1770339128729_0244_1129_08-008.jpg,1770339128729_0244_1129_08-008.json,2,Pallet_SKU,399775,reviewed,scorable,,,2593,291,2879,371,research_outputs/golden_dataset_local_tests/crops/1770339128729_0244_1129_08-008/002_Pallet_SKU_2593_291_2879_371.jpg,research_outputs/golden_dataset_local_tests/label_overlays_expected_sku/1770339128729_0244_1129_08-008_labels.jpg,yes,399775,-10.0:399775|-5.0:399775|0.0:399775|5.0:399775|10.0:399775|180.0:399775,,
1770339128729_0244_1129_08-008.jpg|Pallet_SKU|3766|258|4181|372,1770339128729_0244_1129_08-008.jpg,1770339128729_0244_1129_08-008.json,4,Pallet_SKU,1013598664,reviewed,scorable,,,3766,258,4181,372,research_outputs/golden_dataset_local_tests/crops/1770339128729_0244_1129_08-008/004_Pallet_SKU_3766_258_4181_372.jpg,research_outputs/golden_dataset_local_tests/label_overlays_expected_sku/1770339128729_0244_1129_08-008_labels.jpg,yes,1013598664,-10.0:1013598664|-5.0:1013598664|0.0:1013598664|5.0:1013598664|10.0:1013598664|180.0:1013598664,,
1770339128729_0244_1131_08-007.jpg|Pallet_SKU|1724|514|1859|565,1770339128729_0244_1131_08-007.jpg,1770339128729_0244_1131_08-007.json,0,Pallet_SKU,484883,reviewed,scorable,,Slightly blurry,1724,514,1859,565,research_outputs/golden_dataset_local_tests/crops/1770339128729_0244_1131_08-007/000_Pallet_SKU_1724_514_1859_565.jpg,research_outputs/golden_dataset_local_tests/label_overlays_expected_sku/1770339128729_0244_1131_08-007_labels.jpg,yes,484883,-10.0:484883|-5.0:484883|0.0:484883|5.0:484883|10.0:484883|180.0:484883,,
1770339128729_0244_1131_08-007.jpg|Pallet_SKU|1719|545|1851|601,1770339128729_0244_1131_08-007.jpg,1770339128729_0244_1131_08-007.json,1,Pallet_SKU,764673,reviewed,scorable,,,1719,545,1851,601,research_outputs/golden_dataset_local_tests/crops/1770339128729_0244_1131_08-007/001_Pallet_SKU_1719_545_1851_601.jpg,research_outputs/golden_dataset_local_tests/label_overlays_expected_sku/1770339128729_0244_1131_08-007_labels.jpg,yes,764673,-10.0:764673|-5.0:764673|0.0:764673|5.0:764673|10.0:764673|180.0:764673,,
1770339128729_0244_1131_08-007.jpg|Pallet_SKU|1711|589|1846|641,1770339128729_0244_1131_08-007.jpg,1770339128729_0244_1131_08-007.json,2,Pallet_SKU,765695,reviewed,scorable,,,1711,589,1846,641,research_outputs/golden_dataset_local_tests/crops/1770339128729_0244_1131_08-007/002_Pallet_SKU_1711_589_1846_641.jpg,research_outputs/golden_dataset_local_tests/label_overlays_expected_sku/1770339128729_0244_1131_08-007_labels.jpg,yes,765695,-10.0:765695|-5.0:765695|0.0:765695|5.0:765695|10.0:765695|180.0:765695,,
1770339128729_0244_1131_08-007.jpg|Pallet_SKU|3257|620|3425|705,1770339128729_0244_1131_08-007.jpg,1770339128729_0244_1131_08-007.json,4,Pallet_SKU,399775,reviewed,scorable,,,3257,620,3425,705,research_outputs/golden_dataset_local_tests/crops/1770339128729_0244_1131_08-007/004_Pallet_SKU_3257_620_3425_705.jpg,research_outputs/golden_dataset_local_tests/label_overlays_expected_sku/1770339128729_0244_1131_08-007_labels.jpg,yes,399775,-10.0:399775|-5.0:399775|0.0:399775|5.0:399775|10.0:399775|180.0:399775,,
1770339128729_0244_1131_08-007.jpg|RDC_SKU|4023|1519|4118|1555,1770339128729_0244_1131_08-007.jpg,1770339128729_0244_1131_08-007.json,7,RDC_SKU,N/A,not_applicable,non-scorable,,Way too blurry,4023,1519,4118,1555,research_outputs/golden_dataset_local_tests/crops/1770339128729_0244_1131_08-007/007_RDC_SKU_4023_1519_4118_1555.jpg,research_outputs/golden_dataset_local_tests/label_overlays_expected_sku/1770339128729_0244_1131_08-007_labels.jpg,yes,,,,
1770339128729_0244_1163_08-009.jpg|RDC_SKU|2382|567|2516|606,1770339128729_0244_1163_08-009.jpg,1770339128729_0244_1163_08-009.json,1,RDC_SKU,1007712487,reviewed,scorable,,Slightly blurry,2382,567,2516,606,research_outputs/golden_dataset_local_tests/crops/1770339128729_0244_1163_08-009/001_RDC_SKU_2382_567_2516_606.jpg,research_outputs/golden_dataset_local_tests/label_overlays_expected_sku/1770339128729_0244_1163_08-009_labels.jpg,yes,1007712487,-10.0:1007712487|-5.0:1007712487|0.0:1007712487|5.0:1007712487|10.0:1007712487|180.0:1007712487,,
1770339128729_0244_1163_08-009.jpg|RDC_SKU|2687|590|2813|631,1770339128729_0244_1163_08-009.jpg,1770339128729_0244_1163_08-009.json,4,RDC_SKU,1007712403,reviewed,scorable,,,2687,590,2813,631,research_outputs/golden_dataset_local_tests/crops/1770339128729_0244_1163_08-009/004_RDC_SKU_2687_590_2813_631.jpg,research_outputs/golden_dataset_local_tests/label_overlays_expected_sku/1770339128729_0244_1163_08-009_labels.jpg,yes,1007712403,-10.0:1007712483|-5.0:1007712483|10.0:1007712483,,
1770339128729_0244_1163_08-009.jpg|RDC_SKU|2824|610|2941|656,1770339128729_0244_1163_08-009.jpg,1770339128729_0244_1163_08-009.json,7,RDC_SKU,1007712481,reviewed,scorable,,Blurry but readable,2824,610,2941,656,research_outputs/golden_dataset_local_tests/crops/1770339128729_0244_1163_08-009/007_RDC_SKU_2824_610_2941_656.jpg,research_outputs/golden_dataset_local_tests/label_overlays_expected_sku/1770339128729_0244_1163_08-009_labels.jpg,yes,1007712481,-10.0:1007712481|-5.0:1007712481|0.0:1007712481|5.0:1007712481|10.0:1007712481|180.0:1007712481,,
1770339128729_0244_1163_08-009.jpg|RDC_SKU|1287|774|1369|840,1770339128729_0244_1163_08-009.jpg,1770339128729_0244_1163_08-009.json,11,RDC_SKU,N/A,not_applicable,non-scorable,,Not readable,1287,774,1369,840,research_outputs/golden_dataset_local_tests/crops/1770339128729_0244_1163_08-009/011_RDC_SKU_1287_774_1369_840.jpg,research_outputs/golden_dataset_local_tests/label_overlays_expected_sku/1770339128729_0244_1163_08-009_labels.jpg,yes,172626,-10.0:172626|-5.0:172626|0.0:172626|5.0:172626|10.0:172626|180.0:172626,,
1770339128729_0244_1163_08-009.jpg|RDC_SKU|2373|797|2499|839,1770339128729_0244_1163_08-009.jpg,1770339128729_0244_1163_08-009.json,15,RDC_SKU,1007712483,reviewed,scorable,,Blurry but readable,2373,797,2499,839,research_outputs/golden_dataset_local_tests/crops/1770339128729_0244_1163_08-009/015_RDC_SKU_2373_797_2499_839.jpg,research_outputs/golden_dataset_local_tests/label_overlays_expected_sku/1770339128729_0244_1163_08-009_labels.jpg,yes,1007712483,-10.0:1007712483|-5.0:1007712483|0.0:1007712483|5.0:1007712483|10.0:1007712483|180.0:1007712483,,
1770339128729_0244_1163_08-009.jpg|RDC_SKU|2662|808|2789|843,1770339128729_0244_1163_08-009.jpg,1770339128729_0244_1163_08-009.json,17,RDC_SKU,1007712481,reviewed,scorable,,Blurry but readable,2662,808,2789,843,research_outputs/golden_dataset_local_tests/crops/1770339128729_0244_1163_08-009/017_RDC_SKU_2662_808_2789_843.jpg,research_outputs/golden_dataset_local_tests/label_overlays_expected_sku/1770339128729_0244_1163_08-009_labels.jpg,yes,1007712481,-10.0:1007712481|-5.0:1007712481|0.0:1007712481|5.0:1007712481|10.0:1007712481|180.0:1007712481,,
1770339128729_0244_1163_08-009.jpg|RDC_SKU|2816|816|2944|854,1770339128729_0244_1163_08-009.jpg,1770339128729_0244_1163_08-009.json,19,RDC_SKU,1007712481,reviewed,scorable,,Blurry but readable,2816,816,2944,854,research_outputs/golden_dataset_local_tests/crops/1770339128729_0244_1163_08-009/019_RDC_SKU_2816_816_2944_854.jpg,research_outputs/golden_dataset_local_tests/label_overlays_expected_sku/1770339128729_0244_1163_08-009_labels.jpg,yes,1007712481,-10.0:1007712481|-5.0:1007712481|0.0:1007712481|5.0:1007712481|10.0:1007712481|180.0:1007712481,,
1770339128729_0244_1163_08-009.jpg|RDC_SKU|2354|1028|2483|1064,1770339128729_0244_1163_08-009.jpg,1770339128729_0244_1163_08-009.json,22,RDC_SKU,1007712483,reviewed,scorable,,Blurry but readable,2354,1028,2483,1064,research_outputs/golden_dataset_local_tests/crops/1770339128729_0244_1163_08-009/022_RDC_SKU_2354_1028_2483_1064.jpg,research_outputs/golden_dataset_local_tests/label_overlays_expected_sku/1770339128729_0244_1163_08-009_labels.jpg,yes,1007712483,-10.0:1007712483|-5.0:1007712483|0.0:1007712483|5.0:1007712483|10.0:1007712483|180.0:1007712483,,
1770339128729_0244_1163_08-009.jpg|RDC_SKU|2627|1046|2746|1085,1770339128729_0244_1163_08-009.jpg,1770339128729_0244_1163_08-009.json,24,RDC_SKU,N/A,not_applicable,non-scorable,,Last number cut off,2627,1046,2746,1085,research_outputs/golden_dataset_local_tests/crops/1770339128729_0244_1163_08-009/024_RDC_SKU_2627_1046_2746_1085.jpg,research_outputs/golden_dataset_local_tests/label_overlays_expected_sku/1770339128729_0244_1163_08-009_labels.jpg,yes,1007712487,,,
1770339128729_0244_1163_08-009.jpg|RDC_SKU|2813|1051|2943|1091,1770339128729_0244_1163_08-009.jpg,1770339128729_0244_1163_08-009.json,27,RDC_SKU,1007712481,reviewed,scorable,,Blurry but readable,2813,1051,2943,1091,research_outputs/golden_dataset_local_tests/crops/1770339128729_0244_1163_08-009/027_RDC_SKU_2813_1051_2943_1091.jpg,research_outputs/golden_dataset_local_tests/label_overlays_expected_sku/1770339128729_0244_1163_08-009_labels.jpg,yes,1007712481,-10.0:1007712481|-5.0:1007712481|0.0:1007712481|5.0:1007712481|10.0:1007712481|180.0:1007712481,,
1770339128729_0244_1163_08-009.jpg|RDC_SKU|2916|1296|3048|1334,1770339128729_0244_1163_08-009.jpg,1770339128729_0244_1163_08-009.json,30,RDC_SKU,1007712481,reviewed,scorable,,Blurry but readable,2916,1296,3048,1334,research_outputs/golden_dataset_local_tests/crops/1770339128729_0244_1163_08-009/030_RDC_SKU_2916_1296_3048_1334.jpg,research_outputs/golden_dataset_local_tests/label_overlays_expected_sku/1770339128729_0244_1163_08-009_labels.jpg,yes,1007712481,-10.0:1007712481|-5.0:1007712481|0.0:1007712481|5.0:1007712481|10.0:1007712481|180.0:1007712481,,
1770339128729_0244_1163_08-009.jpg|RDC_SKU|2627|1286|2761|1332,1770339128729_0244_1163_08-009.jpg,1770339128729_0244_1163_08-009.json,32,RDC_SKU,1007712481,reviewed,scorable,,Blurry but readable,2627,1286,2761,1332,research_outputs/golden_dataset_local_tests/crops/1770339128729_0244_1163_08-009/032_RDC_SKU_2627_1286_2761_1332.jpg,research_outputs/golden_dataset_local_tests/label_overlays_expected_sku/1770339128729_0244_1163_08-009_labels.jpg,yes,1007712481,-10.0:1007712481|-5.0:1007712481|0.0:1007712481|5.0:1007712481|10.0:1007712481|180.0:1007712481,,
1770339128729_0244_1163_08-009.jpg|RDC_SKU|2314|1274|2448|1325,1770339128729_0244_1163_08-009.jpg,1770339128729_0244_1163_08-009.json,36,RDC_SKU,1007712483,reviewed,scorable,,Blurry but readable,2314,1274,2448,1325,research_outputs/golden_dataset_local_tests/crops/1770339128729_0244_1163_08-009/036_RDC_SKU_2314_1274_2448_1325.jpg,research_outputs/golden_dataset_local_tests/label_overlays_expected_sku/1770339128729_0244_1163_08-009_labels.jpg,yes,1007712483,-10.0:1007712483|-5.0:1007712483|0.0:1007712483|5.0:1007712483|10.0:1007712483|180.0:1007712483,,
1770339128729_0244_1163_08-009.jpg|RDC_SKU|4382|4339|4523|4400,1770339128729_0244_1163_08-009.jpg,1770339128729_0244_1163_08-009.json,46,RDC_SKU,N/A,not_applicable,non-scorable,,"Too blurry, last digits not identifiable",4382,4339,4523,4400,research_outputs/golden_dataset_local_tests/crops/1770339128729_0244_1163_08-009/046_RDC_SKU_4382_4339_4523_4400.jpg,research_outputs/golden_dataset_local_tests/label_overlays_expected_sku/1770339128729_0244_1163_08-009_labels.jpg,yes,1007587142,-10.0:1007587142|-5.0:1007587142|0.0:1007587142|5.0:1007587142|10.0:1007587142|180.0:1007587142,,
1770339128729_0244_1163_08-009.jpg|RDC_SKU|3834|4364|3980|4410,1770339128729_0244_1163_08-009.jpg,1770339128729_0244_1163_08-009.json,48,RDC_SKU,1014455978,reviewed,scorable,,Barely recognizable,3834,4364,3980,4410,research_outputs/golden_dataset_local_tests/crops/1770339128729_0244_1163_08-009/048_RDC_SKU_3834_4364_3980_4410.jpg,research_outputs/golden_dataset_local_tests/label_overlays_expected_sku/1770339128729_0244_1163_08-009_labels.jpg,yes,1014455978,,,
1770339128729_0244_1163_08-009.jpg|RDC_SKU|3502|1167|3584|1214,1770339128729_0244_1163_08-009.jpg,1770339128729_0244_1163_08-009.json,52,RDC_SKU,670185,reviewed,scorable,,Blurry but readable,3502,1167,3584,1214,research_outputs/golden_dataset_local_tests/crops/1770339128729_0244_1163_08-009/052_RDC_SKU_3502_1167_3584_1214.jpg,research_outputs/golden_dataset_local_tests/label_overlays_expected_sku/1770339128729_0244_1163_08-009_labels.jpg,yes,670185,-10.0:670185|-5.0:670185|0.0:670185|5.0:670185|10.0:670185|180.0:670185,,
1770339128729_0244_1166_08-010.jpg|Pallet_SKU|1520|984|1748|1068,1770339128729_0244_1166_08-010.jpg,1770339128729_0244_1166_08-010.json,0,Pallet_SKU,839469,reviewed,scorable,,,1520,984,1748,1068,research_outputs/golden_dataset_local_tests/crops/1770339128729_0244_1166_08-010/000_Pallet_SKU_1520_984_1748_1068.jpg,research_outputs/golden_dataset_local_tests/label_overlays_expected_sku/1770339128729_0244_1166_08-010_labels.jpg,yes,839469,-10.0:839469|-5.0:839469|0.0:839469|5.0:839469|10.0:839469|180.0:839469,,
1770339128729_0244_1166_08-010.jpg|Pallet_SKU|3750|730|3981|809,1770339128729_0244_1166_08-010.jpg,1770339128729_0244_1166_08-010.json,3,Pallet_SKU,399775,reviewed,scorable,,,3750,730,3981,809,research_outputs/golden_dataset_local_tests/crops/1770339128729_0244_1166_08-010/003_Pallet_SKU_3750_730_3981_809.jpg,research_outputs/golden_dataset_local_tests/label_overlays_expected_sku/1770339128729_0244_1166_08-010_labels.jpg,yes,399775,-10.0:399775|-5.0:399775|0.0:399775|5.0:399775|10.0:399775|180.0:399775,,
1770339128729_0244_1166_08-010.jpg|Pallet_SKU|1441|0|1732|66,1770339128729_0244_1166_08-010.jpg,1770339128729_0244_1166_08-010.json,14,Pallet_SKU,N/A,not_applicable,non-scorable,,"Bottom folder upward, cannot read digits fully",1441,0,1732,66,research_outputs/golden_dataset_local_tests/crops/1770339128729_0244_1166_08-010/014_Pallet_SKU_1441_0_1732_66.jpg,research_outputs/golden_dataset_local_tests/label_overlays_expected_sku/1770339128729_0244_1166_08-010_labels.jpg,yes,,,,
1770339128729_0244_1166_08-010.jpg|Other_SKU|1224|663|1316|701,1770339128729_0244_1166_08-010.jpg,1770339128729_0244_1166_08-010.json,16,Other_SKU,N/A,not_applicable,non-scorable,,Too blurry,1224,663,1316,701,research_outputs/golden_dataset_local_tests/crops/1770339128729_0244_1166_08-010/016_Other_SKU_1224_663_1316_701.jpg,research_outputs/golden_dataset_local_tests/label_overlays_expected_sku/1770339128729_0244_1166_08-010_labels.jpg,yes,416358,-10.0:416358|-5.0:416358|0.0:416358|5.0:416358|10.0:416358|180.0:416358,,
1770339128729_0244_1166_08-010.jpg|Pallet_SKU|2609|839|2769|924,1770339128729_0244_1166_08-010.jpg,1770339128729_0244_1166_08-010.json,57,Pallet_SKU,N/A,not_applicable,non-scorable,,Second half folded,2609,839,2769,924,research_outputs/golden_dataset_local_tests/crops/1770339128729_0244_1166_08-010/057_Pallet_SKU_2609_839_2769_924.jpg,research_outputs/golden_dataset_local_tests/label_overlays_expected_sku/1770339128729_0244_1166_08-010_labels.jpg,yes,,,,
1770339128729_0244_1203_08-011.jpg|RDC_SKU|4267|1215|4384|1274,1770339128729_0244_1203_08-011.jpg,1770339128729_0244_1203_08-011.json,6,RDC_SKU,N/A,not_applicable,non-scorable,,"Too blurry, midsection cut off",4267,1215,4384,1274,research_outputs/golden_dataset_local_tests/crops/1770339128729_0244_1203_08-011/006_RDC_SKU_4267_1215_4384_1274.jpg,research_outputs/golden_dataset_local_tests/label_overlays_expected_sku/1770339128729_0244_1203_08-011_labels.jpg,yes,265475,-10.0:265475,,
1770339128729_0244_1205_08-012.jpg|Pallet_SKU|1421|914|1671|962,1770339128729_0244_1205_08-012.jpg,1770339128729_0244_1205_08-012.json,0,Pallet_SKU,1005399877,reviewed,scorable,,,1421,914,1671,962,research_outputs/golden_dataset_local_tests/crops/1770339128729_0244_1205_08-012/000_Pallet_SKU_1421_914_1671_962.jpg,research_outputs/golden_dataset_local_tests/label_overlays_expected_sku/1770339128729_0244_1205_08-012_labels.jpg,yes,1005399877,-10.0:1005399877|-5.0:1005399877|0.0:1005399877|5.0:1005399877|10.0:1005399877|180.0:1005399877,,
1770339128729_0244_1205_08-012.jpg|Pallet_SKU|1410|965|1659|1008,1770339128729_0244_1205_08-012.jpg,1770339128729_0244_1205_08-012.json,1,Pallet_SKU,N/A,not_applicable,non-scorable,,Second half cut off from bottom section folded upward,1410,965,1659,1008,research_outputs/golden_dataset_local_tests/crops/1770339128729_0244_1205_08-012/001_Pallet_SKU_1410_965_1659_1008.jpg,research_outputs/golden_dataset_local_tests/label_overlays_expected_sku/1770339128729_0244_1205_08-012_labels.jpg,yes,100520,-10.0:100520|0.0:100520|5.0:100520|180.0:100520,,
1770339128729_0244_1205_08-012.jpg|Pallet_SKU|1396|992|1641|1042,1770339128729_0244_1205_08-012.jpg,1770339128729_0244_1205_08-012.json,2,Pallet_SKU,1005417436,reviewed,scorable,,,1396,992,1641,1042,research_outputs/golden_dataset_local_tests/crops/1770339128729_0244_1205_08-012/002_Pallet_SKU_1396_992_1641_1042.jpg,research_outputs/golden_dataset_local_tests/label_overlays_expected_sku/1770339128729_0244_1205_08-012_labels.jpg,yes,1005417436,-10.0:1005417436|-5.0:1005417436|0.0:1005417436|5.0:1005417436|10.0:1005417436|180.0:1005417436,,
1770339128729_0244_1205_08-012.jpg|Pallet_SKU|2531|902|2780|970,1770339128729_0244_1205_08-012.jpg,1770339128729_0244_1205_08-012.json,4,Pallet_SKU,934492,reviewed,scorable,,,2531,902,2780,970,research_outputs/golden_dataset_local_tests/crops/1770339128729_0244_1205_08-012/004_Pallet_SKU_2531_902_2780_970.jpg,research_outputs/golden_dataset_local_tests/label_overlays_expected_sku/1770339128729_0244_1205_08-012_labels.jpg,yes,934492,-10.0:934492|-5.0:934492|0.0:934492|5.0:934492|10.0:934492|180.0:934492,,
1770339128729_0244_1205_08-012.jpg|Pallet_SKU|3333|699|3502|744,1770339128729_0244_1205_08-012.jpg,1770339128729_0244_1205_08-012.json,6,Pallet_SKU,399775,reviewed,scorable,,,3333,699,3502,744,research_outputs/golden_dataset_local_tests/crops/1770339128729_0244_1205_08-012/006_Pallet_SKU_3333_699_3502_744.jpg,research_outputs/golden_dataset_local_tests/label_overlays_expected_sku/1770339128729_0244_1205_08-012_labels.jpg,yes,399775,-10.0:399775|-5.0:399775|0.0:399775|5.0:399775|10.0:399775|180.0:399775,,
1770339128729_0244_1205_08-012.jpg|Pallet_SKU|3241|746|3516|796,1770339128729_0244_1205_08-012.jpg,1770339128729_0244_1205_08-012.json,7,Pallet_SKU,1005399894,reviewed,scorable,,,3241,746,3516,796,research_outputs/golden_dataset_local_tests/crops/1770339128729_0244_1205_08-012/007_Pallet_SKU_3241_746_3516_796.jpg,research_outputs/golden_dataset_local_tests/label_overlays_expected_sku/1770339128729_0244_1205_08-012_labels.jpg,yes,1005399894,-10.0:1005399894|-5.0:1005399894|0.0:1005399894|5.0:1005399894|10.0:1005399894|180.0:1005399894,,
1770339128729_0244_1205_08-012.jpg|Pallet_SKU|3261|797|3528|853,1770339128729_0244_1205_08-012.jpg,1770339128729_0244_1205_08-012.json,8,Pallet_SKU,1005399918,reviewed,scorable,,,3261,797,3528,853,research_outputs/golden_dataset_local_tests/crops/1770339128729_0244_1205_08-012/008_Pallet_SKU_3261_797_3528_853.jpg,research_outputs/golden_dataset_local_tests/label_overlays_expected_sku/1770339128729_0244_1205_08-012_labels.jpg,yes,1005399918,-10.0:1005399918|-5.0:1005399918|0.0:1005399918|5.0:1005399918|10.0:1005399918|180.0:1005399918,,
1770339128729_0244_1205_08-012.jpg|RDC_SKU|2592|2252|2648|2361,1770339128729_0244_1205_08-012.jpg,1770339128729_0244_1205_08-012.json,29,RDC_SKU,N/A,not_applicable,non-scorable,,hell no,2592,2252,2648,2361,research_outputs/golden_dataset_local_tests/crops/1770339128729_0244_1205_08-012/029_RDC_SKU_2592_2252_2648_2361.jpg,research_outputs/golden_dataset_local_tests/label_overlays_expected_sku/1770339128729_0244_1205_08-012_labels.jpg,yes,101104,,,
1770339128729_0244_1205_08-012.jpg|RDC_SKU|1941|3909|2038|3953,1770339128729_0244_1205_08-012.jpg,1770339128729_0244_1205_08-012.json,31,RDC_SKU,226158,reviewed,scorable,,Blurry but recognizable,1941,3909,2038,3953,research_outputs/golden_dataset_local_tests/crops/1770339128729_0244_1205_08-012/031_RDC_SKU_1941_3909_2038_3953.jpg,research_outputs/golden_dataset_local_tests/label_overlays_expected_sku/1770339128729_0244_1205_08-012_labels.jpg,yes,226158,-10.0:226158|-5.0:225158|0.0:226158|5.0:225158|10.0:225158|180.0:226158,,
1770339128729_0244_1205_08-012.jpg|Pallet_SKU|1527|0|1725|29,1770339128729_0244_1205_08-012.jpg,1770339128729_0244_1205_08-012.json,33,Pallet_SKU,399775,reviewed,scorable,,Cut off but still readable,1527,0,1725,29,research_outputs/golden_dataset_local_tests/crops/1770339128729_0244_1205_08-012/033_Pallet_SKU_1527_0_1725_29.jpg,research_outputs/golden_dataset_local_tests/label_overlays_expected_sku/1770339128729_0244_1205_08-012_labels.jpg,yes,399775,-10.0:399775|-5.0:399775|5.0:399775|10.0:399773,,
1770339128729_0244_1240_08-013.jpg|RDC_SKU|4010|992|4139|1047,1770339128729_0244_1240_08-013.jpg,1770339128729_0244_1240_08-013.json,6,RDC_SKU,N/A,not_applicable,non-scorable,,Middle numbers too blurry,4010,992,4139,1047,research_outputs/golden_dataset_local_tests/crops/1770339128729_0244_1240_08-013/006_RDC_SKU_4010_992_4139_1047.jpg,research_outputs/golden_dataset_local_tests/label_overlays_expected_sku/1770339128729_0244_1240_08-013_labels.jpg,yes,1002506275,-10.0:1002506275|-5.0:1002500275|0.0:1002500275|5.0:1002500275|10.0:1002506275|180.0:1002500275,,
1770339128729_0244_1240_08-013.jpg|RDC_SKU|2844|851|2887|970,1770339128729_0244_1240_08-013.jpg,1770339128729_0244_1240_08-013.json,17,RDC_SKU,N/A,not_applicable,non-scorable,,hell no,2844,851,2887,970,research_outputs/golden_dataset_local_tests/crops/1770339128729_0244_1240_08-013/017_RDC_SKU_2844_851_2887_970.jpg,research_outputs/golden_dataset_local_tests/label_overlays_expected_sku/1770339128729_0244_1240_08-013_labels.jpg,yes,1005456343,,,
1770339128729_0244_1240_08-013.jpg|RDC_SKU|4239|1228|4384|1282,1770339128729_0244_1240_08-013.jpg,1770339128729_0244_1240_08-013.json,100,RDC_SKU,N/A,not_applicable,non-scorable,,Way too blurry,4239,1228,4384,1282,research_outputs/golden_dataset_local_tests/crops/1770339128729_0244_1240_08-013/100_RDC_SKU_4239_1228_4384_1282.jpg,research_outputs/golden_dataset_local_tests/label_overlays_expected_sku/1770339128729_0244_1240_08-013_labels.jpg,yes,274190,-5.0:034190|5.0:274190|10.0:274190,,
1770339128729_0244_1245_08-014.jpg|Pallet_SKU|2943|727|3207|835,1770339128729_0244_1245_08-014.jpg,1770339128729_0244_1245_08-014.json,0,Pallet_SKU,399775,reviewed,scorable,,,2943,727,3207,835,research_outputs/golden_dataset_local_tests/crops/1770339128729_0244_1245_08-014/000_Pallet_SKU_2943_727_3207_835.jpg,research_outputs/golden_dataset_local_tests/label_overlays_expected_sku/1770339128729_0244_1245_08-014_labels.jpg,yes,399775,-10.0:399775|-5.0:399775|0.0:399775|5.0:399775|10.0:399775|180.0:399775,,
1770339128729_0244_1245_08-014.jpg|Pallet_SKU|4177|551|4426|633,1770339128729_0244_1245_08-014.jpg,1770339128729_0244_1245_08-014.json,2,Pallet_SKU,839469,reviewed,scorable,,,4177,551,4426,633,research_outputs/golden_dataset_local_tests/crops/1770339128729_0244_1245_08-014/002_Pallet_SKU_4177_551_4426_633.jpg,research_outputs/golden_dataset_local_tests/label_overlays_expected_sku/1770339128729_0244_1245_08-014_labels.jpg,yes,839469,-10.0:839469|-5.0:839469|0.0:839469|5.0:839469|10.0:839469|180.0:839469,,
1770339128729_0244_1245_08-014.jpg|Pallet_SKU|1821|1079|2046|1164,1770339128729_0244_1245_08-014.jpg,1770339128729_0244_1245_08-014.json,4,Pallet_SKU,839558,reviewed,scorable,,,1821,1079,2046,1164,research_outputs/golden_dataset_local_tests/crops/1770339128729_0244_1245_08-014/004_Pallet_SKU_1821_1079_2046_1164.jpg,research_outputs/golden_dataset_local_tests/label_overlays_expected_sku/1770339128729_0244_1245_08-014_labels.jpg,yes,839558,-10.0:839558|-5.0:839558|0.0:839558|5.0:839558|10.0:839558|180.0:839558,,
1770339128729_0244_1280_08-015.jpg|RDC_SKU|3891|1364|4027|1412,1770339128729_0244_1280_08-015.jpg,1770339128729_0244_1280_08-015.json,0,RDC_SKU,1006373062,reviewed,scorable,,,3891,1364,4027,1412,research_outputs/golden_dataset_local_tests/crops/1770339128729_0244_1280_08-015/000_RDC_SKU_3891_1364_4027_1412.jpg,research_outputs/golden_dataset_local_tests/label_overlays_expected_sku/1770339128729_0244_1280_08-015_labels.jpg,yes,1006373062,-10.0:1006373062|-5.0:1006373062|0.0:1006373062|5.0:1006373062|10.0:1006373062|180.0:1006373062,,
1770339128729_0244_1280_08-015.jpg|RDC_SKU|4035|1158|4126|1198,1770339128729_0244_1280_08-015.jpg,1770339128729_0244_1280_08-015.json,6,RDC_SKU,N/A,not_applicable,non-scorable,,Label cut off,4035,1158,4126,1198,research_outputs/golden_dataset_local_tests/crops/1770339128729_0244_1280_08-015/006_RDC_SKU_4035_1158_4126_1198.jpg,research_outputs/golden_dataset_local_tests/label_overlays_expected_sku/1770339128729_0244_1280_08-015_labels.jpg,yes,373062,-10.0:373062|-5.0:373062|0.0:373062|5.0:373062|10.0:373067|180.0:373067,,
1770339128729_0244_1280_08-015.jpg|RDC_SKU|3386|1319|3468|1356,1770339128729_0244_1280_08-015.jpg,1770339128729_0244_1280_08-015.json,12,RDC_SKU,N/A,not_applicable,non-scorable,,Seems to have front label cut off,3386,1319,3468,1356,research_outputs/golden_dataset_local_tests/crops/1770339128729_0244_1280_08-015/012_RDC_SKU_3386_1319_3468_1356.jpg,research_outputs/golden_dataset_local_tests/label_overlays_expected_sku/1770339128729_0244_1280_08-015_labels.jpg,yes,655052,-10.0:655052|-5.0:655052|0.0:655052|5.0:655052|10.0:655052|180.0:655052,,
1770339128729_0244_1280_08-015.jpg|RDC_SKU|2651|493|2776|555,1770339128729_0244_1280_08-015.jpg,1770339128729_0244_1280_08-015.json,31,RDC_SKU,N/A,not_applicable,non-scorable,,Some digits not recognizable due to blur,2651,493,2776,555,research_outputs/golden_dataset_local_tests/crops/1770339128729_0244_1280_08-015/031_RDC_SKU_2651_493_2776_555.jpg,research_outputs/golden_dataset_local_tests/label_overlays_expected_sku/1770339128729_0244_1280_08-015_labels.jpg,yes,1009978590,-10.0:0698266001|-5.0:1009978598|0.0:1009978590|5.0:1009978590|10.0:1009978595|180.0:1009978590,,
1770339128729_0244_1280_08-015.jpg|RDC_SKU|3285|498|3406|531,1770339128729_0244_1280_08-015.jpg,1770339128729_0244_1280_08-015.json,38,RDC_SKU,N/A,not_applicable,non-scorable,,Middle digits too blurry,3285,498,3406,531,research_outputs/golden_dataset_local_tests/crops/1770339128729_0244_1280_08-015/038_RDC_SKU_3285_498_3406_531.jpg,research_outputs/golden_dataset_local_tests/label_overlays_expected_sku/1770339128729_0244_1280_08-015_labels.jpg,yes,1012835465,-10.0:1012835466|-5.0:1012835466|0.0:1012835465|5.0:1012835465|10.0:1012835466|180.0:1012835465,,
1770339128729_0244_1320_08-017.jpg|RDC_SKU|2333|1366|2460|1404,1770339128729_0244_1320_08-017.jpg,1770339128729_0244_1320_08-017.json,14,RDC_SKU,1009901192,reviewed,scorable,,,2333,1366,2460,1404,research_outputs/golden_dataset_local_tests/crops/1770339128729_0244_1320_08-017/014_RDC_SKU_2333_1366_2460_1404.jpg,research_outputs/golden_dataset_local_tests/label_overlays_expected_sku/1770339128729_0244_1320_08-017_labels.jpg,yes,1009901192,-10.0:1009901192|-5.0:1009901192|0.0:1009901192|5.0:1009901192|10.0:1009901192|180.0:1009901192,,
1770339128729_0244_1320_08-017.jpg|RDC_SKU|2355|1285|2485|1328,1770339128729_0244_1320_08-017.jpg,1770339128729_0244_1320_08-017.json,16,RDC_SKU,1009901192,reviewed,scorable,,,2355,1285,2485,1328,research_outputs/golden_dataset_local_tests/crops/1770339128729_0244_1320_08-017/016_RDC_SKU_2355_1285_2485_1328.jpg,research_outputs/golden_dataset_local_tests/label_overlays_expected_sku/1770339128729_0244_1320_08-017_labels.jpg,yes,1009901192,-10.0:1009901192|-5.0:1009901192|0.0:1009901192|5.0:1009901192|10.0:1009901192|180.0:1009901192,,
1770339128729_0244_1320_08-017.jpg|RDC_SKU|3001|1086|3124|1130,1770339128729_0244_1320_08-017.jpg,1770339128729_0244_1320_08-017.json,19,RDC_SKU,1009978542,reviewed,scorable,,Slightly blurry but readable,3001,1086,3124,1130,research_outputs/golden_dataset_local_tests/crops/1770339128729_0244_1320_08-017/019_RDC_SKU_3001_1086_3124_1130.jpg,research_outputs/golden_dataset_local_tests/label_overlays_expected_sku/1770339128729_0244_1320_08-017_labels.jpg,yes,1009978542,-10.0:1009978542|-5.0:1009978542|0.0:1009978542|5.0:1009978542|10.0:1009978542|180.0:1009978542,,
1770339128729_0244_1320_08-017.jpg|RDC_SKU|3242|1229|3363|1264,1770339128729_0244_1320_08-017.jpg,1770339128729_0244_1320_08-017.json,24,RDC_SKU,1009978542,reviewed,scorable,,Blurry but readable,3242,1229,3363,1264,research_outputs/golden_dataset_local_tests/crops/1770339128729_0244_1320_08-017/024_RDC_SKU_3242_1229_3363_1264.jpg,research_outputs/golden_dataset_local_tests/label_overlays_expected_sku/1770339128729_0244_1320_08-017_labels.jpg,yes,1009978542,-10.0:1000976542|-5.0:1009978542|0.0:1000976542|5.0:1009978542|10.0:1000976542|180.0:1009978542,,
1770339128729_0244_1320_08-017.jpg|RDC_SKU|3259|1349|3389|1385,1770339128729_0244_1320_08-017.jpg,1770339128729_0244_1320_08-017.json,27,RDC_SKU,1009978542,reviewed,scorable,,,3259,1349,3389,1385,research_outputs/golden_dataset_local_tests/crops/1770339128729_0244_1320_08-017/027_RDC_SKU_3259_1349_3389_1385.jpg,research_outputs/golden_dataset_local_tests/label_overlays_expected_sku/1770339128729_0244_1320_08-017_labels.jpg,yes,1009978542,-10.0:1009978542|-5.0:1009978542|0.0:1009978542|5.0:1009978542|10.0:1009978542|180.0:1009978542,,
1770339128729_0244_1320_08-017.jpg|RDC_SKU|3684|1255|3808|1300,1770339128729_0244_1320_08-017.jpg,1770339128729_0244_1320_08-017.json,32,RDC_SKU,1009901192,scorable,scorable,,Slightly blurry,3684,1255,3808,1300,research_outputs/golden_dataset_local_tests/crops/1770339128729_0244_1320_08-017/032_RDC_SKU_3684_1255_3808_1300.jpg,research_outputs/golden_dataset_local_tests/label_overlays_expected_sku/1770339128729_0244_1320_08-017_labels.jpg,yes,1009901192,-10.0:1009901192|-5.0:1009901192|0.0:1009901192|5.0:1009901192|10.0:1009901192|180.0:1009901192,,
1770339128729_0244_1320_08-017.jpg|RDC_SKU|3624|1327|3752|1363,1770339128729_0244_1320_08-017.jpg,1770339128729_0244_1320_08-017.json,34,RDC_SKU,1005554117,scorable,scorable,,Slightly blurry,3624,1327,3752,1363,research_outputs/golden_dataset_local_tests/crops/1770339128729_0244_1320_08-017/034_RDC_SKU_3624_1327_3752_1363.jpg,research_outputs/golden_dataset_local_tests/label_overlays_expected_sku/1770339128729_0244_1320_08-017_labels.jpg,yes,1005554117,-10.0:1005554117|-5.0:1005554117|0.0:1005554117|5.0:1005554117|10.0:1005554117|180.0:1005554117,,
1770339128729_0244_1320_08-017.jpg|RDC_SKU|4061|1070|4182|1112,1770339128729_0244_1320_08-017.jpg,1770339128729_0244_1320_08-017.json,38,RDC_SKU,1006362174,scorable,scorable,,Blurry but readable,4061,1070,4182,1112,research_outputs/golden_dataset_local_tests/crops/1770339128729_0244_1320_08-017/038_RDC_SKU_4061_1070_4182_1112.jpg,research_outputs/golden_dataset_local_tests/label_overlays_expected_sku/1770339128729_0244_1320_08-017_labels.jpg,yes,1006362174,-10.0:1006362174|-5.0:1006362174|0.0:1006362174|5.0:1006362174|10.0:1006362174|180.0:1006362174,yes,
1770339128729_0244_1320_08-017.jpg|RDC_SKU|4086|1352|4212|1391,1770339128729_0244_1320_08-017.jpg,1770339128729_0244_1320_08-017.json,42,RDC_SKU,1005554117,scorable,scorable,,Blurry but readable,4086,1352,4212,1391,research_outputs/golden_dataset_local_tests/crops/1770339128729_0244_1320_08-017/042_RDC_SKU_4086_1352_4212_1391.jpg,research_outputs/golden_dataset_local_tests/label_overlays_expected_sku/1770339128729_0244_1320_08-017_labels.jpg,yes,1005554117,-10.0:1005554117|-5.0:1005554117|0.0:1005554117|5.0:1005554117|10.0:1005554117|180.0:1005554117,yes,
1770339128729_0244_1356_08-019.jpg|RDC_SKU|2092|4384|2152|4550,1770339128729_0244_1356_08-019.jpg,1770339128729_0244_1356_08-019.json,0,RDC_SKU,N/A,non_scorable,non-scorable,,Hell no,2092,4384,2152,4550,research_outputs/golden_dataset_local_tests/crops/1770339128729_0244_1356_08-019/000_RDC_SKU_2092_4384_2152_4550.jpg,research_outputs/golden_dataset_local_tests/label_overlays_expected_sku/1770339128729_0244_1356_08-019_labels.jpg,yes,1094197231,-10.0:1094197231|-5.0:1094197231|0.0:1094197231|5.0:1094197231|10.0:1094197231|180.0:1094197231,yes,
1770339128729_0244_1356_08-019.jpg|RDC_SKU|3539|473|3663|514,1770339128729_0244_1356_08-019.jpg,1770339128729_0244_1356_08-019.json,7,RDC_SKU,N/A,non_scorable,non-scorable,,Third and last couple of numbers are not 100% identifiable,3539,473,3663,514,research_outputs/golden_dataset_local_tests/crops/1770339128729_0244_1356_08-019/007_RDC_SKU_3539_473_3663_514.jpg,research_outputs/golden_dataset_local_tests/label_overlays_expected_sku/1770339128729_0244_1356_08-019_labels.jpg,yes,1086315013,-10.0:1006316013|-5.0:1006316013|0.0:1006316013|5.0:1006316013|10.0:1006316013|180.0:1006316013,yes,
1770339128729_0244_1356_08-019.jpg|RDC_SKU|3536|606|3661|645,1770339128729_0244_1356_08-019.jpg,1770339128729_0244_1356_08-019.json,9,RDC_SKU,1006316013,scorable,scorable,,blurry,3536,606,3661,645,research_outputs/golden_dataset_local_tests/crops/1770339128729_0244_1356_08-019/009_RDC_SKU_3536_606_3661_645.jpg,research_outputs/golden_dataset_local_tests/label_overlays_expected_sku/1770339128729_0244_1356_08-019_labels.jpg,yes,1006316013,-10.0:1006316013|-5.0:1006316013|0.0:1006316013|5.0:1006316013|10.0:1006315013|180.0:1006316013,yes,
1770339128729_0244_1356_08-019.jpg|RDC_SKU|4036|635|4155|671,1770339128729_0244_1356_08-019.jpg,1770339128729_0244_1356_08-019.json,13,RDC_SKU,1003320582,scorable,scorable,,Blurry,4036,635,4155,671,research_outputs/golden_dataset_local_tests/crops/1770339128729_0244_1356_08-019/013_RDC_SKU_4036_635_4155_671.jpg,research_outputs/golden_dataset_local_tests/label_overlays_expected_sku/1770339128729_0244_1356_08-019_labels.jpg,yes,1003320582,-10.0:1003320582|-5.0:1003320582|0.0:1003320582|5.0:1003320582|10.0:1003320582|180.0:1003320582,yes,
1770339128729_0244_1356_08-019.jpg|RDC_SKU|2860|1234|2996|1275,1770339128729_0244_1356_08-019.jpg,1770339128729_0244_1356_08-019.json,19,RDC_SKU,1004507732,scorable,scorable,,,2860,1234,2996,1275,research_outputs/golden_dataset_local_tests/crops/1770339128729_0244_1356_08-019/019_RDC_SKU_2860_1234_2996_1275.jpg,research_outputs/golden_dataset_local_tests/label_overlays_expected_sku/1770339128729_0244_1356_08-019_labels.jpg,yes,1004507732,-10.0:1004507732|-5.0:1004507732|0.0:1004507732|5.0:1004507732|10.0:1004507732|180.0:1004507732,yes,
1770339128729_0244_1356_08-019.jpg|RDC_SKU|3163|1090|3276|1141,1770339128729_0244_1356_08-019.jpg,1770339128729_0244_1356_08-019.json,24,RDC_SKU,N/A,non_scorable,non-scorable,,SKU is cut off,3163,1090,3276,1141,research_outputs/golden_dataset_local_tests/crops/1770339128729_0244_1356_08-019/024_RDC_SKU_3163_1090_3276_1141.jpg,research_outputs/golden_dataset_local_tests/label_overlays_expected_sku/1770339128729_0244_1356_08-019_labels.jpg,yes,,,yes,
1770339128729_0244_1356_08-019.jpg|RDC_SKU|3350|1266|3491|1313,1770339128729_0244_1356_08-019.jpg,1770339128729_0244_1356_08-019.json,26,RDC_SKU,1004507730,scorable,scorable,,Slightly blurry,3350,1266,3491,1313,research_outputs/golden_dataset_local_tests/crops/1770339128729_0244_1356_08-019/026_RDC_SKU_3350_1266_3491_1313.jpg,research_outputs/golden_dataset_local_tests/label_overlays_expected_sku/1770339128729_0244_1356_08-019_labels.jpg,yes,1004507730,-10.0:1004507730|-5.0:1004507730|0.0:1004507730|5.0:1004507730|10.0:1004507730|180.0:1004507730,yes,
1770339128729_0244_1356_08-019.jpg|RDC_SKU|3896|1314|4027|1361,1770339128729_0244_1356_08-019.jpg,1770339128729_0244_1356_08-019.json,34,RDC_SKU,1006315013,scorable,scorable,,Slightly blurry,3896,1314,4027,1361,research_outputs/golden_dataset_local_tests/crops/1770339128729_0244_1356_08-019/034_RDC_SKU_3896_1314_4027_1361.jpg,research_outputs/golden_dataset_local_tests/label_overlays_expected_sku/1770339128729_0244_1356_08-019_labels.jpg,yes,1006315013,-10.0:1006315013|-5.0:1006315013|0.0:1006315013|5.0:1006315013|10.0:1006315015|180.0:1006315013,yes,
1770339128729_0244_1356_08-019.jpg|RDC_SKU|4256|1021|4379|1080,1770339128729_0244_1356_08-019.jpg,1770339128729_0244_1356_08-019.json,37,RDC_SKU,N/A,non_scorable,non-scorable,,Several blurry numbers,4256,1021,4379,1080,research_outputs/golden_dataset_local_tests/crops/1770339128729_0244_1356_08-019/037_RDC_SKU_4256_1021_4379_1080.jpg,research_outputs/golden_dataset_local_tests/label_overlays_expected_sku/1770339128729_0244_1356_08-019_labels.jpg,yes,1082708229,-10.0:1082708229|-5.0:1082708229|0.0:1082708229|5.0:1082708229|10.0:1082708229|180.0:1082708229,yes,
1770339128729_0244_1356_08-019.jpg|RDC_SKU|4320|1336|4422|1378,1770339128729_0244_1356_08-019.jpg,1770339128729_0244_1356_08-019.json,43,RDC_SKU,N/A,non_scorable,non-scorable,,Numbers are cut off,4320,1336,4422,1378,research_outputs/golden_dataset_local_tests/crops/1770339128729_0244_1356_08-019/043_RDC_SKU_4320_1336_4422_1378.jpg,research_outputs/golden_dataset_local_tests/label_overlays_expected_sku/1770339128729_0244_1356_08-019_labels.jpg,yes,,,yes,
1770339221260_0244_1066_09-012.jpg|RDC_SKU|2178|156|2325|197,1770339221260_0244_1066_09-012.jpg,1770339221260_0244_1066_09-012.json,4,RDC_SKU,1006372358,scorable,scorable,,Slightly blurry,2178,156,2325,197,research_outputs/golden_dataset_local_tests/crops/1770339221260_0244_1066_09-012/004_RDC_SKU_2178_156_2325_197.jpg,research_outputs/golden_dataset_local_tests/label_overlays_expected_sku/1770339221260_0244_1066_09-012_labels.jpg,yes,1006372358,-10.0:1006372358|-5.0:1006372358|0.0:1006372358|5.0:1006372358|10.0:1006372358|180.0:1006372358,yes,
1770339221260_0244_1066_09-012.jpg|RDC_SKU|2223|73|2364|115,1770339221260_0244_1066_09-012.jpg,1770339221260_0244_1066_09-012.json,6,RDC_SKU,N/A,non_scorable,non-scorable,,Black marking through number,2223,73,2364,115,research_outputs/golden_dataset_local_tests/crops/1770339221260_0244_1066_09-012/006_RDC_SKU_2223_73_2364_115.jpg,research_outputs/golden_dataset_local_tests/label_overlays_expected_sku/1770339221260_0244_1066_09-012_labels.jpg,yes,1002472358,-5.0:1007472358|10.0:1002472358,yes,
1770339221260_0244_1066_09-012.jpg|RDC_SKU|1202|698|1359|766,1770339221260_0244_1066_09-012.jpg,1770339221260_0244_1066_09-012.json,14,RDC_SKU,1014429205,scorable,scorable,,Blurry,1202,698,1359,766,research_outputs/golden_dataset_local_tests/crops/1770339221260_0244_1066_09-012/014_RDC_SKU_1202_698_1359_766.jpg,research_outputs/golden_dataset_local_tests/label_overlays_expected_sku/1770339221260_0244_1066_09-012_labels.jpg,yes,1014429205,-10.0:1014429205|-5.0:1014429205|0.0:1014429205|5.0:1014429205|10.0:1014429205|180.0:1014429205,yes,
1770339221260_0244_1066_09-012.jpg|RDC_SKU|1311|2746|1423|2790,1770339221260_0244_1066_09-012.jpg,1770339221260_0244_1066_09-012.json,33,RDC_SKU,N/A,non_scorable,non-scorable,,First half completely blurry,1311,2746,1423,2790,research_outputs/golden_dataset_local_tests/crops/1770339221260_0244_1066_09-012/033_RDC_SKU_1311_2746_1423_2790.jpg,research_outputs/golden_dataset_local_tests/label_overlays_expected_sku/1770339221260_0244_1066_09-012_labels.jpg,yes,887235,,yes,
1770339221260_0244_1066_09-012.jpg|RDC_SKU|1811|3325|1929|3368,1770339221260_0244_1066_09-012.jpg,1770339221260_0244_1066_09-012.json,35,RDC_SKU,1005872358,scorable,scorable,,Blurry,1811,3325,1929,3368,research_outputs/golden_dataset_local_tests/crops/1770339221260_0244_1066_09-012/035_RDC_SKU_1811_3325_1929_3368.jpg,research_outputs/golden_dataset_local_tests/label_overlays_expected_sku/1770339221260_0244_1066_09-012_labels.jpg,yes,1005872358,-10.0:1005872358|-5.0:1005972358|0.0:1005972358|5.0:1006872358|10.0:1005872358|180.0:1005872358,yes,
1770339221260_0244_1066_09-012.jpg|Other_SKU|4034|1597|4139|1632,1770339221260_0244_1066_09-012.jpg,1770339221260_0244_1066_09-012.json,137,Other_SKU,525441,scorable,scorable,,Blurry,4034,1597,4139,1632,research_outputs/golden_dataset_local_tests/crops/1770339221260_0244_1066_09-012/137_Other_SKU_4034_1597_4139_1632.jpg,research_outputs/golden_dataset_local_tests/label_overlays_expected_sku/1770339221260_0244_1066_09-012_labels.jpg,yes,525441,-10.0:525441|-5.0:525441|0.0:525441|5.0:525441|10.0:525441|180.0:525441,yes,
1770339221260_0244_1066_09-012.jpg|Other_SKU|1837|1221|1983|1256,1770339221260_0244_1066_09-012.jpg,1770339221260_0244_1066_09-012.json,141,Other_SKU,1001298075,scorable,scorable,,Blurry but still readable,1837,1221,1983,1256,research_outputs/golden_dataset_local_tests/crops/1770339221260_0244_1066_09-012/141_Other_SKU_1837_1221_1983_1256.jpg,research_outputs/golden_dataset_local_tests/label_overlays_expected_sku/1770339221260_0244_1066_09-012_labels.jpg,yes,1001298075,-10.0:1001298075|-5.0:1001298075|0.0:1001298075|5.0:1001298075|10.0:1001298075|180.0:1001298075,yes,
1770339221260_0244_1066_09-012.jpg|Printed_on_Box_SKU|1276|562|1453|604,1770339221260_0244_1066_09-012.jpg,1770339221260_0244_1066_09-012.json,210,Printed_on_Box_SKU,N/A,non_scorable,non-scorable,,First half too blurry,1276,562,1453,604,research_outputs/golden_dataset_local_tests/crops/1770339221260_0244_1066_09-012/210_Printed_on_Box_SKU_1276_562_1453_604.jpg,research_outputs/golden_dataset_local_tests/label_overlays_expected_sku/1770339221260_0244_1066_09-012_labels.jpg,yes,1014429205,-10.0:1014429205|-5.0:1014429205|0.0:1014429205|5.0:1014429205|10.0:1014429205|180.0:1014429205,yes,
1770339221260_0244_1066_09-012.jpg|Other_SKU|2101|560|2235|592,1770339221260_0244_1066_09-012.jpg,1770339221260_0244_1066_09-012.json,212,Other_SKU,N/A,non_scorable,non-scorable,,Too blurry for the first half,2101,560,2235,592,research_outputs/golden_dataset_local_tests/crops/1770339221260_0244_1066_09-012/212_Other_SKU_2101_560_2235_592.jpg,research_outputs/golden_dataset_local_tests/label_overlays_expected_sku/1770339221260_0244_1066_09-012_labels.jpg,yes,298078,-10.0:290076|-5.0:250076|5.0:290076|10.0:290078|180.0:290076,yes,
1770339221260_0244_1066_09-012.jpg|Other_SKU|2737|3950|2958|4005,1770339221260_0244_1066_09-012.jpg,1770339221260_0244_1066_09-012.json,214,Other_SKU,N/A,non_scorable,non-scorable,,Numbers cut off by an object in foreground,2737,3950,2958,4005,research_outputs/golden_dataset_local_tests/crops/1770339221260_0244_1066_09-012/214_Other_SKU_2737_3950_2958_4005.jpg,research_outputs/golden_dataset_local_tests/label_overlays_expected_sku/1770339221260_0244_1066_09-012_labels.jpg,yes,1612194905,-10.0:1612124905|-5.0:1012124905|0.0:1012124905|10.0:1012121905|180.0:1012124905,yes,
1770339221260_0244_1066_09-012.jpg|Other_SKU|2756|4141|2979|4192,1770339221260_0244_1066_09-012.jpg,1770339221260_0244_1066_09-012.json,216,Other_SKU,N/A,non_scorable,non-scorable,,Cut off by object in foreground,2756,4141,2979,4192,research_outputs/golden_dataset_local_tests/crops/1770339221260_0244_1066_09-012/216_Other_SKU_2756_4141_2979_4192.jpg,research_outputs/golden_dataset_local_tests/label_overlays_expected_sku/1770339221260_0244_1066_09-012_labels.jpg,yes,,,yes,
1770339221260_0244_1066_09-012.jpg|Other_SKU|2766|4333|2990|4390,1770339221260_0244_1066_09-012.jpg,1770339221260_0244_1066_09-012.json,218,Other_SKU,N/A,non_scorable,non-scorable,,Object blocked in front,2766,4333,2990,4390,research_outputs/golden_dataset_local_tests/crops/1770339221260_0244_1066_09-012/218_Other_SKU_2766_4333_2990_4390.jpg,research_outputs/golden_dataset_local_tests/label_overlays_expected_sku/1770339221260_0244_1066_09-012_labels.jpg,yes,1010404005,-10.0:1010101005|-5.0:1012401005|0.0:1010101005|5.0:1042401005|10.0:1042401005|180.0:1012301005,yes,
1770339221260_0244_1066_09-012.jpg|Other_SKU|4278|4212|4407|4248,1770339221260_0244_1066_09-012.jpg,1770339221260_0244_1066_09-012.json,220,Other_SKU,N/A,non_scorable,non-scorable,,Numbers are way too blurry,4278,4212,4407,4248,research_outputs/golden_dataset_local_tests/crops/1770339221260_0244_1066_09-012/220_Other_SKU_4278_4212_4407_4248.jpg,research_outputs/golden_dataset_local_tests/label_overlays_expected_sku/1770339221260_0244_1066_09-012_labels.jpg,yes,1907079100,-5.0:1007079100|5.0:1807079100|10.0:1001879100,yes,
1770339221260_0244_1066_09-012.jpg|Other_SKU|4267|3842|4399|3875,1770339221260_0244_1066_09-012.jpg,1770339221260_0244_1066_09-012.json,222,Other_SKU,N/A,non_scorable,non-scorable,,Last three digits are too blurry,4267,3842,4399,3875,research_outputs/golden_dataset_local_tests/crops/1770339221260_0244_1066_09-012/222_Other_SKU_4267_3842_4399_3875.jpg,research_outputs/golden_dataset_local_tests/label_overlays_expected_sku/1770339221260_0244_1066_09-012_labels.jpg,yes,1001078100,-10.0:1001078103|-5.0:1001078103|0.0:1001078103|5.0:1001078103|10.0:1001078103|180.0:1001078100,yes,
1770339221260_0244_1066_09-012.jpg|Other_SKU|4248|3473|4376|3510,1770339221260_0244_1066_09-012.jpg,1770339221260_0244_1066_09-012.json,224,Other_SKU,N/A,non_scorable,non-scorable,,Last three digits not readable,4248,3473,4376,3510,research_outputs/golden_dataset_local_tests/crops/1770339221260_0244_1066_09-012/224_Other_SKU_4248_3473_4376_3510.jpg,research_outputs/golden_dataset_local_tests/label_overlays_expected_sku/1770339221260_0244_1066_09-012_labels.jpg,yes,1001079103,10.0:1001079103,yes,
1770339221260_0244_1066_09-012.jpg|Other_SKU|4242|3102|4371|3135,1770339221260_0244_1066_09-012.jpg,1770339221260_0244_1066_09-012.json,226,Other_SKU,N/A,non_scorable,non-scorable,,First grouping of digits too blurry,4242,3102,4371,3135,research_outputs/golden_dataset_local_tests/crops/1770339221260_0244_1066_09-012/226_Other_SKU_4242_3102_4371_3135.jpg,research_outputs/golden_dataset_local_tests/label_overlays_expected_sku/1770339221260_0244_1066_09-012_labels.jpg,yes,1001078103,-5.0:1001078103|0.0:1001078103|10.0:1001078103|180.0:1001078103,yes,
1770339221260_0244_1066_09-012.jpg|Other_SKU|5096|3487|5216|3528,1770339221260_0244_1066_09-012.jpg,1770339221260_0244_1066_09-012.json,228,Other_SKU,N/A,non_scorable,non-scorable,,Whole SKU blurry,5096,3487,5216,3528,research_outputs/golden_dataset_local_tests/crops/1770339221260_0244_1066_09-012/228_Other_SKU_5096_3487_5216_3528.jpg,research_outputs/golden_dataset_local_tests/label_overlays_expected_sku/1770339221260_0244_1066_09-012_labels.jpg,yes,,,yes,
1770339221260_0244_1066_09-012.jpg|Other_SKU|5022|3124|5149|3166,1770339221260_0244_1066_09-012.jpg,1770339221260_0244_1066_09-012.json,230,Other_SKU,N/A,non_scorable,non-scorable,,Whole SKU is too blurry,5022,3124,5149,3166,research_outputs/golden_dataset_local_tests/crops/1770339221260_0244_1066_09-012/230_Other_SKU_5022_3124_5149_3166.jpg,research_outputs/golden_dataset_local_tests/label_overlays_expected_sku/1770339221260_0244_1066_09-012_labels.jpg,yes,,,yes,
1770339221260_0244_1066_09-012.jpg|Other_SKU|4982|2759|5100|2794,1770339221260_0244_1066_09-012.jpg,1770339221260_0244_1066_09-012.json,232,Other_SKU,N/A,non_scorable,non-scorable,,Way too blurry,4982,2759,5100,2794,research_outputs/golden_dataset_local_tests/crops/1770339221260_0244_1066_09-012/232_Other_SKU_4982_2759_5100_2794.jpg,research_outputs/golden_dataset_local_tests/label_overlays_expected_sku/1770339221260_0244_1066_09-012_labels.jpg,yes,,,yes,
1770339221260_0244_1066_09-012.jpg|Other_SKU|5040|1629|5140|1666,1770339221260_0244_1066_09-012.jpg,1770339221260_0244_1066_09-012.json,234,Other_SKU,N/A,non_scorable,non-scorable,,Way too blurry,5040,1629,5140,1666,research_outputs/golden_dataset_local_tests/crops/1770339221260_0244_1066_09-012/234_Other_SKU_5040_1629_5140_1666.jpg,research_outputs/golden_dataset_local_tests/label_overlays_expected_sku/1770339221260_0244_1066_09-012_labels.jpg,yes,,,yes,
1770339221260_0244_1071_09-011.jpg|Pallet_SKU|1111|90|1365|199,1770339221260_0244_1071_09-011.jpg,1770339221260_0244_1071_09-011.json,0,Pallet_SKU,1007470322,scorable,scorable,,,1111,90,1365,199,research_outputs/golden_dataset_local_tests/crops/1770339221260_0244_1071_09-011/000_Pallet_SKU_1111_90_1365_199.jpg,research_outputs/golden_dataset_local_tests/label_overlays_expected_sku/1770339221260_0244_1071_09-011_labels.jpg,yes,1007470322,-10.0:1007470322|-5.0:1007470322|0.0:1007470322|5.0:1007470322|10.0:1007470322|180.0:1007470322,yes,
1770339221260_0244_1071_09-011.jpg|Pallet_SKU|2013|1106|2293|1210,1770339221260_0244_1071_09-011.jpg,1770339221260_0244_1071_09-011.json,2,Pallet_SKU,1002671570,scorable,scorable,,,2013,1106,2293,1210,research_outputs/golden_dataset_local_tests/crops/1770339221260_0244_1071_09-011/002_Pallet_SKU_2013_1106_2293_1210.jpg,research_outputs/golden_dataset_local_tests/label_overlays_expected_sku/1770339221260_0244_1071_09-011_labels.jpg,yes,1002671570,-10.0:1002671570|-5.0:1002671570|0.0:1002671570|5.0:1002671570|10.0:1002671570|180.0:1002671570,yes,
1770339221260_0244_1071_09-011.jpg|Pallet_SKU|3438|920|3800|1033,1770339221260_0244_1071_09-011.jpg,1770339221260_0244_1071_09-011.json,4,Pallet_SKU,1005565836,scorable,scorable,,,3438,920,3800,1033,research_outputs/golden_dataset_local_tests/crops/1770339221260_0244_1071_09-011/004_Pallet_SKU_3438_920_3800_1033.jpg,research_outputs/golden_dataset_local_tests/label_overlays_expected_sku/1770339221260_0244_1071_09-011_labels.jpg,yes,1005565836,-10.0:1005565836|-5.0:1005565836|0.0:1005565836|5.0:1005565836|10.0:1005565836|180.0:1005565836,yes,
1770339221260_0244_1106_09-009.jpg|Pallet_SKU|1554|204|1801|293,1770339221260_0244_1106_09-009.jpg,1770339221260_0244_1106_09-009.json,0,Pallet_SKU,1002671564,scorable,scorable,,,1554,204,1801,293,research_outputs/golden_dataset_local_tests/crops/1770339221260_0244_1106_09-009/000_Pallet_SKU_1554_204_1801_293.jpg,research_outputs/golden_dataset_local_tests/label_overlays_expected_sku/1770339221260_0244_1106_09-009_labels.jpg,yes,1002671564,-10.0:1002671564|-5.0:1002671564|0.0:1002671564|5.0:1002671564|10.0:1002671564|180.0:1002671564,yes,
1770339221260_0244_1106_09-009.jpg|Pallet_SKU|1917|0|2176|100,1770339221260_0244_1106_09-009.jpg,1770339221260_0244_1106_09-009.json,1,Pallet_SKU,1010347262,scorable,scorable,,,1917,0,2176,100,research_outputs/golden_dataset_local_tests/crops/1770339221260_0244_1106_09-009/001_Pallet_SKU_1917_0_2176_100.jpg,research_outputs/golden_dataset_local_tests/label_overlays_expected_sku/1770339221260_0244_1106_09-009_labels.jpg,yes,1010347262,-10.0:1010347262|-5.0:1010347262|0.0:1010347262|5.0:1010347262|10.0:1010347262|180.0:1010347262,yes,
1770339221260_0244_1106_09-009.jpg|Pallet_SKU|1519|1207|1815|1272,1770339221260_0244_1106_09-009.jpg,1770339221260_0244_1106_09-009.json,3,Pallet_SKU,1009536803,scorable,scorable,,,1519,1207,1815,1272,research_outputs/golden_dataset_local_tests/crops/1770339221260_0244_1106_09-009/003_Pallet_SKU_1519_1207_1815_1272.jpg,research_outputs/golden_dataset_local_tests/label_overlays_expected_sku/1770339221260_0244_1106_09-009_labels.jpg,yes,1009536803,-10.0:1009536803|-5.0:1009536803|0.0:1009536803|5.0:1009536803|10.0:1009536803|180.0:1009536803,yes,
1770339221260_0244_1106_09-009.jpg|Pallet_SKU|2101|864|2411|939,1770339221260_0244_1106_09-009.jpg,1770339221260_0244_1106_09-009.json,5,Pallet_SKU,1005565048,scorable,scorable,,,2101,864,2411,939,research_outputs/golden_dataset_local_tests/crops/1770339221260_0244_1106_09-009/005_Pallet_SKU_2101_864_2411_939.jpg,research_outputs/golden_dataset_local_tests/label_overlays_expected_sku/1770339221260_0244_1106_09-009_labels.jpg,yes,1005565048,-10.0:1005565048|-5.0:1005565048|0.0:1005565048|5.0:1005565048|10.0:1005565048|180.0:1005565048,yes,
1770339221260_0244_1106_09-009.jpg|Pallet_SKU|3371|544|3692|639,1770339221260_0244_1106_09-009.jpg,1770339221260_0244_1106_09-009.json,7,Pallet_SKU,1011116438,scorable,scorable,,,3371,544,3692,639,research_outputs/golden_dataset_local_tests/crops/1770339221260_0244_1106_09-009/007_Pallet_SKU_3371_544_3692_639.jpg,research_outputs/golden_dataset_local_tests/label_overlays_expected_sku/1770339221260_0244_1106_09-009_labels.jpg,yes,1011116438,-10.0:1011116438|-5.0:1011116438|0.0:1011116438|5.0:1011116438|10.0:1011116438|180.0:1011116438,yes,
1770339221260_0244_1135_09-008.jpg|Pallet_SKU|2436|426|2871|517,1770339221260_0244_1135_09-008.jpg,1770339221260_0244_1135_09-008.json,0,Pallet_SKU,1001187887,scorable,scorable,,,2436,426,2871,517,research_outputs/golden_dataset_local_tests/crops/1770339221260_0244_1135_09-008/000_Pallet_SKU_2436_426_2871_517.jpg,research_outputs/golden_dataset_local_tests/label_overlays_expected_sku/1770339221260_0244_1135_09-008_labels.jpg,yes,1001187887,-10.0:1001187887|-5.0:1001187887|0.0:1001187887|5.0:1001187887|10.0:1001187887|180.0:1001187887,yes,
1770339221260_0244_1135_09-008.jpg|Pallet_SKU|4286|660|4686|774,1770339221260_0244_1135_09-008.jpg,1770339221260_0244_1135_09-008.json,2,Pallet_SKU,1001207521,scorable,scorable,,,4286,660,4686,774,research_outputs/golden_dataset_local_tests/crops/1770339221260_0244_1135_09-008/002_Pallet_SKU_4286_660_4686_774.jpg,research_outputs/golden_dataset_local_tests/label_overlays_expected_sku/1770339221260_0244_1135_09-008_labels.jpg,yes,1001207521,-10.0:1001207521|-5.0:1001207521|0.0:1001207521|5.0:1001207521|10.0:1001207521|180.0:1001207521,yes,
1770339221260_0244_1143_09-007.jpg|Pallet_SKU|1434|1140|1728|1234,1770339221260_0244_1143_09-007.jpg,1770339221260_0244_1143_09-007.json,0,Pallet_SKU,1009108469,scorable,scorable,,,1434,1140,1728,1234,research_outputs/golden_dataset_local_tests/crops/1770339221260_0244_1143_09-007/000_Pallet_SKU_1434_1140_1728_1234.jpg,research_outputs/golden_dataset_local_tests/label_overlays_expected_sku/1770339221260_0244_1143_09-007_labels.jpg,yes,1009108469,-10.0:1009108469|-5.0:1009108469|0.0:1009108469|5.0:1009108469|10.0:1009108469|180.0:1009108469,yes,
1770339221260_0244_1143_09-007.jpg|Pallet_SKU|1921|956|2240|1093,1770339221260_0244_1143_09-007.jpg,1770339221260_0244_1143_09-007.json,2,Pallet_SKU,1003060743,scorable,scorable,,,1921,956,2240,1093,research_outputs/golden_dataset_local_tests/crops/1770339221260_0244_1143_09-007/002_Pallet_SKU_1921_956_2240_1093.jpg,research_outputs/golden_dataset_local_tests/label_overlays_expected_sku/1770339221260_0244_1143_09-007_labels.jpg,yes,1003060743,-10.0:1003060743|-5.0:1003060743|0.0:1003060743|5.0:1003060743|10.0:1003060743|180.0:1003060743,yes,
1770339221260_0244_1143_09-007.jpg|Pallet_SKU|3029|446|3379|561,1770339221260_0244_1143_09-007.jpg,1770339221260_0244_1143_09-007.json,4,Pallet_SKU,1001294717,scorable,scorable,,,3029,446,3379,561,research_outputs/golden_dataset_local_tests/crops/1770339221260_0244_1143_09-007/004_Pallet_SKU_3029_446_3379_561.jpg,research_outputs/golden_dataset_local_tests/label_overlays_expected_sku/1770339221260_0244_1143_09-007_labels.jpg,yes,1001294717,-10.0:1001294717|-5.0:1001294717|0.0:1001294717|5.0:1001294717|10.0:1001294717|180.0:1001294717,yes,
1770339221260_0244_1143_09-007.jpg|Pallet_SKU|1530|0|1803|73,1770339221260_0244_1143_09-007.jpg,1770339221260_0244_1143_09-007.json,6,Pallet_SKU,1005404920,scorable,scorable,,,1530,0,1803,73,research_outputs/golden_dataset_local_tests/crops/1770339221260_0244_1143_09-007/006_Pallet_SKU_1530_0_1803_73.jpg,research_outputs/golden_dataset_local_tests/label_overlays_expected_sku/1770339221260_0244_1143_09-007_labels.jpg,yes,1005404920,-10.0:1005404920|-5.0:1005404920|0.0:1005404928|5.0:1005404920|10.0:1005404920|180.0:1005404928,yes,
1770339221260_0244_1172_09-006.jpg|Pallet_SKU|2514|830|2802|911,1770339221260_0244_1172_09-006.jpg,1770339221260_0244_1172_09-006.json,0,Pallet_SKU,359253,scorable,scorable,,,2514,830,2802,911,research_outputs/golden_dataset_local_tests/crops/1770339221260_0244_1172_09-006/000_Pallet_SKU_2514_830_2802_911.jpg,research_outputs/golden_dataset_local_tests/label_overlays_expected_sku/1770339221260_0244_1172_09-006_labels.jpg,yes,359253,-10.0:359253|-5.0:359253|0.0:359253|5.0:359253|10.0:359253|180.0:359253,yes,
1770339221260_0244_1172_09-006.jpg|Handwritte_SKU|737|1981|955|2046,1770339221260_0244_1172_09-006.jpg,1770339221260_0244_1172_09-006.json,4,Handwritte_SKU,N/A,non_scorable,non-scorable,,Way too blurry and thin,737,1981,955,2046,research_outputs/golden_dataset_local_tests/crops/1770339221260_0244_1172_09-006/004_Handwritte_SKU_737_1981_955_2046.jpg,research_outputs/golden_dataset_local_tests/label_overlays_expected_sku/1770339221260_0244_1172_09-006_labels.jpg,yes,,,yes,
1770339221260_0244_1172_09-006.jpg|Handwritte_SKU|1375|1977|1522|2034,1770339221260_0244_1172_09-006.jpg,1770339221260_0244_1172_09-006.json,9,Handwritte_SKU,357122,scorable,scorable,,Blurry but readable,1375,1977,1522,2034,research_outputs/golden_dataset_local_tests/crops/1770339221260_0244_1172_09-006/009_Handwritte_SKU_1375_1977_1522_2034.jpg,research_outputs/golden_dataset_local_tests/label_overlays_expected_sku/1770339221260_0244_1172_09-006_labels.jpg,yes,357122,-10.0:357122|-5.0:357122|0.0:357122|5.0:357122|10.0:357122|180.0:357122,yes,
1770339221260_0244_1172_09-006.jpg|Handwritte_SKU|1710|1993|1889|2072,1770339221260_0244_1172_09-006.jpg,1770339221260_0244_1172_09-006.json,13,Handwritte_SKU,N/A,non_scorable,non-scorable,,Blue item blocks the SKU,1710,1993,1889,2072,research_outputs/golden_dataset_local_tests/crops/1770339221260_0244_1172_09-006/013_Handwritte_SKU_1710_1993_1889_2072.jpg,research_outputs/golden_dataset_local_tests/label_overlays_expected_sku/1770339221260_0244_1172_09-006_labels.jpg,yes,,,yes,
1770339221260_0244_1172_09-006.jpg|Handwritte_SKU|1731|1839|1885|1897,1770339221260_0244_1172_09-006.jpg,1770339221260_0244_1172_09-006.json,15,Handwritte_SKU,N/A,non_scorable,non-scorable,,Blocked by blue item,1731,1839,1885,1897,research_outputs/golden_dataset_local_tests/crops/1770339221260_0244_1172_09-006/015_Handwritte_SKU_1731_1839_1885_1897.jpg,research_outputs/golden_dataset_local_tests/label_overlays_expected_sku/1770339221260_0244_1172_09-006_labels.jpg,yes,,,yes,
1770339221260_0244_1172_09-006.jpg|Handwritte_SKU|1561|1830|1728|1915,1770339221260_0244_1172_09-006.jpg,1770339221260_0244_1172_09-006.json,17,Handwritte_SKU,N/A,non_scorable,non-scorable,,Blue item blocks the SKU,1561,1830,1728,1915,research_outputs/golden_dataset_local_tests/crops/1770339221260_0244_1172_09-006/017_Handwritte_SKU_1561_1830_1728_1915.jpg,research_outputs/golden_dataset_local_tests/label_overlays_expected_sku/1770339221260_0244_1172_09-006_labels.jpg,yes,,,yes,
1770339221260_0244_1178_09-005.jpg|Pallet_SKU|1988|923|2336|1066,1770339221260_0244_1178_09-005.jpg,1770339221260_0244_1178_09-005.json,0,Pallet_SKU,1003060743,scorable,scorable,,,1988,923,2336,1066,research_outputs/golden_dataset_local_tests/crops/1770339221260_0244_1178_09-005/000_Pallet_SKU_1988_923_2336_1066.jpg,research_outputs/golden_dataset_local_tests/label_overlays_expected_sku/1770339221260_0244_1178_09-005_labels.jpg,yes,1003060743,-10.0:1003060743|-5.0:1003060743|0.0:1003060743|5.0:1003060743|10.0:1003060743|180.0:1003060743,yes,
1770339221260_0244_1211_09-004.jpg|Pallet_SKU|2806|612|3240|713,1770339221260_0244_1211_09-004.jpg,1770339221260_0244_1211_09-004.json,0,Pallet_SKU,1005565837,scorable,scorable,,,2806,612,3240,713,research_outputs/golden_dataset_local_tests/crops/1770339221260_0244_1211_09-004/000_Pallet_SKU_2806_612_3240_713.jpg,research_outputs/golden_dataset_local_tests/label_overlays_expected_sku/1770339221260_0244_1211_09-004_labels.jpg,yes,1005565837,-10.0:1005565837|-5.0:1005565837|0.0:1005565837|5.0:1005565837|10.0:1005565837|180.0:565837,yes,
1770339221260_0244_1211_09-004.jpg|Pallet_SKU|4167|671|4536|784,1770339221260_0244_1211_09-004.jpg,1770339221260_0244_1211_09-004.json,2,Pallet_SKU,1002922129,scorable,scorable,,,4167,671,4536,784,research_outputs/golden_dataset_local_tests/crops/1770339221260_0244_1211_09-004/002_Pallet_SKU_4167_671_4536_784.jpg,research_outputs/golden_dataset_local_tests/label_overlays_expected_sku/1770339221260_0244_1211_09-004_labels.jpg,yes,1002922129,-10.0:1002922129|-5.0:1002922129|0.0:1002922129|5.0:1002922129|10.0:1002922129|180.0:1002922129,yes,
1770339221260_0244_1215_09-003.jpg|Pallet_SKU|1376|1393|1700|1477,1770339221260_0244_1215_09-003.jpg,1770339221260_0244_1215_09-003.json,0,Pallet_SKU,1006296712,scorable,scorable,,,1376,1393,1700,1477,research_outputs/golden_dataset_local_tests/crops/1770339221260_0244_1215_09-003/000_Pallet_SKU_1376_1393_1700_1477.jpg,research_outputs/golden_dataset_local_tests/label_overlays_expected_sku/1770339221260_0244_1215_09-003_labels.jpg,yes,1006296712,-10.0:1006296712|-5.0:1006296712|0.0:1006296712|5.0:1006296712|10.0:1006296712|180.0:1006296712,yes,
1770339221260_0244_1215_09-003.jpg|Other_SKU|1381|1155|1550|1214,1770339221260_0244_1215_09-003.jpg,1770339221260_0244_1215_09-003.json,3,Other_SKU,1006296710,scorable,scorable,,,1381,1155,1550,1214,research_outputs/golden_dataset_local_tests/crops/1770339221260_0244_1215_09-003/003_Other_SKU_1381_1155_1550_1214.jpg,research_outputs/golden_dataset_local_tests/label_overlays_expected_sku/1770339221260_0244_1215_09-003_labels.jpg,yes,1006296710,-10.0:1006296710|-5.0:1006296710|0.0:1006296710|5.0:1006296710|10.0:1006296710|180.0:1006296710,yes,
1770339221260_0244_1215_09-003.jpg|Pallet_SKU|3055|1071|3436|1194,1770339221260_0244_1215_09-003.jpg,1770339221260_0244_1215_09-003.json,4,Pallet_SKU,1003194237,scorable,scorable,,,3055,1071,3436,1194,research_outputs/golden_dataset_local_tests/crops/1770339221260_0244_1215_09-003/004_Pallet_SKU_3055_1071_3436_1194.jpg,research_outputs/golden_dataset_local_tests/label_overlays_expected_sku/1770339221260_0244_1215_09-003_labels.jpg,yes,1003194237,-10.0:1003194237|-5.0:1003194237|0.0:1003194237|5.0:1003194237|10.0:1003194237|180.0:1003194237,yes,
1770339221260_0244_1246_09-002.jpg|Pallet_SKU|789|275|1066|338,1770339221260_0244_1246_09-002.jpg,1770339221260_0244_1246_09-002.json,0,Pallet_SKU,1006104733,scorable,scorable,,,789,275,1066,338,research_outputs/golden_dataset_local_tests/crops/1770339221260_0244_1246_09-002/000_Pallet_SKU_789_275_1066_338.jpg,research_outputs/golden_dataset_local_tests/label_overlays_expected_sku/1770339221260_0244_1246_09-002_labels.jpg,yes,1006104733,-10.0:1006104733|-5.0:1006104733|0.0:1006104733|5.0:1006104733|10.0:1006104733|180.0:1006104733,yes,
1770339221260_0244_1246_09-002.jpg|Pallet_SKU|807|221|1079|295,1770339221260_0244_1246_09-002.jpg,1770339221260_0244_1246_09-002.json,1,Pallet_SKU,1005004961,scorable,scorable,,,807,221,1079,295,research_outputs/golden_dataset_local_tests/crops/1770339221260_0244_1246_09-002/001_Pallet_SKU_807_221_1079_295.jpg,research_outputs/golden_dataset_local_tests/label_overlays_expected_sku/1770339221260_0244_1246_09-002_labels.jpg,yes,1005004961,-10.0:1005004961|-5.0:1005004961|0.0:1005004961|5.0:1005004961|10.0:1005004961|180.0:1005004961,yes,
1770339221260_0244_1246_09-002.jpg|Pallet_SKU|819|175|1094|241,1770339221260_0244_1246_09-002.jpg,1770339221260_0244_1246_09-002.json,2,Pallet_SKU,1004183406,scorable,scorable,,,819,175,1094,241,research_outputs/golden_dataset_local_tests/crops/1770339221260_0244_1246_09-002/002_Pallet_SKU_819_175_1094_241.jpg,research_outputs/golden_dataset_local_tests/label_overlays_expected_sku/1770339221260_0244_1246_09-002_labels.jpg,yes,1004183406,-10.0:1004183406|-5.0:1004183406|0.0:1004183406|5.0:1004183406|10.0:1004183406|180.0:1004183406,yes,
1770339221260_0244_1246_09-002.jpg|Pallet_SKU|1217|290|1513|353,1770339221260_0244_1246_09-002.jpg,1770339221260_0244_1246_09-002.json,4,Pallet_SKU,1006228875,scorable,scorable,,,1217,290,1513,353,research_outputs/golden_dataset_local_tests/crops/1770339221260_0244_1246_09-002/004_Pallet_SKU_1217_290_1513_353.jpg,research_outputs/golden_dataset_local_tests/label_overlays_expected_sku/1770339221260_0244_1246_09-002_labels.jpg,yes,1006228875,-10.0:1006228875|-5.0:1006228875|0.0:1006228875|5.0:1006228875|10.0:1006228875|180.0:1006228875,yes,
1770339221260_0244_1246_09-002.jpg|Pallet_SKU|1248|231|1526|295,1770339221260_0244_1246_09-002.jpg,1770339221260_0244_1246_09-002.json,5,Pallet_SKU,1006148513,scorable,scorable,,,1248,231,1526,295,research_outputs/golden_dataset_local_tests/crops/1770339221260_0244_1246_09-002/005_Pallet_SKU_1248_231_1526_295.jpg,research_outputs/golden_dataset_local_tests/label_overlays_expected_sku/1770339221260_0244_1246_09-002_labels.jpg,yes,1006148513,-10.0:1006148513|-5.0:1006148513|0.0:1006148513|5.0:1006148513|10.0:1006148513|180.0:1006148513,yes,
1770339221260_0244_1246_09-002.jpg|Pallet_SKU|1256|183|1535|247,1770339221260_0244_1246_09-002.jpg,1770339221260_0244_1246_09-002.json,6,Pallet_SKU,1006104734,scorable,scorable,,,1256,183,1535,247,research_outputs/golden_dataset_local_tests/crops/1770339221260_0244_1246_09-002/006_Pallet_SKU_1256_183_1535_247.jpg,research_outputs/golden_dataset_local_tests/label_overlays_expected_sku/1770339221260_0244_1246_09-002_labels.jpg,yes,1006104734,-10.0:1006104734|-5.0:1006104734|0.0:1006104734|5.0:1006104734|10.0:1006104734|180.0:1006104734,yes,
1770339221260_0244_1246_09-002.jpg|Pallet_SKU|1655|265|1956|330,1770339221260_0244_1246_09-002.jpg,1770339221260_0244_1246_09-002.json,8,Pallet_SKU,1008504543,scorable,scorable,,,1655,265,1956,330,research_outputs/golden_dataset_local_tests/crops/1770339221260_0244_1246_09-002/008_Pallet_SKU_1655_265_1956_330.jpg,research_outputs/golden_dataset_local_tests/label_overlays_expected_sku/1770339221260_0244_1246_09-002_labels.jpg,yes,1008504543,-10.0:1008504543|-5.0:1008504543|0.0:1008504543|5.0:1008504543|10.0:1008504543|180.0:1008504543,yes,
1770339221260_0244_1246_09-002.jpg|Pallet_SKU|1665|216|1964|272,1770339221260_0244_1246_09-002.jpg,1770339221260_0244_1246_09-002.json,9,Pallet_SKU,1006623440,scorable,scorable,,,1665,216,1964,272,research_outputs/golden_dataset_local_tests/crops/1770339221260_0244_1246_09-002/009_Pallet_SKU_1665_216_1964_272.jpg,research_outputs/golden_dataset_local_tests/label_overlays_expected_sku/1770339221260_0244_1246_09-002_labels.jpg,yes,1006623440,-10.0:1006623440|-5.0:1006623440|0.0:1006623440|5.0:1006623440|10.0:1006623440|180.0:1006623440,yes,
1770339221260_0244_1246_09-002.jpg|Pallet_SKU|1692|170|1975|228,1770339221260_0244_1246_09-002.jpg,1770339221260_0244_1246_09-002.json,10,Pallet_SKU,1006228913,scorable,scorable,,,1692,170,1975,228,research_outputs/golden_dataset_local_tests/crops/1770339221260_0244_1246_09-002/010_Pallet_SKU_1692_170_1975_228.jpg,research_outputs/golden_dataset_local_tests/label_overlays_expected_sku/1770339221260_0244_1246_09-002_labels.jpg,yes,1006228913,-10.0:1006228913|-5.0:1006228913|0.0:1006228913|5.0:1006228913|10.0:1006228913|180.0:1006228913,yes,
1770339221260_0244_1246_09-002.jpg|Pallet_SKU|2102|258|2413|345,1770339221260_0244_1246_09-002.jpg,1770339221260_0244_1246_09-002.json,12,Pallet_SKU,1009064275,scorable,scorable,,,2102,258,2413,345,research_outputs/golden_dataset_local_tests/crops/1770339221260_0244_1246_09-002/012_Pallet_SKU_2102_258_2413_345.jpg,research_outputs/golden_dataset_local_tests/label_overlays_expected_sku/1770339221260_0244_1246_09-002_labels.jpg,yes,1009064275,-10.0:1009064275|-5.0:1009064275|0.0:1009064275|5.0:1009064275|10.0:1009064275|180.0:1009064275,yes,
1770339221260_0244_1246_09-002.jpg|Pallet_SKU|2110|214|2417|291,1770339221260_0244_1246_09-002.jpg,1770339221260_0244_1246_09-002.json,13,Pallet_SKU,1009037434,scorable,scorable,,,2110,214,2417,291,research_outputs/golden_dataset_local_tests/crops/1770339221260_0244_1246_09-002/013_Pallet_SKU_2110_214_2417_291.jpg,research_outputs/golden_dataset_local_tests/label_overlays_expected_sku/1770339221260_0244_1246_09-002_labels.jpg,yes,1009037434,-10.0:1009037434|-5.0:1009037434|0.0:1009037434|5.0:1009037434|10.0:1009037434|180.0:1009037434,yes,
1770339221260_0244_1246_09-002.jpg|Pallet_SKU|2125|169|2424|237,1770339221260_0244_1246_09-002.jpg,1770339221260_0244_1246_09-002.json,14,Pallet_SKU,1008986170,scorable,scorable,,,2125,169,2424,237,research_outputs/golden_dataset_local_tests/crops/1770339221260_0244_1246_09-002/014_Pallet_SKU_2125_169_2424_237.jpg,research_outputs/golden_dataset_local_tests/label_overlays_expected_sku/1770339221260_0244_1246_09-002_labels.jpg,yes,1008986170,-10.0:1008986170|-5.0:1008986170|0.0:1008986170|5.0:1008986170|10.0:1008986170|180.0:1008986170,yes,
1770339221260_0244_1246_09-002.jpg|Pallet_SKU|2588|276|2873|337,1770339221260_0244_1246_09-002.jpg,1770339221260_0244_1246_09-002.json,16,Pallet_SKU,1011204365,scorable,scorable,,,2588,276,2873,337,research_outputs/golden_dataset_local_tests/crops/1770339221260_0244_1246_09-002/016_Pallet_SKU_2588_276_2873_337.jpg,research_outputs/golden_dataset_local_tests/label_overlays_expected_sku/1770339221260_0244_1246_09-002_labels.jpg,yes,1011204365,-10.0:1011204365|-5.0:1011204365|0.0:1011204365|5.0:1011204365|10.0:1011204365|180.0:1011204365,yes,
1770339221260_0244_1246_09-002.jpg|Pallet_SKU|2585|230|2873|288,1770339221260_0244_1246_09-002.jpg,1770339221260_0244_1246_09-002.json,17,Pallet_SKU,1011204364,scorable,scorable,,,2585,230,2873,288,research_outputs/golden_dataset_local_tests/crops/1770339221260_0244_1246_09-002/017_Pallet_SKU_2585_230_2873_288.jpg,research_outputs/golden_dataset_local_tests/label_overlays_expected_sku/1770339221260_0244_1246_09-002_labels.jpg,yes,1011204364,-10.0:1011204364|-5.0:1011204364|0.0:1011204364|5.0:1011204364|10.0:1011204364|180.0:1011204364,yes,
1770339221260_0244_1246_09-002.jpg|Pallet_SKU|2584|180|2869|236,1770339221260_0244_1246_09-002.jpg,1770339221260_0244_1246_09-002.json,18,Pallet_SKU,1010644841,scorable,scorable,,,2584,180,2869,236,research_outputs/golden_dataset_local_tests/crops/1770339221260_0244_1246_09-002/018_Pallet_SKU_2584_180_2869_236.jpg,research_outputs/golden_dataset_local_tests/label_overlays_expected_sku/1770339221260_0244_1246_09-002_labels.jpg,yes,1010644841,-10.0:1010644841|-5.0:1010644841|0.0:1010644841|5.0:1010644841|10.0:1010644841|180.0:1010644841,yes,
1770339221260_0244_1246_09-002.jpg|Pallet_SKU|3053|305|3318|386,1770339221260_0244_1246_09-002.jpg,1770339221260_0244_1246_09-002.json,20,Pallet_SKU,1012318217,scorable,scorable,,,3053,305,3318,386,research_outputs/golden_dataset_local_tests/crops/1770339221260_0244_1246_09-002/020_Pallet_SKU_3053_305_3318_386.jpg,research_outputs/golden_dataset_local_tests/label_overlays_expected_sku/1770339221260_0244_1246_09-002_labels.jpg,yes,1012318217,-10.0:1012318217|-5.0:1012318217|0.0:1012318217|5.0:1012318217|10.0:1012318217|180.0:1012318217,yes,
1770339221260_0244_1246_09-002.jpg|Pallet_SKU|3048|250|3313|335,1770339221260_0244_1246_09-002.jpg,1770339221260_0244_1246_09-002.json,21,Pallet_SKU,1011695219,scorable,scorable,,,3048,250,3313,335,research_outputs/golden_dataset_local_tests/crops/1770339221260_0244_1246_09-002/021_Pallet_SKU_3048_250_3313_335.jpg,research_outputs/golden_dataset_local_tests/label_overlays_expected_sku/1770339221260_0244_1246_09-002_labels.jpg,yes,1011695219,-10.0:1011695219|-5.0:1011695219|0.0:1011695219|5.0:1011695219|10.0:1011695219|180.0:1011695219,yes,
1770339221260_0244_1246_09-002.jpg|Pallet_SKU|3049|203|3310|278,1770339221260_0244_1246_09-002.jpg,1770339221260_0244_1246_09-002.json,22,Pallet_SKU,1011695218,scorable,scorable,,,3049,203,3310,278,research_outputs/golden_dataset_local_tests/crops/1770339221260_0244_1246_09-002/022_Pallet_SKU_3049_203_3310_278.jpg,research_outputs/golden_dataset_local_tests/label_overlays_expected_sku/1770339221260_0244_1246_09-002_labels.jpg,yes,1011695218,-10.0:1011695218|-5.0:1011695218|0.0:1011695218|5.0:1011695218|10.0:1011695218|180.0:1011695218,yes,
1770339221260_0244_1246_09-002.jpg|Pallet_SKU|3485|321|3762|425,1770339221260_0244_1246_09-002.jpg,1770339221260_0244_1246_09-002.json,24,Pallet_SKU,1013083248,scorable,scorable,,,3485,321,3762,425,research_outputs/golden_dataset_local_tests/crops/1770339221260_0244_1246_09-002/024_Pallet_SKU_3485_321_3762_425.jpg,research_outputs/golden_dataset_local_tests/label_overlays_expected_sku/1770339221260_0244_1246_09-002_labels.jpg,yes,1013083248,-10.0:1013083248|-5.0:052404|0.0:1013083248|5.0:652404|10.0:1013083248|180.0:1013083248,yes,
1770339221260_0244_1246_09-002.jpg|Pallet_SKU|3476|275|3760|378,1770339221260_0244_1246_09-002.jpg,1770339221260_0244_1246_09-002.json,25,Pallet_SKU,1012652404,scorable,scorable,,,3476,275,3760,378,research_outputs/golden_dataset_local_tests/crops/1770339221260_0244_1246_09-002/025_Pallet_SKU_3476_275_3760_378.jpg,research_outputs/golden_dataset_local_tests/label_overlays_expected_sku/1770339221260_0244_1246_09-002_labels.jpg,yes,1012652404,-10.0:1012652404|-5.0:603791|0.0:1012652404|5.0:603791|10.0:603791|180.0:1012652404,yes,
1770339221260_0244_1246_09-002.jpg|Pallet_SKU|3478|228|3746|327,1770339221260_0244_1246_09-002.jpg,1770339221260_0244_1246_09-002.json,26,Pallet_SKU,1012603791,scorable,scorable,,,3478,228,3746,327,research_outputs/golden_dataset_local_tests/crops/1770339221260_0244_1246_09-002/026_Pallet_SKU_3478_228_3746_327.jpg,research_outputs/golden_dataset_local_tests/label_overlays_expected_sku/1770339221260_0244_1246_09-002_labels.jpg,yes,1012603791,-10.0:1012603791|-5.0:1012603791|0.0:1012603791|5.0:1012603791|10.0:1012603791|180.0:1012603791,yes,
1770339221260_0244_1246_09-002.jpg|Pallet_SKU|3904|403|4180|487,1770339221260_0244_1246_09-002.jpg,1770339221260_0244_1246_09-002.json,28,Pallet_SKU,1014340074,scorable,scorable,,,3904,403,4180,487,research_outputs/golden_dataset_local_tests/crops/1770339221260_0244_1246_09-002/028_Pallet_SKU_3904_403_4180_487.jpg,research_outputs/golden_dataset_local_tests/label_overlays_expected_sku/1770339221260_0244_1246_09-002_labels.jpg,yes,1014340074,-10.0:1014340074|-5.0:1014340074|0.0:1014340074|5.0:1014340074|10.0:1014340074|180.0:1014340074,yes,
1770339221260_0244_1246_09-002.jpg|Pallet_SKU|3900|354|4170|429,1770339221260_0244_1246_09-002.jpg,1770339221260_0244_1246_09-002.json,29,Pallet_SKU,1014107268,scorable,scorable,,,3900,354,4170,429,research_outputs/golden_dataset_local_tests/crops/1770339221260_0244_1246_09-002/029_Pallet_SKU_3900_354_4170_429.jpg,research_outputs/golden_dataset_local_tests/label_overlays_expected_sku/1770339221260_0244_1246_09-002_labels.jpg,yes,1014107268,-10.0:1014107268|-5.0:1014107268|0.0:1014107268|5.0:1014107268|10.0:1014107268|180.0:1014107268,yes,
1770339221260_0244_1246_09-002.jpg|Pallet_SKU|3893|301|4163|385,1770339221260_0244_1246_09-002.jpg,1770339221260_0244_1246_09-002.json,30,Pallet_SKU,1013994961,scorable,scorable,,,3893,301,4163,385,research_outputs/golden_dataset_local_tests/crops/1770339221260_0244_1246_09-002/030_Pallet_SKU_3893_301_4163_385.jpg,research_outputs/golden_dataset_local_tests/label_overlays_expected_sku/1770339221260_0244_1246_09-002_labels.jpg,yes,1013994961,-10.0:1013994961|-5.0:1013994961|0.0:1013994961|5.0:1013994961|10.0:1013994961|180.0:1013994961,yes,
1770339221260_0244_1246_09-002.jpg|Pallet_SKU|4330|442|4590|527,1770339221260_0244_1246_09-002.jpg,1770339221260_0244_1246_09-002.json,32,Pallet_SKU,1014806051,scorable,scorable,,,4330,442,4590,527,research_outputs/golden_dataset_local_tests/crops/1770339221260_0244_1246_09-002/032_Pallet_SKU_4330_442_4590_527.jpg,research_outputs/golden_dataset_local_tests/label_overlays_expected_sku/1770339221260_0244_1246_09-002_labels.jpg,yes,1014806051,-10.0:1014806051|-5.0:1014806051|0.0:1014806051|5.0:1014806051|10.0:1014806051|180.0:1014806051,yes,
1770339221260_0244_1246_09-002.jpg|Pallet_SKU|4303|387|4565|480,1770339221260_0244_1246_09-002.jpg,1770339221260_0244_1246_09-002.json,33,Pallet_SKU,1014729559,scorable,scorable,,,4303,387,4565,480,research_outputs/golden_dataset_local_tests/crops/1770339221260_0244_1246_09-002/033_Pallet_SKU_4303_387_4565_480.jpg,research_outputs/golden_dataset_local_tests/label_overlays_expected_sku/1770339221260_0244_1246_09-002_labels.jpg,yes,1014729559,-10.0:401956|-5.0:481956|0.0:1014729559|5.0:481956|10.0:481956|180.0:1014729559,yes,
1770339221260_0244_1246_09-002.jpg|Pallet_SKU|4294|347|4549|438,1770339221260_0244_1246_09-002.jpg,1770339221260_0244_1246_09-002.json,34,Pallet_SKU,1014481956,scorable,scorable,,,4294,347,4549,438,research_outputs/golden_dataset_local_tests/crops/1770339221260_0244_1246_09-002/034_Pallet_SKU_4294_347_4549_438.jpg,research_outputs/golden_dataset_local_tests/label_overlays_expected_sku/1770339221260_0244_1246_09-002_labels.jpg,yes,1014481956,-10.0:1014481956|-5.0:1014481956|0.0:1014481956|5.0:1014481956|10.0:1014481956|180.0:1014481956,yes,
1770339221260_0244_1246_09-002.jpg|RDC_SKU|2045|660|2094|715,1770339221260_0244_1246_09-002.jpg,1770339221260_0244_1246_09-002.json,45,RDC_SKU,N/A,non_scorable,non-scorable,,hell no,2045,660,2094,715,research_outputs/golden_dataset_local_tests/crops/1770339221260_0244_1246_09-002/045_RDC_SKU_2045_660_2094_715.jpg,research_outputs/golden_dataset_local_tests/label_overlays_expected_sku/1770339221260_0244_1246_09-002_labels.jpg,yes,,,yes,
1770339221260_0244_1246_09-002.jpg|RDC_SKU|2730|440|2777|562,1770339221260_0244_1246_09-002.jpg,1770339221260_0244_1246_09-002.json,51,RDC_SKU,N/A,non_scorable,non-scorable,,hell no,2730,440,2777,562,research_outputs/golden_dataset_local_tests/crops/1770339221260_0244_1246_09-002/051_RDC_SKU_2730_440_2777_562.jpg,research_outputs/golden_dataset_local_tests/label_overlays_expected_sku/1770339221260_0244_1246_09-002_labels.jpg,yes,1006623140,,yes,
1770339221260_0244_1246_09-002.jpg|RDC_SKU|2734|386|2882|431,1770339221260_0244_1246_09-002.jpg,1770339221260_0244_1246_09-002.json,54,RDC_SKU,N/A,non_scorable,non-scorable,,Blocked by object,2734,386,2882,431,research_outputs/golden_dataset_local_tests/crops/1770339221260_0244_1246_09-002/054_RDC_SKU_2734_386_2882_431.jpg,research_outputs/golden_dataset_local_tests/label_overlays_expected_sku/1770339221260_0244_1246_09-002_labels.jpg,yes,0114252001,-5.0:1008300170,yes,
1770339221260_0244_1246_09-002.jpg|RDC_SKU|2623|602|2674|649,1770339221260_0244_1246_09-002.jpg,1770339221260_0244_1246_09-002.json,57,RDC_SKU,N/A,non_scorable,non-scorable,,only three digits and blurry,2623,602,2674,649,research_outputs/golden_dataset_local_tests/crops/1770339221260_0244_1246_09-002/057_RDC_SKU_2623_602_2674_649.jpg,research_outputs/golden_dataset_local_tests/label_overlays_expected_sku/1770339221260_0244_1246_09-002_labels.jpg,yes,,,yes,
1770339221260_0244_1246_09-002.jpg|RDC_SKU|2995|551|3053|675,1770339221260_0244_1246_09-002.jpg,1770339221260_0244_1246_09-002.json,59,RDC_SKU,1006228875,scorable,scorable,,vertical and blurry but readable,2995,551,3053,675,research_outputs/golden_dataset_local_tests/crops/1770339221260_0244_1246_09-002/059_RDC_SKU_2995_551_3053_675.jpg,research_outputs/golden_dataset_local_tests/label_overlays_expected_sku/1770339221260_0244_1246_09-002_labels.jpg,yes,1006228875,-10.0:1006228875|-5.0:1006228875|0.0:1006228875|5.0:1006228875|10.0:1006228875|180.0:1006228875,yes,
1770339221260_0244_1246_09-002.jpg|RDC_SKU|2962|392|3005|508,1770339221260_0244_1246_09-002.jpg,1770339221260_0244_1246_09-002.json,62,RDC_SKU,N/A,non_scorable,non-scorable,,Blurry and vertical,2962,392,3005,508,research_outputs/golden_dataset_local_tests/crops/1770339221260_0244_1246_09-002/062_RDC_SKU_2962_392_3005_508.jpg,research_outputs/golden_dataset_local_tests/label_overlays_expected_sku/1770339221260_0244_1246_09-002_labels.jpg,yes,1006220974,,yes,
1770339221260_0244_1246_09-002.jpg|RDC_SKU|3980|641|4128|681,1770339221260_0244_1246_09-002.jpg,1770339221260_0244_1246_09-002.json,72,RDC_SKU,N/A,non_scorable,non-scorable,,Too blurry,3980,641,4128,681,research_outputs/golden_dataset_local_tests/crops/1770339221260_0244_1246_09-002/072_RDC_SKU_3980_641_4128_681.jpg,research_outputs/golden_dataset_local_tests/label_overlays_expected_sku/1770339221260_0244_1246_09-002_labels.jpg,yes,1101413723,-5.0:1014107203|0.0:1014107203|180.0:1014107203,yes,
1770339221260_0244_1246_09-002.jpg|RDC_SKU|4430|624|4542|657,1770339221260_0244_1246_09-002.jpg,1770339221260_0244_1246_09-002.json,76,RDC_SKU,N/A,non_scorable,non-scorable,,Way too blurry,4430,624,4542,657,research_outputs/golden_dataset_local_tests/crops/1770339221260_0244_1246_09-002/076_RDC_SKU_4430_624_4542_657.jpg,research_outputs/golden_dataset_local_tests/label_overlays_expected_sku/1770339221260_0244_1246_09-002_labels.jpg,yes,,,yes,
1770339221260_0244_1250_09-001.jpg|Pallet_SKU|1215|1033|1511|1155,1770339221260_0244_1250_09-001.jpg,1770339221260_0244_1250_09-001.json,0,Pallet_SKU,1006789293,scorable,scorable,,,1215,1033,1511,1155,research_outputs/golden_dataset_local_tests/crops/1770339221260_0244_1250_09-001/000_Pallet_SKU_1215_1033_1511_1155.jpg,research_outputs/golden_dataset_local_tests/label_overlays_expected_sku/1770339221260_0244_1250_09-001_labels.jpg,yes,1006789293,-10.0:1006789293|-5.0:1006789293|0.0:1006789293|5.0:1006789293|10.0:1006789293|180.0:1006789293,yes,
1770339221260_0244_1250_09-001.jpg|Pallet_SKU|1284|259|1511|362,1770339221260_0244_1250_09-001.jpg,1770339221260_0244_1250_09-001.json,2,Pallet_SKU,1006810947,scorable,scorable,,,1284,259,1511,362,research_outputs/golden_dataset_local_tests/crops/1770339221260_0244_1250_09-001/002_Pallet_SKU_1284_259_1511_362.jpg,research_outputs/golden_dataset_local_tests/label_overlays_expected_sku/1770339221260_0244_1250_09-001_labels.jpg,yes,1006810947,-10.0:1006810947|-5.0:1006810947|0.0:1006810947|5.0:1006810947|10.0:1006810947|180.0:1006810947,yes,
1770339221260_0244_1250_09-001.jpg|Pallet_SKU|1944|34|2192|146,1770339221260_0244_1250_09-001.jpg,1770339221260_0244_1250_09-001.json,4,Pallet_SKU,1011116438,scorable,scorable,,,1944,34,2192,146,research_outputs/golden_dataset_local_tests/crops/1770339221260_0244_1250_09-001/004_Pallet_SKU_1944_34_2192_146.jpg,research_outputs/golden_dataset_local_tests/label_overlays_expected_sku/1770339221260_0244_1250_09-001_labels.jpg,yes,1011116438,-10.0:1011116438|-5.0:1011116438|0.0:1011116438|5.0:1011116438|10.0:1011116438|180.0:1011116438,yes,
1770339221260_0244_1250_09-001.jpg|Pallet_SKU|1987|1341|2284|1455,1770339221260_0244_1250_09-001.jpg,1770339221260_0244_1250_09-001.json,6,Pallet_SKU,1000035351,scorable,scorable,,,1987,1341,2284,1455,research_outputs/golden_dataset_local_tests/crops/1770339221260_0244_1250_09-001/006_Pallet_SKU_1987_1341_2284_1455.jpg,research_outputs/golden_dataset_local_tests/label_overlays_expected_sku/1770339221260_0244_1250_09-001_labels.jpg,yes,1000035351,-10.0:1000035351|-5.0:1000035351|0.0:1000035351|5.0:1000035351|10.0:1000035351|180.0:1000035351,yes,
1770339221260_0244_1250_09-001.jpg|Pallet_SKU|3560|1318|3887|1385,1770339221260_0244_1250_09-001.jpg,1770339221260_0244_1250_09-001.json,9,Pallet_SKU,1005316881,scorable,scorable,,,3560,1318,3887,1385,research_outputs/golden_dataset_local_tests/crops/1770339221260_0244_1250_09-001/009_Pallet_SKU_3560_1318_3887_1385.jpg,research_outputs/golden_dataset_local_tests/label_overlays_expected_sku/1770339221260_0244_1250_09-001_labels.jpg,yes,1005316881,-10.0:1005316881|-5.0:1005316881|0.0:1005316881|5.0:1005316881|10.0:1005316881|180.0:1005316881,yes,
1770339221260_0244_1250_09-001.jpg|Other_SKU|3464|856|3662|932,1770339221260_0244_1250_09-001.jpg,1770339221260_0244_1250_09-001.json,11,Other_SKU,N/A,non_scorable,non-scorable,,Some objects in the way,3464,856,3662,932,research_outputs/golden_dataset_local_tests/crops/1770339221260_0244_1250_09-001/011_Other_SKU_3464_856_3662_932.jpg,research_outputs/golden_dataset_local_tests/label_overlays_expected_sku/1770339221260_0244_1250_09-001_labels.jpg,yes,1075316881,-10.0:1005316881|-5.0:1005316881|0.0:1075316881|5.0:1005316881|10.0:1005316881|180.0:1005316881,yes,
1770339358311_0244_1028_10-001.jpg|Printed_on_Box_SKU|1053|831|1185|875,1770339358311_0244_1028_10-001.jpg,1770339358311_0244_1028_10-001.json,32,Printed_on_Box_SKU,N/A,non_scorable,non-scorable,,Completely blurry,1053,831,1185,875,research_outputs/golden_dataset_local_tests/crops/1770339358311_0244_1028_10-001/032_Printed_on_Box_SKU_1053_831_1185_875.jpg,research_outputs/golden_dataset_local_tests/label_overlays_expected_sku/1770339358311_0244_1028_10-001_labels.jpg,yes,,,yes,
1770339358311_0244_1028_10-001.jpg|Printed_on_Box_SKU|989|986|1117|1037,1770339358311_0244_1028_10-001.jpg,1770339358311_0244_1028_10-001.json,34,Printed_on_Box_SKU,N/A,non_scorable,non-scorable,,too blurry,989,986,1117,1037,research_outputs/golden_dataset_local_tests/crops/1770339358311_0244_1028_10-001/034_Printed_on_Box_SKU_989_986_1117_1037.jpg,research_outputs/golden_dataset_local_tests/label_overlays_expected_sku/1770339358311_0244_1028_10-001_labels.jpg,yes,,,yes,
1770339358311_0244_1028_10-001.jpg|Printed_on_Box_SKU|1242|653|1310|781,1770339358311_0244_1028_10-001.jpg,1770339358311_0244_1028_10-001.json,36,Printed_on_Box_SKU,N/A,non_scorable,non-scorable,,Vertical and way too blurry,1242,653,1310,781,research_outputs/golden_dataset_local_tests/crops/1770339358311_0244_1028_10-001/036_Printed_on_Box_SKU_1242_653_1310_781.jpg,research_outputs/golden_dataset_local_tests/label_overlays_expected_sku/1770339358311_0244_1028_10-001_labels.jpg,yes,,,yes,
1770339358311_0244_1028_10-001.jpg|Printed_on_Box_SKU|1170|934|1233|1076,1770339358311_0244_1028_10-001.jpg,1770339358311_0244_1028_10-001.json,38,Printed_on_Box_SKU,N/A,non_scorable,non-scorable,,Way too blurry,1170,934,1233,1076,research_outputs/golden_dataset_local_tests/crops/1770339358311_0244_1028_10-001/038_Printed_on_Box_SKU_1170_934_1233_1076.jpg,research_outputs/golden_dataset_local_tests/label_overlays_expected_sku/1770339358311_0244_1028_10-001_labels.jpg,yes,1008129258,-10.0:1008129258|-5.0:1008129258|0.0:1008129258|10.0:1008129258|180.0:1008129258,yes,
1770339358311_0244_1028_10-001.jpg|RDC_SKU|1584|565|1657|603,1770339358311_0244_1028_10-001.jpg,1770339358311_0244_1028_10-001.json,40,RDC_SKU,N/A,non_scorable,non-scorable,,Cut off and blurry,1584,565,1657,603,research_outputs/golden_dataset_local_tests/crops/1770339358311_0244_1028_10-001/040_RDC_SKU_1584_565_1657_603.jpg,research_outputs/golden_dataset_local_tests/label_overlays_expected_sku/1770339358311_0244_1028_10-001_labels.jpg,yes,,,yes,
1770339358311_0244_1028_10-001.jpg|Printed_on_Box_SKU|1546|485|1690|533,1770339358311_0244_1028_10-001.jpg,1770339358311_0244_1028_10-001.json,42,Printed_on_Box_SKU,N/A,non_scorable,non-scorable,,Way too blurry,1546,485,1690,533,research_outputs/golden_dataset_local_tests/crops/1770339358311_0244_1028_10-001/042_Printed_on_Box_SKU_1546_485_1690_533.jpg,research_outputs/golden_dataset_local_tests/label_overlays_expected_sku/1770339358311_0244_1028_10-001_labels.jpg,yes,191194,-10.0:191104|-5.0:191194|0.0:191194|10.0:191194|180.0:191104,yes,
1770339358311_0244_1028_10-001.jpg|Printed_on_Box_SKU|1512|647|1632|699,1770339358311_0244_1028_10-001.jpg,1770339358311_0244_1028_10-001.json,44,Printed_on_Box_SKU,N/A,non_scorable,non-scorable,,Way too blurry,1512,647,1632,699,research_outputs/golden_dataset_local_tests/crops/1770339358311_0244_1028_10-001/044_Printed_on_Box_SKU_1512_647_1632_699.jpg,research_outputs/golden_dataset_local_tests/label_overlays_expected_sku/1770339358311_0244_1028_10-001_labels.jpg,yes,,,yes,
1770339358311_0244_1028_10-001.jpg|RDC_SKU|1598|737|1726|784,1770339358311_0244_1028_10-001.jpg,1770339358311_0244_1028_10-001.json,46,RDC_SKU,N/A,non_scorable,non-scorable,,Last digit is cut off,1598,737,1726,784,research_outputs/golden_dataset_local_tests/crops/1770339358311_0244_1028_10-001/046_RDC_SKU_1598_737_1726_784.jpg,research_outputs/golden_dataset_local_tests/label_overlays_expected_sku/1770339358311_0244_1028_10-001_labels.jpg,yes,1011946376,-10.0:1011946375|-5.0:1011946379|0.0:1011946375|5.0:1011946375|10.0:1011946374|180.0:1011946375,yes,
1770339358311_0244_1028_10-001.jpg|Printed_on_Box_SKU|1491|771|1658|826,1770339358311_0244_1028_10-001.jpg,1770339358311_0244_1028_10-001.json,48,Printed_on_Box_SKU,N/A,non_scorable,non-scorable,,Last 3 numbers cut off,1491,771,1658,826,research_outputs/golden_dataset_local_tests/crops/1770339358311_0244_1028_10-001/048_Printed_on_Box_SKU_1491_771_1658_826.jpg,research_outputs/golden_dataset_local_tests/label_overlays_expected_sku/1770339358311_0244_1028_10-001_labels.jpg,yes,,,yes,
1770339358311_0244_1028_10-001.jpg|RDC_SKU|1417|854|1539|893,1770339358311_0244_1028_10-001.jpg,1770339358311_0244_1028_10-001.json,50,RDC_SKU,N/A,non_scorable,non-scorable,,Too blurry,1417,854,1539,893,research_outputs/golden_dataset_local_tests/crops/1770339358311_0244_1028_10-001/050_RDC_SKU_1417_854_1539_893.jpg,research_outputs/golden_dataset_local_tests/label_overlays_expected_sku/1770339358311_0244_1028_10-001_labels.jpg,yes,1310708628,-10.0:1310708628|-5.0:1310708628|0.0:1310708628|5.0:1310708628|10.0:1310708628|180.0:1310708628,yes,
1770339358311_0244_1028_10-001.jpg|RDC_SKU|1454|980|1583|1034,1770339358311_0244_1028_10-001.jpg,1770339358311_0244_1028_10-001.json,52,RDC_SKU,N/A,non_scorable,non-scorable,,Too blurry,1454,980,1583,1034,research_outputs/golden_dataset_local_tests/crops/1770339358311_0244_1028_10-001/052_RDC_SKU_1454_980_1583_1034.jpg,research_outputs/golden_dataset_local_tests/label_overlays_expected_sku/1770339358311_0244_1028_10-001_labels.jpg,yes,1010708625,-10.0:1010708625|-5.0:1010708625|0.0:1010708625|5.0:1010706625|10.0:1019708625|180.0:1010708625,yes,
1770339358311_0244_1028_10-001.jpg|Printed_on_Box_SKU|1875|510|2025|554,1770339358311_0244_1028_10-001.jpg,1770339358311_0244_1028_10-001.json,54,Printed_on_Box_SKU,N/A,non_scorable,non-scorable,,Cut off and blurry,1875,510,2025,554,research_outputs/golden_dataset_local_tests/crops/1770339358311_0244_1028_10-001/054_Printed_on_Box_SKU_1875_510_2025_554.jpg,research_outputs/golden_dataset_local_tests/label_overlays_expected_sku/1770339358311_0244_1028_10-001_labels.jpg,yes,101198,-10.0:101198|-5.0:101598|0.0:101198|5.0:101498|10.0:101198|180.0:101498,yes,
1770339358311_0244_1028_10-001.jpg|RDC_SKU|1815|667|1945|714,1770339358311_0244_1028_10-001.jpg,1770339358311_0244_1028_10-001.json,56,RDC_SKU,N/A,non_scorable,non-scorable,,Too blurry,1815,667,1945,714,research_outputs/golden_dataset_local_tests/crops/1770339358311_0244_1028_10-001/056_RDC_SKU_1815_667_1945_714.jpg,research_outputs/golden_dataset_local_tests/label_overlays_expected_sku/1770339358311_0244_1028_10-001_labels.jpg,yes,1008120249,-10.0:1008120249|-5.0:1003120249|0.0:1003120249|5.0:1008120249|10.0:1008120249|180.0:1003120249,yes,
1770339358311_0244_1028_10-001.jpg|Printed_on_Box_SKU|1857|622|2009|662,1770339358311_0244_1028_10-001.jpg,1770339358311_0244_1028_10-001.json,58,Printed_on_Box_SKU,N/A,non_scorable,non-scorable,,Cut off by object,1857,622,2009,662,research_outputs/golden_dataset_local_tests/crops/1770339358311_0244_1028_10-001/058_Printed_on_Box_SKU_1857_622_2009_662.jpg,research_outputs/golden_dataset_local_tests/label_overlays_expected_sku/1770339358311_0244_1028_10-001_labels.jpg,yes,1080430249,,yes,
1770339358311_0244_1028_10-001.jpg|RDC_SKU|1802|768|1934|818,1770339358311_0244_1028_10-001.jpg,1770339358311_0244_1028_10-001.json,60,RDC_SKU,1609120249,scorable,scorable,,Blurry but readable,1802,768,1934,818,research_outputs/golden_dataset_local_tests/crops/1770339358311_0244_1028_10-001/060_RDC_SKU_1802_768_1934_818.jpg,research_outputs/golden_dataset_local_tests/label_overlays_expected_sku/1770339358311_0244_1028_10-001_labels.jpg,yes,1609120249,-10.0:120249|-5.0:120249|0.0:120249|5.0:1609120249|10.0:1009120249|180.0:120249,yes,
1770339358311_0244_1028_10-001.jpg|Printed_on_Box_SKU|1799|804|1955|858,1770339358311_0244_1028_10-001.jpg,1770339358311_0244_1028_10-001.json,62,Printed_on_Box_SKU,N/A,non_scorable,non-scorable,,Too blurry,1799,804,1955,858,research_outputs/golden_dataset_local_tests/crops/1770339358311_0244_1028_10-001/062_Printed_on_Box_SKU_1799_804_1955_858.jpg,research_outputs/golden_dataset_local_tests/label_overlays_expected_sku/1770339358311_0244_1028_10-001_labels.jpg,yes,1008120243,-10.0:1008120243|-5.0:1008120249|0.0:1008120249|5.0:1008120249|10.0:1008120249|180.0:1008120243,yes,
1770339358311_0244_1028_10-001.jpg|Printed_on_Box_SKU|1800|930|1958|978,1770339358311_0244_1028_10-001.jpg,1770339358311_0244_1028_10-001.json,64,Printed_on_Box_SKU,N/A,non_scorable,non-scorable,,Last digits too blurry,1800,930,1958,978,research_outputs/golden_dataset_local_tests/crops/1770339358311_0244_1028_10-001/064_Printed_on_Box_SKU_1800_930_1958_978.jpg,research_outputs/golden_dataset_local_tests/label_overlays_expected_sku/1770339358311_0244_1028_10-001_labels.jpg,yes,1008120241,0.0:1008120244|10.0:1008120249|180.0:1008120244,yes,
1770339358311_0244_1028_10-001.jpg|RDC_SKU|2272|652|2417|732,1770339358311_0244_1028_10-001.jpg,1770339358311_0244_1028_10-001.json,66,RDC_SKU,1011946395,scorable,scorable,,Slightly blurry,2272,652,2417,732,research_outputs/golden_dataset_local_tests/crops/1770339358311_0244_1028_10-001/066_RDC_SKU_2272_652_2417_732.jpg,research_outputs/golden_dataset_local_tests/label_overlays_expected_sku/1770339358311_0244_1028_10-001_labels.jpg,yes,1011946395,-10.0:1011946395|-5.0:1011946395|0.0:1011946395|5.0:1011946395|10.0:1011946395|180.0:1011946395,yes,
1770339358311_0244_1028_10-001.jpg|Printed_on_Box_SKU|2259|814|2426|868,1770339358311_0244_1028_10-001.jpg,1770339358311_0244_1028_10-001.json,68,Printed_on_Box_SKU,1011946379,scorable,scorable,,Little blurry,2259,814,2426,868,research_outputs/golden_dataset_local_tests/crops/1770339358311_0244_1028_10-001/068_Printed_on_Box_SKU_2259_814_2426_868.jpg,research_outputs/golden_dataset_local_tests/label_overlays_expected_sku/1770339358311_0244_1028_10-001_labels.jpg,yes,1011946379,-10.0:1011946379|-5.0:1011946379|0.0:1011946379|5.0:1011946379|10.0:1011946379|180.0:1011946379,yes,
1770339358311_0244_1028_10-001.jpg|Printed_on_Box_SKU|2550|289|2710|341,1770339358311_0244_1028_10-001.jpg,1770339358311_0244_1028_10-001.json,70,Printed_on_Box_SKU,N/A,non_scorable,non-scorable,,Way too blurry,2550,289,2710,341,research_outputs/golden_dataset_local_tests/crops/1770339358311_0244_1028_10-001/070_Printed_on_Box_SKU_2550_289_2710_341.jpg,research_outputs/golden_dataset_local_tests/label_overlays_expected_sku/1770339358311_0244_1028_10-001_labels.jpg,yes,1011946362,-10.0:1011946362|-5.0:1011946362|0.0:1011946362|5.0:1011946362|10.0:1011946362|180.0:1011946362,yes,
1770339358311_0244_1028_10-001.jpg|Printed_on_Box_SKU|2560|450|2722|496,1770339358311_0244_1028_10-001.jpg,1770339358311_0244_1028_10-001.json,72,Printed_on_Box_SKU,1011946382,scorable,scorable,,Slightly blurry but readable,2560,450,2722,496,research_outputs/golden_dataset_local_tests/crops/1770339358311_0244_1028_10-001/072_Printed_on_Box_SKU_2560_450_2722_496.jpg,research_outputs/golden_dataset_local_tests/label_overlays_expected_sku/1770339358311_0244_1028_10-001_labels.jpg,yes,1011946382,-10.0:1011946382|-5.0:1011946382|0.0:1011946382|5.0:1011946382|10.0:1011946382|180.0:1011946382,yes,
1770339358311_0244_1028_10-001.jpg|Printed_on_Box_SKU|2608|614|2785|664,1770339358311_0244_1028_10-001.jpg,1770339358311_0244_1028_10-001.json,74,Printed_on_Box_SKU,1008120252,scorable,scorable,,Slightly blurry,2608,614,2785,664,research_outputs/golden_dataset_local_tests/crops/1770339358311_0244_1028_10-001/074_Printed_on_Box_SKU_2608_614_2785_664.jpg,research_outputs/golden_dataset_local_tests/label_overlays_expected_sku/1770339358311_0244_1028_10-001_labels.jpg,yes,1008120252,-10.0:1008120252|-5.0:1008120252|0.0:1008120252|5.0:1008120252|10.0:1008120252|180.0:1008120252,yes,
1770339358311_0244_1028_10-001.jpg|RDC_SKU|2537|743|2682|789,1770339358311_0244_1028_10-001.jpg,1770339358311_0244_1028_10-001.json,76,RDC_SKU,1008120252,scorable,scorable,,Slightly blurry,2537,743,2682,789,research_outputs/golden_dataset_local_tests/crops/1770339358311_0244_1028_10-001/076_RDC_SKU_2537_743_2682_789.jpg,research_outputs/golden_dataset_local_tests/label_overlays_expected_sku/1770339358311_0244_1028_10-001_labels.jpg,yes,1008120252,-10.0:1008120252|-5.0:1008120252|0.0:1008120252|5.0:1008120252|10.0:1008120252|180.0:1008120252,yes,
1770339358311_0244_1028_10-001.jpg|Printed_on_Box_SKU|2607|809|2788|852,1770339358311_0244_1028_10-001.jpg,1770339358311_0244_1028_10-001.json,78,Printed_on_Box_SKU,1008120252,scorable,scorable,,,2607,809,2788,852,research_outputs/golden_dataset_local_tests/crops/1770339358311_0244_1028_10-001/078_Printed_on_Box_SKU_2607_809_2788_852.jpg,research_outputs/golden_dataset_local_tests/label_overlays_expected_sku/1770339358311_0244_1028_10-001_labels.jpg,yes,1008120252,-10.0:1008120252|-5.0:1008120252|0.0:1008120252|5.0:1008120252|10.0:1008120252|180.0:1008120252,yes,
1770339358311_0244_1028_10-001.jpg|RDC_SKU|2532|950|2683|992,1770339358311_0244_1028_10-001.jpg,1770339358311_0244_1028_10-001.json,80,RDC_SKU,1008120252,scorable,scorable,,Slightly blurry,2532,950,2683,992,research_outputs/golden_dataset_local_tests/crops/1770339358311_0244_1028_10-001/080_RDC_SKU_2532_950_2683_992.jpg,research_outputs/golden_dataset_local_tests/label_overlays_expected_sku/1770339358311_0244_1028_10-001_labels.jpg,yes,1008120252,-10.0:1008120252|-5.0:1009120252|0.0:1008120252|5.0:1008120252|10.0:1009120252|180.0:1008120252,yes,
1770339358311_0244_1028_10-001.jpg|RDC_SKU|2970|375|3065|430,1770339358311_0244_1028_10-001.jpg,1770339358311_0244_1028_10-001.json,82,RDC_SKU,N/A,non_scorable,non-scorable,,Cut off and blurry,2970,375,3065,430,research_outputs/golden_dataset_local_tests/crops/1770339358311_0244_1028_10-001/082_RDC_SKU_2970_375_3065_430.jpg,research_outputs/golden_dataset_local_tests/label_overlays_expected_sku/1770339358311_0244_1028_10-001_labels.jpg,yes,101194,-10.0:101194|-5.0:101194|0.0:101194|5.0:101194|10.0:101194|180.0:101194,yes,
1770339358311_0244_1028_10-001.jpg|Printed_on_Box_SKU|2964|606|3131|645,1770339358311_0244_1028_10-001.jpg,1770339358311_0244_1028_10-001.json,84,Printed_on_Box_SKU,1011946395,scorable,scorable,,Slightly blurry,2964,606,3131,645,research_outputs/golden_dataset_local_tests/crops/1770339358311_0244_1028_10-001/084_Printed_on_Box_SKU_2964_606_3131_645.jpg,research_outputs/golden_dataset_local_tests/label_overlays_expected_sku/1770339358311_0244_1028_10-001_labels.jpg,yes,1011946395,-10.0:1011946395|-5.0:1011946395|0.0:1011946395|5.0:1011946395|10.0:1011946395|180.0:1011946395,yes,
1770339358311_0244_1028_10-001.jpg|Printed_on_Box_SKU|2969|797|3144|847,1770339358311_0244_1028_10-001.jpg,1770339358311_0244_1028_10-001.json,86,Printed_on_Box_SKU,1011946395,scorable,scorable,,Cut off but still readable,2969,797,3144,847,research_outputs/golden_dataset_local_tests/crops/1770339358311_0244_1028_10-001/086_Printed_on_Box_SKU_2969_797_3144_847.jpg,research_outputs/golden_dataset_local_tests/label_overlays_expected_sku/1770339358311_0244_1028_10-001_labels.jpg,yes,1011946395,-10.0:1011946395|-5.0:946395|0.0:1011946395|5.0:1011946395|10.0:946395|180.0:1011946395,yes,
1770339358311_0244_1028_10-001.jpg|Printed_on_Box_SKU|3390|306|3585|347,1770339358311_0244_1028_10-001.jpg,1770339358311_0244_1028_10-001.json,88,Printed_on_Box_SKU,N/A,non_scorable,non-scorable,,Some digits too blurry,3390,306,3585,347,research_outputs/golden_dataset_local_tests/crops/1770339358311_0244_1028_10-001/088_Printed_on_Box_SKU_3390_306_3585_347.jpg,research_outputs/golden_dataset_local_tests/label_overlays_expected_sku/1770339358311_0244_1028_10-001_labels.jpg,yes,1010708049,-10.0:1010706649|-5.0:1010708049|0.0:1010706649|5.0:1010706649|10.0:1010706649|180.0:1010706649,yes,
1770339358311_0244_1028_10-001.jpg|Printed_on_Box_SKU|3402|429|3603|475,1770339358311_0244_1028_10-001.jpg,1770339358311_0244_1028_10-001.json,90,Printed_on_Box_SKU,1010708649,scorable,scorable,,Slightly blurry,3402,429,3603,475,research_outputs/golden_dataset_local_tests/crops/1770339358311_0244_1028_10-001/090_Printed_on_Box_SKU_3402_429_3603_475.jpg,research_outputs/golden_dataset_local_tests/label_overlays_expected_sku/1770339358311_0244_1028_10-001_labels.jpg,yes,1010708649,-10.0:1010708064|-5.0:1010708649|0.0:1010708649|5.0:1010708649|10.0:101070|180.0:1010708649,yes,
1770339358311_0244_1028_10-001.jpg|RDC_SKU|3347|495|3494|531,1770339358311_0244_1028_10-001.jpg,1770339358311_0244_1028_10-001.json,92,RDC_SKU,1010708649,scorable,scorable,,Blurry but readable,3347,495,3494,531,research_outputs/golden_dataset_local_tests/crops/1770339358311_0244_1028_10-001/092_RDC_SKU_3347_495_3494_531.jpg,research_outputs/golden_dataset_local_tests/label_overlays_expected_sku/1770339358311_0244_1028_10-001_labels.jpg,yes,1010708649,-10.0:1010708649|-5.0:1010708649|0.0:1010708649|5.0:1010708649|10.0:1010708649|180.0:1010708649,yes,
1770339358311_0244_1028_10-001.jpg|Printed_on_Box_SKU|3401|563|3604|604,1770339358311_0244_1028_10-001.jpg,1770339358311_0244_1028_10-001.json,94,Printed_on_Box_SKU,1010708649,scorable,scorable,,Slightly blurry,3401,563,3604,604,research_outputs/golden_dataset_local_tests/crops/1770339358311_0244_1028_10-001/094_Printed_on_Box_SKU_3401_563_3604_604.jpg,research_outputs/golden_dataset_local_tests/label_overlays_expected_sku/1770339358311_0244_1028_10-001_labels.jpg,yes,1010708649,-10.0:1010708649|-5.0:1010708649|0.0:1010708649|5.0:1010708649|10.0:1010708649|180.0:1010708649,yes,
1770339358311_0244_1028_10-001.jpg|RDC_SKU|3339|633|3491|677,1770339358311_0244_1028_10-001.jpg,1770339358311_0244_1028_10-001.json,96,RDC_SKU,1010708649,scorable,scorable,,Slightly blurry,3339,633,3491,677,research_outputs/golden_dataset_local_tests/crops/1770339358311_0244_1028_10-001/096_RDC_SKU_3339_633_3491_677.jpg,research_outputs/golden_dataset_local_tests/label_overlays_expected_sku/1770339358311_0244_1028_10-001_labels.jpg,yes,1010708649,-10.0:1010708649|-5.0:1010708649|0.0:1010708649|5.0:1010708649|10.0:1010708649|180.0:1010708649,yes,
1770339358311_0244_1028_10-001.jpg|Printed_on_Box_SKU|3400|695|3611|741,1770339358311_0244_1028_10-001.jpg,1770339358311_0244_1028_10-001.json,98,Printed_on_Box_SKU,1010708649,scorable,scorable,,blurry but readable,3400,695,3611,741,research_outputs/golden_dataset_local_tests/crops/1770339358311_0244_1028_10-001/098_Printed_on_Box_SKU_3400_695_3611_741.jpg,research_outputs/golden_dataset_local_tests/label_overlays_expected_sku/1770339358311_0244_1028_10-001_labels.jpg,yes,1010708649,-10.0:1010708649|-5.0:1010708649|0.0:1010708649|5.0:1010708649|10.0:1010708649|180.0:1010708649,yes,
1770339358311_0244_1028_10-001.jpg|RDC_SKU|3461|761|3566|798,1770339358311_0244_1028_10-001.jpg,1770339358311_0244_1028_10-001.json,100,RDC_SKU,N/A,non_scorable,non-scorable,,Cut off at the end,3461,761,3566,798,research_outputs/golden_dataset_local_tests/crops/1770339358311_0244_1028_10-001/100_RDC_SKU_3461_761_3566_798.jpg,research_outputs/golden_dataset_local_tests/label_overlays_expected_sku/1770339358311_0244_1028_10-001_labels.jpg,yes,101070,-10.0:101070|-5.0:101070|0.0:101070|180.0:101070,yes,
1770339358311_0244_1028_10-001.jpg|RDC_SKU|3436|907|3579|944,1770339358311_0244_1028_10-001.jpg,1770339358311_0244_1028_10-001.json,102,RDC_SKU,101070864,scorable,scorable,,See why OCR cannot read,3436,907,3579,944,research_outputs/golden_dataset_local_tests/crops/1770339358311_0244_1028_10-001/102_RDC_SKU_3436_907_3579_944.jpg,research_outputs/golden_dataset_local_tests/label_overlays_expected_sku/1770339358311_0244_1028_10-001_labels.jpg,yes,,,yes,
1770339358311_0244_1028_10-001.jpg|Printed_on_Box_SKU|3404|838|3619|880,1770339358311_0244_1028_10-001.jpg,1770339358311_0244_1028_10-001.json,104,Printed_on_Box_SKU,N/A,non_scorable,non-scorable,,Last two digits cut off,3404,838,3619,880,research_outputs/golden_dataset_local_tests/crops/1770339358311_0244_1028_10-001/104_Printed_on_Box_SKU_3404_838_3619_880.jpg,research_outputs/golden_dataset_local_tests/label_overlays_expected_sku/1770339358311_0244_1028_10-001_labels.jpg,yes,1010708640,10.0:1010708640,yes,
1770339358311_0244_1028_10-001.jpg|Printed_on_Box_SKU|3960|814|4179|859,1770339358311_0244_1028_10-001.jpg,1770339358311_0244_1028_10-001.json,106,Printed_on_Box_SKU,1010708633,scorable,scorable,,cut off but still readable,3960,814,4179,859,research_outputs/golden_dataset_local_tests/crops/1770339358311_0244_1028_10-001/106_Printed_on_Box_SKU_3960_814_4179_859.jpg,research_outputs/golden_dataset_local_tests/label_overlays_expected_sku/1770339358311_0244_1028_10-001_labels.jpg,yes,1010708633,-10.0:1010708632|-5.0:1010708632|0.0:1010708633|5.0:1010708633|10.0:1010708633|180.0:1010708633,yes,
1770339358311_0244_1028_10-001.jpg|RDC_SKU|4487|630|4536|753,1770339358311_0244_1028_10-001.jpg,1770339358311_0244_1028_10-001.json,108,RDC_SKU,N/A,non_scorable,non-scorable,,Too blurry,4487,630,4536,753,research_outputs/golden_dataset_local_tests/crops/1770339358311_0244_1028_10-001/108_RDC_SKU_4487_630_4536_753.jpg,research_outputs/golden_dataset_local_tests/label_overlays_expected_sku/1770339358311_0244_1028_10-001_labels.jpg,yes,,,yes,
1770339358311_0244_1028_10-001.jpg|RDC_SKU|3459|360|3523|397,1770339358311_0244_1028_10-001.jpg,1770339358311_0244_1028_10-001.json,110,RDC_SKU,N/A,non_scorable,non-scorable,,Not readable at all,3459,360,3523,397,research_outputs/golden_dataset_local_tests/crops/1770339358311_0244_1028_10-001/110_RDC_SKU_3459_360_3523_397.jpg,research_outputs/golden_dataset_local_tests/label_overlays_expected_sku/1770339358311_0244_1028_10-001_labels.jpg,yes,,,yes,
1770339358311_0244_1035_10-002.jpg|Pallet_SKU|2982|196|3447|323,1770339358311_0244_1035_10-002.jpg,1770339358311_0244_1035_10-002.json,0,Pallet_SKU,1003168609,scorable,scorable,,,2982,196,3447,323,research_outputs/golden_dataset_local_tests/crops/1770339358311_0244_1035_10-002/000_Pallet_SKU_2982_196_3447_323.jpg,research_outputs/golden_dataset_local_tests/label_overlays_expected_sku/1770339358311_0244_1035_10-002_labels.jpg,yes,1003168609,-10.0:1003168609|-5.0:1003168609|0.0:1003168609|5.0:1003168609|10.0:1003168609|180.0:1003168609,yes,
1770339358311_0244_1035_10-002.jpg|Printed_on_Box_SKU|578|1493|745|1609,1770339358311_0244_1035_10-002.jpg,1770339358311_0244_1035_10-002.json,6,Printed_on_Box_SKU,1005748876,scorable,scorable,,Have to check with OCR mechanism to read multiline,578,1493,745,1609,research_outputs/golden_dataset_local_tests/crops/1770339358311_0244_1035_10-002/006_Printed_on_Box_SKU_578_1493_745_1609.jpg,research_outputs/golden_dataset_local_tests/label_overlays_expected_sku/1770339358311_0244_1035_10-002_labels.jpg,yes,748876,-10.0:748876|-5.0:748876|0.0:748876|5.0:748876|10.0:748876|180.0:748876,yes,
1770339358311_0244_1114_10-005.jpg|RDC_SKU|1239|459|1410|521,1770339358311_0244_1114_10-005.jpg,1770339358311_0244_1114_10-005.json,0,RDC_SKU,N/A,non_scorable,non-scorable,,too blurry,1239,459,1410,521,research_outputs/golden_dataset_local_tests/crops/1770339358311_0244_1114_10-005/000_RDC_SKU_1239_459_1410_521.jpg,research_outputs/golden_dataset_local_tests/label_overlays_expected_sku/1770339358311_0244_1114_10-005_labels.jpg,yes,1085748830,-10.0:1085748830,yes,
1770339358311_0244_1114_10-005.jpg|Printed_on_Box_SKU|479|1970|670|2064,1770339358311_0244_1114_10-005.jpg,1770339358311_0244_1114_10-005.json,7,Printed_on_Box_SKU,N/A,non_scorable,non-scorable,,Middle digits obstructed,479,1970,670,2064,research_outputs/golden_dataset_local_tests/crops/1770339358311_0244_1114_10-005/007_Printed_on_Box_SKU_479_1970_670_2064.jpg,research_outputs/golden_dataset_local_tests/label_overlays_expected_sku/1770339358311_0244_1114_10-005_labels.jpg,yes,1011946395,-10.0:1011946395|-5.0:1011946395|0.0:1011946395|5.0:1011945395|10.0:1011946395|180.0:1011946395,yes,
1770339358311_0244_1114_10-005.jpg|Printed_on_Box_SKU|412|2284|559|2344,1770339358311_0244_1114_10-005.jpg,1770339358311_0244_1114_10-005.json,9,Printed_on_Box_SKU,N/A,non_scorable,non-scorable,,Cut off,412,2284,559,2344,research_outputs/golden_dataset_local_tests/crops/1770339358311_0244_1114_10-005/009_Printed_on_Box_SKU_412_2284_559_2344.jpg,research_outputs/golden_dataset_local_tests/label_overlays_expected_sku/1770339358311_0244_1114_10-005_labels.jpg,yes,101194,-10.0:101194|-5.0:101194|0.0:101194|5.0:101194|10.0:101194|180.0:101194,yes,
1770339358311_0244_1114_10-005.jpg|Printed_on_Box_SKU|332|2663|534|2729,1770339358311_0244_1114_10-005.jpg,1770339358311_0244_1114_10-005.json,11,Printed_on_Box_SKU,N/A,non_scorable,non-scorable,,too blurry,332,2663,534,2729,research_outputs/golden_dataset_local_tests/crops/1770339358311_0244_1114_10-005/011_Printed_on_Box_SKU_332_2663_534_2729.jpg,research_outputs/golden_dataset_local_tests/label_overlays_expected_sku/1770339358311_0244_1114_10-005_labels.jpg,yes,1011946387,-10.0:1011946387|-5.0:1011946387|0.0:1011946387|5.0:1011946387|10.0:1011946387|180.0:1011946387,yes,
1770339358311_0244_1114_10-005.jpg|Printed_on_Box_SKU|581|2316|737|2375,1770339358311_0244_1114_10-005.jpg,1770339358311_0244_1114_10-005.json,13,Printed_on_Box_SKU,490170,scorable,scorable,,blurry but readable,581,2316,737,2375,research_outputs/golden_dataset_local_tests/crops/1770339358311_0244_1114_10-005/013_Printed_on_Box_SKU_581_2316_737_2375.jpg,research_outputs/golden_dataset_local_tests/label_overlays_expected_sku/1770339358311_0244_1114_10-005_labels.jpg,yes,490170,-10.0:490170|-5.0:490170|0.0:490170|5.0:490170|10.0:490170|180.0:490170,yes,
1770339358311_0244_1149_10-007.jpg|Pallet_SKU|3479|385|3772|448,1770339358311_0244_1149_10-007.jpg,1770339358311_0244_1149_10-007.json,0,Pallet_SKU,1005554583,scorable,scorable,,,3479,385,3772,448,research_outputs/golden_dataset_local_tests/crops/1770339358311_0244_1149_10-007/000_Pallet_SKU_3479_385_3772_448.jpg,research_outputs/golden_dataset_local_tests/label_overlays_expected_sku/1770339358311_0244_1149_10-007_labels.jpg,yes,1005554583,-10.0:1005554583|-5.0:1005554583|0.0:1005554583|5.0:1005554583|10.0:1005554583|180.0:1005554583,yes,
1770339358311_0244_1149_10-007.jpg|Pallet_SKU|3501|435|3786|479,1770339358311_0244_1149_10-007.jpg,1770339358311_0244_1149_10-007.json,1,Pallet_SKU,N/A,non_scorable,non-scorable,,Way too folded and not readable,3501,435,3786,479,research_outputs/golden_dataset_local_tests/crops/1770339358311_0244_1149_10-007/001_Pallet_SKU_3501_435_3786_479.jpg,research_outputs/golden_dataset_local_tests/label_overlays_expected_sku/1770339358311_0244_1149_10-007_labels.jpg,yes,,,yes,
1770339358311_0244_1149_10-007.jpg|RDC_SKU|681|2224|807|2271,1770339358311_0244_1149_10-007.jpg,1770339358311_0244_1149_10-007.json,3,RDC_SKU,N/A,non_scorable,non-scorable,,Way too blurry,681,2224,807,2271,research_outputs/golden_dataset_local_tests/crops/1770339358311_0244_1149_10-007/003_RDC_SKU_681_2224_807_2271.jpg,research_outputs/golden_dataset_local_tests/label_overlays_expected_sku/1770339358311_0244_1149_10-007_labels.jpg,yes,1009912572,-10.0:1009912578|-5.0:1009912678|0.0:1009912678|5.0:1009912678|10.0:1009912678|180.0:1009912678,yes,
1770339358311_0244_1149_10-007.jpg|RDC_SKU|1660|2792|1820|2846,1770339358311_0244_1149_10-007.jpg,1770339358311_0244_1149_10-007.json,7,RDC_SKU,1004185546,scorable,scorable,,slightly blurry,1660,2792,1820,2846,research_outputs/golden_dataset_local_tests/crops/1770339358311_0244_1149_10-007/007_RDC_SKU_1660_2792_1820_2846.jpg,research_outputs/golden_dataset_local_tests/label_overlays_expected_sku/1770339358311_0244_1149_10-007_labels.jpg,yes,1004185546,-10.0:1004185546|-5.0:1004185546|0.0:1004185546|5.0:1004185546|10.0:1004185546|180.0:1004185546,yes,
1770339358311_0244_1149_10-007.jpg|RDC_SKU|2331|1906|2496|1954,1770339358311_0244_1149_10-007.jpg,1770339358311_0244_1149_10-007.json,9,RDC_SKU,1005788206,scorable,scorable,,ok,2331,1906,2496,1954,research_outputs/golden_dataset_local_tests/crops/1770339358311_0244_1149_10-007/009_RDC_SKU_2331_1906_2496_1954.jpg,research_outputs/golden_dataset_local_tests/label_overlays_expected_sku/1770339358311_0244_1149_10-007_labels.jpg,yes,1005788206,-10.0:1005788206|-5.0:1005788206|0.0:1005788206|5.0:1005788206|10.0:1005788206|180.0:1005788206,yes,
1770339358311_0244_1230_10-011.jpg|RDC_SKU|4419|169|4562|230,1770339358311_0244_1230_10-011.jpg,1770339358311_0244_1230_10-011.json,3,RDC_SKU,N/A,non_scorable,non-scorable,,completely blurry,4419,169,4562,230,research_outputs/golden_dataset_local_tests/crops/1770339358311_0244_1230_10-011/003_RDC_SKU_4419_169_4562_230.jpg,research_outputs/golden_dataset_local_tests/label_overlays_expected_sku/1770339358311_0244_1230_10-011_labels.jpg,yes,,,yes,
1770339358311_0244_1230_10-011.jpg|RDC_SKU|4133|4191|4281|4358,1770339358311_0244_1230_10-011.jpg,1770339358311_0244_1230_10-011.json,5,RDC_SKU,N/A,non_scorable,non-scorable,,Completely blurry,4133,4191,4281,4358,research_outputs/golden_dataset_local_tests/crops/1770339358311_0244_1230_10-011/005_RDC_SKU_4133_4191_4281_4358.jpg,research_outputs/golden_dataset_local_tests/label_overlays_expected_sku/1770339358311_0244_1230_10-011_labels.jpg,yes,,,yes,
1770341131504_0244_1025_11-020.jpg|RDC_SKU|428|456|552|491,1770341131504_0244_1025_11-020.jpg,1770341131504_0244_1025_11-020.json,1,RDC_SKU,N/A,non_scorable,non-scorable,,way too blurry,428,456,552,491,research_outputs/golden_dataset_local_tests/crops/1770341131504_0244_1025_11-020/001_RDC_SKU_428_456_552_491.jpg,research_outputs/golden_dataset_local_tests/label_overlays_expected_sku/1770341131504_0244_1025_11-020_labels.jpg,yes,,,yes,
1770341131504_0244_1025_11-020.jpg|Other_SKU|1525|0|1656|24,1770341131504_0244_1025_11-020.jpg,1770341131504_0244_1025_11-020.json,15,Other_SKU,N/A,non_scorable,non-scorable,,Way too blurry,1525,0,1656,24,research_outputs/golden_dataset_local_tests/crops/1770341131504_0244_1025_11-020/015_Other_SKU_1525_0_1656_24.jpg,research_outputs/golden_dataset_local_tests/label_overlays_expected_sku/1770341131504_0244_1025_11-020_labels.jpg,yes,,,yes,
1770341131504_0244_1025_11-020.jpg|Other_SKU|1447|250|1585|299,1770341131504_0244_1025_11-020.jpg,1770341131504_0244_1025_11-020.json,16,Other_SKU,N/A,non_scorable,non-scorable,,third digit is very blurry,1447,250,1585,299,research_outputs/golden_dataset_local_tests/crops/1770341131504_0244_1025_11-020/016_Other_SKU_1447_250_1585_299.jpg,research_outputs/golden_dataset_local_tests/label_overlays_expected_sku/1770341131504_0244_1025_11-020_labels.jpg,yes,965456,-10.0:965456|-5.0:965456|0.0:965456|5.0:965456|10.0:965456|180.0:966456,yes,
1770341131504_0244_1025_11-020.jpg|Other_SKU|1852|480|2007|522,1770341131504_0244_1025_11-020.jpg,1770341131504_0244_1025_11-020.json,17,Other_SKU,283893,scorable,scorable,,slightly blurry,1852,480,2007,522,research_outputs/golden_dataset_local_tests/crops/1770341131504_0244_1025_11-020/017_Other_SKU_1852_480_2007_522.jpg,research_outputs/golden_dataset_local_tests/label_overlays_expected_sku/1770341131504_0244_1025_11-020_labels.jpg,yes,283893,-10.0:283893|-5.0:283893|0.0:283893|5.0:283893|10.0:283893|180.0:283893,yes,
1770341131504_0244_1025_11-020.jpg|Other_SKU|1807|596|1948|641,1770341131504_0244_1025_11-020.jpg,1770341131504_0244_1025_11-020.json,18,Other_SKU,N/A,non_scorable,non-scorable,,Digits are cut off,1807,596,1948,641,research_outputs/golden_dataset_local_tests/crops/1770341131504_0244_1025_11-020/018_Other_SKU_1807_596_1948_641.jpg,research_outputs/golden_dataset_local_tests/label_overlays_expected_sku/1770341131504_0244_1025_11-020_labels.jpg,yes,283803,-10.0:283803|-5.0:283803|0.0:283803|5.0:283803|10.0:283803|180.0:283803,yes,
1770341131504_0244_1025_11-020.jpg|RDC_SKU|76|1202|181|1241,1770341131504_0244_1025_11-020.jpg,1770341131504_0244_1025_11-020.json,30,RDC_SKU,N/A,non_scorable,non-scorable,,Completely blurry,76,1202,181,1241,research_outputs/golden_dataset_local_tests/crops/1770341131504_0244_1025_11-020/030_RDC_SKU_76_1202_181_1241.jpg,research_outputs/golden_dataset_local_tests/label_overlays_expected_sku/1770341131504_0244_1025_11-020_labels.jpg,yes,,,yes,
1770341131504_0244_1025_11-020.jpg|RDC_SKU|0|1446|142|1507,1770341131504_0244_1025_11-020.jpg,1770341131504_0244_1025_11-020.json,33,RDC_SKU,N/A,non_scorable,non-scorable,,blurry and unreadable,0,1446,142,1507,research_outputs/golden_dataset_local_tests/crops/1770341131504_0244_1025_11-020/033_RDC_SKU_0_1446_142_1507.jpg,research_outputs/golden_dataset_local_tests/label_overlays_expected_sku/1770341131504_0244_1025_11-020_labels.jpg,yes,,,yes,
1770341131504_0244_1025_11-020.jpg|RDC_SKU|400|1662|507|1711,1770341131504_0244_1025_11-020.jpg,1770341131504_0244_1025_11-020.json,37,RDC_SKU,N/A,non_scorable,non-scorable,,Completely blurry,400,1662,507,1711,research_outputs/golden_dataset_local_tests/crops/1770341131504_0244_1025_11-020/037_RDC_SKU_400_1662_507_1711.jpg,research_outputs/golden_dataset_local_tests/label_overlays_expected_sku/1770341131504_0244_1025_11-020_labels.jpg,yes,271667,-10.0:271667|-5.0:271667|0.0:271667|5.0:271667|10.0:271667|180.0:271667,yes,
1770341131504_0244_1025_11-020.jpg|RDC_SKU|159|1733|314|1779,1770341131504_0244_1025_11-020.jpg,1770341131504_0244_1025_11-020.json,39,RDC_SKU,N/A,non_scorable,non-scorable,,Completely blurry,159,1733,314,1779,research_outputs/golden_dataset_local_tests/crops/1770341131504_0244_1025_11-020/039_RDC_SKU_159_1733_314_1779.jpg,research_outputs/golden_dataset_local_tests/label_overlays_expected_sku/1770341131504_0244_1025_11-020_labels.jpg,yes,1857104778,-10.0:1051104778,yes,
1770341131504_0244_1025_11-020.jpg|RDC_SKU|0|1762|112|1806,1770341131504_0244_1025_11-020.jpg,1770341131504_0244_1025_11-020.json,41,RDC_SKU,N/A,non_scorable,non-scorable,,completely blurry,0,1762,112,1806,research_outputs/golden_dataset_local_tests/crops/1770341131504_0244_1025_11-020/041_RDC_SKU_0_1762_112_1806.jpg,research_outputs/golden_dataset_local_tests/label_overlays_expected_sku/1770341131504_0244_1025_11-020_labels.jpg,yes,831467,-10.0:013457|-5.0:831467|0.0:831467|5.0:831467|180.0:831467,yes,
1770341131504_0244_1025_11-020.jpg|RDC_SKU|288|1845|433|1906,1770341131504_0244_1025_11-020.jpg,1770341131504_0244_1025_11-020.json,46,RDC_SKU,N/A,non_scorable,non-scorable,,blurry,288,1845,433,1906,research_outputs/golden_dataset_local_tests/crops/1770341131504_0244_1025_11-020/046_RDC_SKU_288_1845_433_1906.jpg,research_outputs/golden_dataset_local_tests/label_overlays_expected_sku/1770341131504_0244_1025_11-020_labels.jpg,yes,,,yes,
1770341131504_0244_1025_11-020.jpg|RDC_SKU|936|1843|1052|1896,1770341131504_0244_1025_11-020.jpg,1770341131504_0244_1025_11-020.json,55,RDC_SKU,379130,scorable,scorable,,very blurry but somewhat recognizable,936,1843,1052,1896,research_outputs/golden_dataset_local_tests/crops/1770341131504_0244_1025_11-020/055_RDC_SKU_936_1843_1052_1896.jpg,research_outputs/golden_dataset_local_tests/label_overlays_expected_sku/1770341131504_0244_1025_11-020_labels.jpg,yes,379130,-10.0:379130|-5.0:379130|0.0:379130|5.0:379130|10.0:379130|180.0:379130,yes,
1770341131504_0244_1025_11-020.jpg|RDC_SKU|770|2560|889|2634,1770341131504_0244_1025_11-020.jpg,1770341131504_0244_1025_11-020.json,64,RDC_SKU,N/A,non_scorable,non-scorable,,First digit is not clear at all,770,2560,889,2634,research_outputs/golden_dataset_local_tests/crops/1770341131504_0244_1025_11-020/064_RDC_SKU_770_2560_889_2634.jpg,research_outputs/golden_dataset_local_tests/label_overlays_expected_sku/1770341131504_0244_1025_11-020_labels.jpg,yes,157936,-10.0:157936|-5.0:157936|0.0:157936|5.0:157936|10.0:357936|180.0:157936,yes,
1770341131504_0244_1025_11-020.jpg|RDC_SKU|6|2349|152|2401,1770341131504_0244_1025_11-020.jpg,1770341131504_0244_1025_11-020.json,68,RDC_SKU,N/A,non_scorable,non-scorable,,completely blurry,6,2349,152,2401,research_outputs/golden_dataset_local_tests/crops/1770341131504_0244_1025_11-020/068_RDC_SKU_6_2349_152_2401.jpg,research_outputs/golden_dataset_local_tests/label_overlays_expected_sku/1770341131504_0244_1025_11-020_labels.jpg,yes,189152,5.0:100152,yes,
1770341131504_0244_1025_11-020.jpg|RDC_SKU|208|2323|324|2381,1770341131504_0244_1025_11-020.jpg,1770341131504_0244_1025_11-020.json,70,RDC_SKU,N/A,non_scorable,non-scorable,,too blurry,208,2323,324,2381,research_outputs/golden_dataset_local_tests/crops/1770341131504_0244_1025_11-020/070_RDC_SKU_208_2323_324_2381.jpg,research_outputs/golden_dataset_local_tests/label_overlays_expected_sku/1770341131504_0244_1025_11-020_labels.jpg,yes,269875,-10.0:269875|-5.0:269875|0.0:269875|5.0:269875|10.0:269875|180.0:269875,yes,
1770341131504_0244_1025_11-020.jpg|RDC_SKU|394|2371|569|2445,1770341131504_0244_1025_11-020.jpg,1770341131504_0244_1025_11-020.json,72,RDC_SKU,N/A,non_scorable,non-scorable,,Some digits are too blurry,394,2371,569,2445,research_outputs/golden_dataset_local_tests/crops/1770341131504_0244_1025_11-020/072_RDC_SKU_394_2371_569_2445.jpg,research_outputs/golden_dataset_local_tests/label_overlays_expected_sku/1770341131504_0244_1025_11-020_labels.jpg,yes,1001520610,-10.0:1001520610|-5.0:1001520610|0.0:1001520610|5.0:1001520610|10.0:1001520610|180.0:1001520610,yes,
1770341131504_0244_1025_11-020.jpg|Handwritte_SKU|2476|3185|2618|3512,1770341131504_0244_1025_11-020.jpg,1770341131504_0244_1025_11-020.json,77,Handwritte_SKU,438097,scorable,scorable,,,2476,3185,2618,3512,research_outputs/golden_dataset_local_tests/crops/1770341131504_0244_1025_11-020/077_Handwritte_SKU_2476_3185_2618_3512.jpg,research_outputs/golden_dataset_local_tests/label_overlays_expected_sku/1770341131504_0244_1025_11-020_labels.jpg,yes,438097,0.0:138097|5.0:438097|10.0:438097|180.0:438097,yes,
1770341131504_0244_1030_11-019.jpg|RDC_SKU|1339|591|1438|630,1770341131504_0244_1030_11-019.jpg,1770341131504_0244_1030_11-019.json,0,RDC_SKU,N/A,non_scorable,non-scorable,,completely unreadable,1339,591,1438,630,research_outputs/golden_dataset_local_tests/crops/1770341131504_0244_1030_11-019/000_RDC_SKU_1339_591_1438_630.jpg,research_outputs/golden_dataset_local_tests/label_overlays_expected_sku/1770341131504_0244_1030_11-019_labels.jpg,yes,,,yes,
1770341131504_0244_1030_11-019.jpg|RDC_SKU|1313|856|1417|905,1770341131504_0244_1030_11-019.jpg,1770341131504_0244_1030_11-019.json,3,RDC_SKU,N/A,non_scorable,non-scorable,,completely blurry,1313,856,1417,905,research_outputs/golden_dataset_local_tests/crops/1770341131504_0244_1030_11-019/003_RDC_SKU_1313_856_1417_905.jpg,research_outputs/golden_dataset_local_tests/label_overlays_expected_sku/1770341131504_0244_1030_11-019_labels.jpg,yes,1213515888,-10.0:1213515888|0.0:1213575880|5.0:1213515888|10.0:1213515888|180.0:1213575880,yes,
1770341131504_0244_1030_11-019.jpg|RDC_SKU|1643|893|1751|942,1770341131504_0244_1030_11-019.jpg,1770341131504_0244_1030_11-019.json,7,RDC_SKU,1012054976,scorable,scorable,,barely recognizable but still can make it out,1643,893,1751,942,research_outputs/golden_dataset_local_tests/crops/1770341131504_0244_1030_11-019/007_RDC_SKU_1643_893_1751_942.jpg,research_outputs/golden_dataset_local_tests/label_overlays_expected_sku/1770341131504_0244_1030_11-019_labels.jpg,yes,1012054976,-10.0:1012054976|-5.0:1012054976|0.0:1012054976|5.0:1012054976|10.0:1012054976|180.0:1012054976,yes,
1770341131504_0244_1030_11-019.jpg|RDC_SKU|1659|683|1765|732,1770341131504_0244_1030_11-019.jpg,1770341131504_0244_1030_11-019.json,10,RDC_SKU,N/A,non_scorable,non-scorable,,couple digits are very blurry,1659,683,1765,732,research_outputs/golden_dataset_local_tests/crops/1770341131504_0244_1030_11-019/010_RDC_SKU_1659_683_1765_732.jpg,research_outputs/golden_dataset_local_tests/label_overlays_expected_sku/1770341131504_0244_1030_11-019_labels.jpg,yes,1012054978,-5.0:1012054975|5.0:1012054978|10.0:1012054975,yes,
1770341131504_0244_1030_11-019.jpg|RDC_SKU|1658|494|1762|542,1770341131504_0244_1030_11-019.jpg,1770341131504_0244_1030_11-019.json,13,RDC_SKU,N/A,non_scorable,non-scorable,,cannot see the digits properly,1658,494,1762,542,research_outputs/golden_dataset_local_tests/crops/1770341131504_0244_1030_11-019/013_RDC_SKU_1658_494_1762_542.jpg,research_outputs/golden_dataset_local_tests/label_overlays_expected_sku/1770341131504_0244_1030_11-019_labels.jpg,yes,1012054478,5.0:1012054478,yes,
1770341131504_0244_1030_11-019.jpg|RDC_SKU|2041|819|2154|873,1770341131504_0244_1030_11-019.jpg,1770341131504_0244_1030_11-019.json,16,RDC_SKU,1012054976,scorable,scorable,,some blurry digits but can recognize it,2041,819,2154,873,research_outputs/golden_dataset_local_tests/crops/1770341131504_0244_1030_11-019/016_RDC_SKU_2041_819_2154_873.jpg,research_outputs/golden_dataset_local_tests/label_overlays_expected_sku/1770341131504_0244_1030_11-019_labels.jpg,yes,1012054976,-10.0:1012054976|-5.0:1012054976|0.0:1012054976|5.0:1012054976|10.0:1012054976|180.0:1012054976,yes,
1770341131504_0244_1030_11-019.jpg|RDC_SKU|2039|617|2147|672,1770341131504_0244_1030_11-019.jpg,1770341131504_0244_1030_11-019.json,19,RDC_SKU,N/A,non_scorable,non-scorable,,middle numbers are too blurry,2039,617,2147,672,research_outputs/golden_dataset_local_tests/crops/1770341131504_0244_1030_11-019/019_RDC_SKU_2039_617_2147_672.jpg,research_outputs/golden_dataset_local_tests/label_overlays_expected_sku/1770341131504_0244_1030_11-019_labels.jpg,yes,1012054976,-10.0:1012054976|-5.0:1012054976|0.0:1012054976|5.0:1012054976|10.0:1012054976|180.0:1012054976,yes,
1770341131504_0244_1030_11-019.jpg|RDC_SKU|2019|423|2129|477,1770341131504_0244_1030_11-019.jpg,1770341131504_0244_1030_11-019.json,22,RDC_SKU,1012054976,scorable,scorable,,barely recognizable but also very blurry,2019,423,2129,477,research_outputs/golden_dataset_local_tests/crops/1770341131504_0244_1030_11-019/022_RDC_SKU_2019_423_2129_477.jpg,research_outputs/golden_dataset_local_tests/label_overlays_expected_sku/1770341131504_0244_1030_11-019_labels.jpg,yes,1012054976,-10.0:1012054976|-5.0:1012054976|0.0:1012054976|5.0:1012054976|10.0:1012054976|180.0:1012054976,yes,
1770341131504_0244_1030_11-019.jpg|RDC_SKU|2422|749|2542|800,1770341131504_0244_1030_11-019.jpg,1770341131504_0244_1030_11-019.json,24,RDC_SKU,1012054976,scorable,scorable,,slightly blurry,2422,749,2542,800,research_outputs/golden_dataset_local_tests/crops/1770341131504_0244_1030_11-019/024_RDC_SKU_2422_749_2542_800.jpg,research_outputs/golden_dataset_local_tests/label_overlays_expected_sku/1770341131504_0244_1030_11-019_labels.jpg,yes,1012054976,-10.0:1012054976|-5.0:1012054976|0.0:1012054976|5.0:1012054976|10.0:1012054976|180.0:1012054976,yes,
1770341131504_0244_1030_11-019.jpg|RDC_SKU|2382|547|2496|595,1770341131504_0244_1030_11-019.jpg,1770341131504_0244_1030_11-019.json,26,RDC_SKU,N/A,non_scorable,non-scorable,,some digits are too blurry,2382,547,2496,595,research_outputs/golden_dataset_local_tests/crops/1770341131504_0244_1030_11-019/026_RDC_SKU_2382_547_2496_595.jpg,research_outputs/golden_dataset_local_tests/label_overlays_expected_sku/1770341131504_0244_1030_11-019_labels.jpg,yes,1012054976,-10.0:101205|-5.0:101205|0.0:1012054978|5.0:101205|10.0:1012054976|180.0:1012054978,yes,
1770341131504_0244_1030_11-019.jpg|RDC_SKU|2396|382|2507|433,1770341131504_0244_1030_11-019.jpg,1770341131504_0244_1030_11-019.json,30,RDC_SKU,N/A,non_scorable,non-scorable,,some numbers are too blurry,2396,382,2507,433,research_outputs/golden_dataset_local_tests/crops/1770341131504_0244_1030_11-019/030_RDC_SKU_2396_382_2507_433.jpg,research_outputs/golden_dataset_local_tests/label_overlays_expected_sku/1770341131504_0244_1030_11-019_labels.jpg,yes,1012054976,-10.0:1012054975|-5.0:1012054976|0.0:1012054975|5.0:1012054976|10.0:1012054975|180.0:269425,yes,
1770341131504_0244_1030_11-019.jpg|RDC_SKU|3586|216|3708|262,1770341131504_0244_1030_11-019.jpg,1770341131504_0244_1030_11-019.json,34,RDC_SKU,N/A,non_scorable,non-scorable,,way too blurry,3586,216,3708,262,research_outputs/golden_dataset_local_tests/crops/1770341131504_0244_1030_11-019/034_RDC_SKU_3586_216_3708_262.jpg,research_outputs/golden_dataset_local_tests/label_overlays_expected_sku/1770341131504_0244_1030_11-019_labels.jpg,yes,1510213784,-10.0:1510213784|-5.0:1510297847|0.0:620161|180.0:620161,yes,
1770341131504_0244_1030_11-019.jpg|RDC_SKU|3665|382|3790|425,1770341131504_0244_1030_11-019.jpg,1770341131504_0244_1030_11-019.json,38,RDC_SKU,N/A,non_scorable,non-scorable,,way too blurry,3665,382,3790,425,research_outputs/golden_dataset_local_tests/crops/1770341131504_0244_1030_11-019/038_RDC_SKU_3665_382_3790_425.jpg,research_outputs/golden_dataset_local_tests/label_overlays_expected_sku/1770341131504_0244_1030_11-019_labels.jpg,yes,1014329694,-10.0:1014329654|-5.0:1014529654|0.0:1014329654|5.0:1014329694|10.0:1014329694|180.0:1014329654,yes,
1770341131504_0244_1030_11-019.jpg|RDC_SKU|3694|592|3823|640,1770341131504_0244_1030_11-019.jpg,1770341131504_0244_1030_11-019.json,40,RDC_SKU,1014820654,scorable,scorable,,slightly blurry,3694,592,3823,640,research_outputs/golden_dataset_local_tests/crops/1770341131504_0244_1030_11-019/040_RDC_SKU_3694_592_3823_640.jpg,research_outputs/golden_dataset_local_tests/label_overlays_expected_sku/1770341131504_0244_1030_11-019_labels.jpg,yes,1014820654,-10.0:1014820654|-5.0:1014820654|0.0:1014820654|5.0:1014820654|10.0:1014820654|180.0:1014820654,yes,
1770341131504_0244_1030_11-019.jpg|RDC_SKU|3999|177|4124|227,1770341131504_0244_1030_11-019.jpg,1770341131504_0244_1030_11-019.json,56,RDC_SKU,N/A,non_scorable,non-scorable,,not readable at all,3999,177,4124,227,research_outputs/golden_dataset_local_tests/crops/1770341131504_0244_1030_11-019/056_RDC_SKU_3999_177_4124_227.jpg,research_outputs/golden_dataset_local_tests/label_overlays_expected_sku/1770341131504_0244_1030_11-019_labels.jpg,yes,301007,0.0:301007|180.0:301007,yes,
1770341131504_0244_1030_11-019.jpg|RDC_SKU|4133|176|4252|218,1770341131504_0244_1030_11-019.jpg,1770341131504_0244_1030_11-019.json,58,RDC_SKU,N/A,non_scorable,non-scorable,,SKU is too blurry and non visible,4133,176,4252,218,research_outputs/golden_dataset_local_tests/crops/1770341131504_0244_1030_11-019/058_RDC_SKU_4133_176_4252_218.jpg,research_outputs/golden_dataset_local_tests/label_overlays_expected_sku/1770341131504_0244_1030_11-019_labels.jpg,yes,,,yes,
1770341131504_0244_1030_11-019.jpg|RDC_SKU|4169|322|4299|372,1770341131504_0244_1030_11-019.jpg,1770341131504_0244_1030_11-019.json,60,RDC_SKU,,needs_review,,,,4169,322,4299,372,research_outputs/golden_dataset_local_tests/crops/1770341131504_0244_1030_11-019/060_RDC_SKU_4169_322_4299_372.jpg,research_outputs/golden_dataset_local_tests/label_overlays_expected_sku/1770341131504_0244_1030_11-019_labels.jpg,yes,100549,-10.0:105541|0.0:100549|5.0:100549|10.0:100549|180.0:100549,,
1770341131504_0244_1030_11-019.jpg|RDC_SKU|4037|323|4164|371,1770341131504_0244_1030_11-019.jpg,1770341131504_0244_1030_11-019.json,62,RDC_SKU,,needs_review,,,,4037,323,4164,371,research_outputs/golden_dataset_local_tests/crops/1770341131504_0244_1030_11-019/062_RDC_SKU_4037_323_4164_371.jpg,research_outputs/golden_dataset_local_tests/label_overlays_expected_sku/1770341131504_0244_1030_11-019_labels.jpg,yes,227194,0.0:227194|180.0:227194,,
1770341131504_0244_1030_11-019.jpg|RDC_SKU|3886|294|4009|329,1770341131504_0244_1030_11-019.jpg,1770341131504_0244_1030_11-019.json,64,RDC_SKU,,needs_review,,,,3886,294,4009,329,research_outputs/golden_dataset_local_tests/crops/1770341131504_0244_1030_11-019/064_RDC_SKU_3886_294_4009_329.jpg,research_outputs/golden_dataset_local_tests/label_overlays_expected_sku/1770341131504_0244_1030_11-019_labels.jpg,yes,1712161909,-10.0:161909|-5.0:1712151903|10.0:6061912101,,
1770341131504_0244_1030_11-019.jpg|RDC_SKU|3906|459|4027|495,1770341131504_0244_1030_11-019.jpg,1770341131504_0244_1030_11-019.json,66,RDC_SKU,,needs_review,,,,3906,459,4027,495,research_outputs/golden_dataset_local_tests/crops/1770341131504_0244_1030_11-019/066_RDC_SKU_3906_459_4027_495.jpg,research_outputs/golden_dataset_local_tests/label_overlays_expected_sku/1770341131504_0244_1030_11-019_labels.jpg,yes,1014769564,-10.0:1014769564|-5.0:1014769954|0.0:1014769554|5.0:1014769564|10.0:1014769554|180.0:1014769554,,
1770341131504_0244_1030_11-019.jpg|RDC_SKU|4068|492|4196|536,1770341131504_0244_1030_11-019.jpg,1770341131504_0244_1030_11-019.json,68,RDC_SKU,,needs_review,,,,4068,492,4196,536,research_outputs/golden_dataset_local_tests/crops/1770341131504_0244_1030_11-019/068_RDC_SKU_4068_492_4196_536.jpg,research_outputs/golden_dataset_local_tests/label_overlays_expected_sku/1770341131504_0244_1030_11-019_labels.jpg,yes,152250,-10.0:192050|-5.0:152250|0.0:152050|5.0:192250|10.0:152250|180.0:192050,,
1770341131504_0244_1030_11-019.jpg|RDC_SKU|4214|481|4342|528,1770341131504_0244_1030_11-019.jpg,1770341131504_0244_1030_11-019.json,70,RDC_SKU,,needs_review,,,,4214,481,4342,528,research_outputs/golden_dataset_local_tests/crops/1770341131504_0244_1030_11-019/070_RDC_SKU_4214_481_4342_528.jpg,research_outputs/golden_dataset_local_tests/label_overlays_expected_sku/1770341131504_0244_1030_11-019_labels.jpg,yes,101212,-10.0:101212,,
1770341131504_0244_1030_11-019.jpg|RDC_SKU|3917|615|4043|658,1770341131504_0244_1030_11-019.jpg,1770341131504_0244_1030_11-019.json,72,RDC_SKU,,needs_review,,,,3917,615,4043,658,research_outputs/golden_dataset_local_tests/crops/1770341131504_0244_1030_11-019/072_RDC_SKU_3917_615_4043_658.jpg,research_outputs/golden_dataset_local_tests/label_overlays_expected_sku/1770341131504_0244_1030_11-019_labels.jpg,yes,1014769962,-10.0:1014769562|-5.0:1014769562|0.0:1014769562|5.0:1014769562|10.0:1014769562|180.0:1014769562,,
1770341131504_0244_1030_11-019.jpg|RDC_SKU|4114|700|4242|738,1770341131504_0244_1030_11-019.jpg,1770341131504_0244_1030_11-019.json,74,RDC_SKU,,needs_review,,,,4114,700,4242,738,research_outputs/golden_dataset_local_tests/crops/1770341131504_0244_1030_11-019/074_RDC_SKU_4114_700_4242_738.jpg,research_outputs/golden_dataset_local_tests/label_overlays_expected_sku/1770341131504_0244_1030_11-019_labels.jpg,yes,1002637282,-10.0:1002597292|-5.0:1002697292|0.0:1002677282|5.0:1002697292|10.0:1002877292|180.0:1002697282,,
1770341131504_0244_1030_11-019.jpg|Handwritte_SKU|1368|2171|1583|2233,1770341131504_0244_1030_11-019.jpg,1770341131504_0244_1030_11-019.json,79,Handwritte_SKU,,needs_review,,,,1368,2171,1583,2233,research_outputs/golden_dataset_local_tests/crops/1770341131504_0244_1030_11-019/079_Handwritte_SKU_1368_2171_1583_2233.jpg,research_outputs/golden_dataset_local_tests/label_overlays_expected_sku/1770341131504_0244_1030_11-019_labels.jpg,yes,1007453246,-10.0:1007453246|-5.0:1007453246|0.0:1007453246|5.0:1007457246|10.0:1007453246|180.0:1007453246,,
1770341131504_0244_1030_11-019.jpg|RDC_SKU|1648|2105|1765|2149,1770341131504_0244_1030_11-019.jpg,1770341131504_0244_1030_11-019.json,82,RDC_SKU,,needs_review,,,,1648,2105,1765,2149,research_outputs/golden_dataset_local_tests/crops/1770341131504_0244_1030_11-019/082_RDC_SKU_1648_2105_1765_2149.jpg,research_outputs/golden_dataset_local_tests/label_overlays_expected_sku/1770341131504_0244_1030_11-019_labels.jpg,yes,1013876026,-10.0:1013876026|-5.0:1013876026|0.0:1013876026|5.0:1013876026|10.0:1013876026|180.0:1013876026,,
1770341131504_0244_1030_11-019.jpg|RDC_SKU|1883|2091|2004|2129,1770341131504_0244_1030_11-019.jpg,1770341131504_0244_1030_11-019.json,86,RDC_SKU,,needs_review,,,,1883,2091,2004,2129,research_outputs/golden_dataset_local_tests/crops/1770341131504_0244_1030_11-019/086_RDC_SKU_1883_2091_2004_2129.jpg,research_outputs/golden_dataset_local_tests/label_overlays_expected_sku/1770341131504_0244_1030_11-019_labels.jpg,yes,1013876026,-10.0:1013876026|-5.0:1013876026|0.0:1013876026|5.0:1013876026|10.0:1013876026|180.0:1013876026,,
1770341131504_0244_1030_11-019.jpg|Printed_on_Box_SKU|1654|2139|1809|2199,1770341131504_0244_1030_11-019.jpg,1770341131504_0244_1030_11-019.json,185,Printed_on_Box_SKU,,needs_review,,,,1654,2139,1809,2199,research_outputs/golden_dataset_local_tests/crops/1770341131504_0244_1030_11-019/185_Printed_on_Box_SKU_1654_2139_1809_2199.jpg,research_outputs/golden_dataset_local_tests/label_overlays_expected_sku/1770341131504_0244_1030_11-019_labels.jpg,yes,1013876026,-10.0:1013876026|-5.0:1013876026|0.0:1013876026|5.0:1013876026|10.0:1013876026|180.0:1013876026,,
1770341131504_0244_1030_11-019.jpg|Printed_on_Box_SKU|1910|2121|2067|2174,1770341131504_0244_1030_11-019.jpg,1770341131504_0244_1030_11-019.json,190,Printed_on_Box_SKU,,needs_review,,,,1910,2121,2067,2174,research_outputs/golden_dataset_local_tests/crops/1770341131504_0244_1030_11-019/190_Printed_on_Box_SKU_1910_2121_2067_2174.jpg,research_outputs/golden_dataset_local_tests/label_overlays_expected_sku/1770341131504_0244_1030_11-019_labels.jpg,yes,1013876026,-10.0:1013876026|-5.0:1013876026|0.0:1013876026|5.0:1013876026|10.0:1013876026|180.0:1013876026,,
1770341131504_0244_1030_11-019.jpg|Handwritte_SKU|1194|2048|1300|2134,1770341131504_0244_1030_11-019.jpg,1770341131504_0244_1030_11-019.json,201,Handwritte_SKU,,needs_review,,,,1194,2048,1300,2134,research_outputs/golden_dataset_local_tests/crops/1770341131504_0244_1030_11-019/201_Handwritte_SKU_1194_2048_1300_2134.jpg,research_outputs/golden_dataset_local_tests/label_overlays_expected_sku/1770341131504_0244_1030_11-019_labels.jpg,yes,,,,
1770341131504_0244_1061_11-017.jpg|Pallet_SKU|1884|948|2241|1065,1770341131504_0244_1061_11-017.jpg,1770341131504_0244_1061_11-017.json,0,Pallet_SKU,1007006225,scorable,scorable,Veb,Accepted OCR suggestion,1884,948,2241,1065,research_outputs/golden_dataset_local_tests/crops/1770341131504_0244_1061_11-017/000_Pallet_SKU_1884_948_2241_1065.jpg,research_outputs/golden_dataset_local_tests/label_overlays_expected_sku/1770341131504_0244_1061_11-017_labels.jpg,yes,1007006225,-10.0:1007006225|-5.0:1007006225|0.0:1007006225|5.0:1007006225|10.0:1007006225|180.0:1007006225,yes,10-digit
1770341131504_0244_1061_11-017.jpg|Pallet_SKU|3518|674|3794|765,1770341131504_0244_1061_11-017.jpg,1770341131504_0244_1061_11-017.json,2,Pallet_SKU,1010070255,scorable,scorable,Veb,,3518,674,3794,765,research_outputs/golden_dataset_local_tests/crops/1770341131504_0244_1061_11-017/002_Pallet_SKU_3518_674_3794_765.jpg,research_outputs/golden_dataset_local_tests/label_overlays_expected_sku/1770341131504_0244_1061_11-017_labels.jpg,yes,1010070255,-10.0:1010070255|-5.0:1010070255|0.0:1010070255|5.0:1010070255|10.0:1010070255|180.0:1010070255,yes,10-digit
1770341131504_0244_1061_11-017.jpg|Pallet_SKU|3496|621|3785|713,1770341131504_0244_1061_11-017.jpg,1770341131504_0244_1061_11-017.json,3,Pallet_SKU,1006703280,scorable,scorable,Veb,,3496,621,3785,713,research_outputs/golden_dataset_local_tests/crops/1770341131504_0244_1061_11-017/003_Pallet_SKU_3496_621_3785_713.jpg,research_outputs/golden_dataset_local_tests/label_overlays_expected_sku/1770341131504_0244_1061_11-017_labels.jpg,yes,1006703280,-10.0:1006703280|-5.0:1006703280|0.0:1006703280|5.0:1006703280|10.0:1006703280|180.0:1006703280,yes,10-digit
1770341131504_0244_1061_11-017.jpg|Handwritte_SKU|3057|2775|3196|2826,1770341131504_0244_1061_11-017.jpg,1770341131504_0244_1061_11-017.json,43,Handwritte_SKU,508132,scorable,scorable,Veb,,3057,2775,3196,2826,research_outputs/golden_dataset_local_tests/crops/1770341131504_0244_1061_11-017/043_Handwritte_SKU_3057_2775_3196_2826.jpg,research_outputs/golden_dataset_local_tests/label_overlays_expected_sku/1770341131504_0244_1061_11-017_labels.jpg,yes,508132,-10.0:508132|-5.0:508132|0.0:508132|5.0:508132|10.0:508132|180.0:508132,yes,6-digit
1770341131504_0244_1061_11-017.jpg|Handwritte_SKU|3260|2680|3473|2754,1770341131504_0244_1061_11-017.jpg,1770341131504_0244_1061_11-017.json,45,Handwritte_SKU,1001820817,scorable,scorable,Veb,,3260,2680,3473,2754,research_outputs/golden_dataset_local_tests/crops/1770341131504_0244_1061_11-017/045_Handwritte_SKU_3260_2680_3473_2754.jpg,research_outputs/golden_dataset_local_tests/label_overlays_expected_sku/1770341131504_0244_1061_11-017_labels.jpg,yes,1001820817,-10.0:1001820317|-5.0:1001820317|0.0:1001820317|5.0:1001820317|10.0:1001820317|180.0:1001820317,yes,10-digit
1770341131504_0244_1061_11-017.jpg|Handwritte_SKU|3478|2739|3610|2791,1770341131504_0244_1061_11-017.jpg,1770341131504_0244_1061_11-017.json,50,Handwritte_SKU,X,non_scorable,non-scorable,Veb,SKU location not visible,3478,2739,3610,2791,research_outputs/golden_dataset_local_tests/crops/1770341131504_0244_1061_11-017/050_Handwritte_SKU_3478_2739_3610_2791.jpg,research_outputs/golden_dataset_local_tests/label_overlays_expected_sku/1770341131504_0244_1061_11-017_labels.jpg,yes,508192,-5.0:508192,yes,not-visible
1770341131504_0244_1061_11-017.jpg|Handwritte_SKU|4231|2330|4444|2412,1770341131504_0244_1061_11-017.jpg,1770341131504_0244_1061_11-017.json,60,Handwritte_SKU,382203,scorable,scorable,Veb,,4231,2330,4444,2412,research_outputs/golden_dataset_local_tests/crops/1770341131504_0244_1061_11-017/060_Handwritte_SKU_4231_2330_4444_2412.jpg,research_outputs/golden_dataset_local_tests/label_overlays_expected_sku/1770341131504_0244_1061_11-017_labels.jpg,yes,382203,-5.0:382203|5.0:382203|10.0:382203,yes,6-digit
1770341131504_0244_1061_11-017.jpg|Handwritte_SKU|3469|2575|3644|2617,1770341131504_0244_1061_11-017.jpg,1770341131504_0244_1061_11-017.json,170,Handwritte_SKU,,needs_review,,,,3469,2575,3644,2617,research_outputs/golden_dataset_local_tests/crops/1770341131504_0244_1061_11-017/170_Handwritte_SKU_3469_2575_3644_2617.jpg,research_outputs/golden_dataset_local_tests/label_overlays_expected_sku/1770341131504_0244_1061_11-017_labels.jpg,yes,1002542126,-10.0:1002542126|-5.0:1002542126|0.0:5212352001|5.0:1002542126|10.0:5212752001|180.0:5212352001,,
1770341131504_0244_1061_11-017.jpg|Handwritte_SKU|3757|2341|3923|2392,1770341131504_0244_1061_11-017.jpg,1770341131504_0244_1061_11-017.json,187,Handwritte_SKU,,needs_review,,,,3757,2341,3923,2392,research_outputs/golden_dataset_local_tests/crops/1770341131504_0244_1061_11-017/187_Handwritte_SKU_3757_2341_3923_2392.jpg,research_outputs/golden_dataset_local_tests/label_overlays_expected_sku/1770341131504_0244_1061_11-017_labels.jpg,yes,1002943132,-5.0:1002943132|0.0:1002943132|5.0:1002943133|10.0:1002943132|180.0:1002943132,,
1770341131504_0244_1061_11-017.jpg|Handwritte_SKU|3728|2546|3868|2596,1770341131504_0244_1061_11-017.jpg,1770341131504_0244_1061_11-017.json,189,Handwritte_SKU,,needs_review,,,,3728,2546,3868,2596,research_outputs/golden_dataset_local_tests/crops/1770341131504_0244_1061_11-017/189_Handwritte_SKU_3728_2546_3868_2596.jpg,research_outputs/golden_dataset_local_tests/label_overlays_expected_sku/1770341131504_0244_1061_11-017_labels.jpg,yes,508152,-10.0:508152|5.0:508152|10.0:508152,,
1770341131504_0244_1085_11-016.jpg|RDC_SKU|1956|206|2081|260,1770341131504_0244_1085_11-016.jpg,1770341131504_0244_1085_11-016.json,2,RDC_SKU,,needs_review,,,,1956,206,2081,260,research_outputs/golden_dataset_local_tests/crops/1770341131504_0244_1085_11-016/002_RDC_SKU_1956_206_2081_260.jpg,research_outputs/golden_dataset_local_tests/label_overlays_expected_sku/1770341131504_0244_1085_11-016_labels.jpg,yes,1000403349,0.0:1000403340|5.0:1000403349|180.0:1000403340,,
1770341131504_0244_1085_11-016.jpg|RDC_SKU|2398|200|2522|242,1770341131504_0244_1085_11-016.jpg,1770341131504_0244_1085_11-016.json,5,RDC_SKU,,needs_review,,,,2398,200,2522,242,research_outputs/golden_dataset_local_tests/crops/1770341131504_0244_1085_11-016/005_RDC_SKU_2398_200_2522_242.jpg,research_outputs/golden_dataset_local_tests/label_overlays_expected_sku/1770341131504_0244_1085_11-016_labels.jpg,yes,,,,
1770341131504_0244_1085_11-016.jpg|RDC_SKU|1761|555|1876|614,1770341131504_0244_1085_11-016.jpg,1770341131504_0244_1085_11-016.json,8,RDC_SKU,,needs_review,,,,1761,555,1876,614,research_outputs/golden_dataset_local_tests/crops/1770341131504_0244_1085_11-016/008_RDC_SKU_1761_555_1876_614.jpg,research_outputs/golden_dataset_local_tests/label_overlays_expected_sku/1770341131504_0244_1085_11-016_labels.jpg,yes,156345,-5.0:156345|5.0:156345,,
1770341131504_0244_1085_11-016.jpg|RDC_SKU|2321|717|2466|771,1770341131504_0244_1085_11-016.jpg,1770341131504_0244_1085_11-016.json,10,RDC_SKU,,needs_review,,,,2321,717,2466,771,research_outputs/golden_dataset_local_tests/crops/1770341131504_0244_1085_11-016/010_RDC_SKU_2321_717_2466_771.jpg,research_outputs/golden_dataset_local_tests/label_overlays_expected_sku/1770341131504_0244_1085_11-016_labels.jpg,yes,1010401992,-10.0:1010401992|-5.0:1010401992|0.0:1010401992|5.0:1010401992|10.0:1010401992|180.0:1010401992,,
1770341131504_0244_1085_11-016.jpg|RDC_SKU|1964|2346|2120|2390,1770341131504_0244_1085_11-016.jpg,1770341131504_0244_1085_11-016.json,26,RDC_SKU,,needs_review,,,,1964,2346,2120,2390,research_outputs/golden_dataset_local_tests/crops/1770341131504_0244_1085_11-016/026_RDC_SKU_1964_2346_2120_2390.jpg,research_outputs/golden_dataset_local_tests/label_overlays_expected_sku/1770341131504_0244_1085_11-016_labels.jpg,yes,,,,
1770341131504_0244_1085_11-016.jpg|RDC_SKU|2282|2354|2444|2401,1770341131504_0244_1085_11-016.jpg,1770341131504_0244_1085_11-016.json,28,RDC_SKU,,needs_review,,,,2282,2354,2444,2401,research_outputs/golden_dataset_local_tests/crops/1770341131504_0244_1085_11-016/028_RDC_SKU_2282_2354_2444_2401.jpg,research_outputs/golden_dataset_local_tests/label_overlays_expected_sku/1770341131504_0244_1085_11-016_labels.jpg,yes,959715,-10.0:959715|-5.0:959715|0.0:959715|5.0:959715|10.0:959715|180.0:959715,,
1770341131504_0244_1085_11-016.jpg|RDC_SKU|3001|2814|3164|2885,1770341131504_0244_1085_11-016.jpg,1770341131504_0244_1085_11-016.json,43,RDC_SKU,,needs_review,,,,3001,2814,3164,2885,research_outputs/golden_dataset_local_tests/crops/1770341131504_0244_1085_11-016/043_RDC_SKU_3001_2814_3164_2885.jpg,research_outputs/golden_dataset_local_tests/label_overlays_expected_sku/1770341131504_0244_1085_11-016_labels.jpg,yes,512088,-10.0:512088|-5.0:512088|0.0:512088|5.0:512088|10.0:512088|180.0:512088,,
1770341131504_0244_1085_11-016.jpg|RDC_SKU|2883|3338|3040|3400,1770341131504_0244_1085_11-016.jpg,1770341131504_0244_1085_11-016.json,46,RDC_SKU,,needs_review,,,,2883,3338,3040,3400,research_outputs/golden_dataset_local_tests/crops/1770341131504_0244_1085_11-016/046_RDC_SKU_2883_3338_3040_3400.jpg,research_outputs/golden_dataset_local_tests/label_overlays_expected_sku/1770341131504_0244_1085_11-016_labels.jpg,yes,512088,-10.0:512088|-5.0:512088|0.0:512088|5.0:512088|10.0:512088|180.0:512088,,
1770341131504_0244_1085_11-016.jpg|Handwritte_SKU|1475|1578|1648|1635,1770341131504_0244_1085_11-016.jpg,1770341131504_0244_1085_11-016.json,81,Handwritte_SKU,,needs_review,,,,1475,1578,1648,1635,research_outputs/golden_dataset_local_tests/crops/1770341131504_0244_1085_11-016/081_Handwritte_SKU_1475_1578_1648_1635.jpg,research_outputs/golden_dataset_local_tests/label_overlays_expected_sku/1770341131504_0244_1085_11-016_labels.jpg,yes,200001,10.0:510000,,
1770341131504_0244_1085_11-016.jpg|Handwritte_SKU|3825|3546|4099|3653,1770341131504_0244_1085_11-016.jpg,1770341131504_0244_1085_11-016.json,167,Handwritte_SKU,,needs_review,,,,3825,3546,4099,3653,research_outputs/golden_dataset_local_tests/crops/1770341131504_0244_1085_11-016/167_Handwritte_SKU_3825_3546_4099_3653.jpg,research_outputs/golden_dataset_local_tests/label_overlays_expected_sku/1770341131504_0244_1085_11-016_labels.jpg,yes,,,,
1770341131504_0244_1087_11-015.jpg|Pallet_SKU|2063|736|2467|823,1770341131504_0244_1087_11-015.jpg,1770341131504_0244_1087_11-015.json,0,Pallet_SKU,,needs_review,,,,2063,736,2467,823,research_outputs/golden_dataset_local_tests/crops/1770341131504_0244_1087_11-015/000_Pallet_SKU_2063_736_2467_823.jpg,research_outputs/golden_dataset_local_tests/label_overlays_expected_sku/1770341131504_0244_1087_11-015_labels.jpg,yes,1005814565,-10.0:1005814565|-5.0:1005814565|0.0:1005814565|5.0:1005814565|10.0:1005814565|180.0:1005814565,,
1770341131504_0244_1087_11-015.jpg|Pallet_SKU|3852|461|4317|537,1770341131504_0244_1087_11-015.jpg,1770341131504_0244_1087_11-015.json,2,Pallet_SKU,,needs_review,,,,3852,461,4317,537,research_outputs/golden_dataset_local_tests/crops/1770341131504_0244_1087_11-015/002_Pallet_SKU_3852_461_4317_537.jpg,research_outputs/golden_dataset_local_tests/label_overlays_expected_sku/1770341131504_0244_1087_11-015_labels.jpg,yes,1002422678,-10.0:1002422678|-5.0:1002422678|0.0:1002422678|5.0:1002422678|10.0:1002422678|180.0:1002422678,,
1770341131504_0244_1087_11-015.jpg|RDC_SKU|3750|1418|3918|1466,1770341131504_0244_1087_11-015.jpg,1770341131504_0244_1087_11-015.json,4,RDC_SKU,,needs_review,,,,3750,1418,3918,1466,research_outputs/golden_dataset_local_tests/crops/1770341131504_0244_1087_11-015/004_RDC_SKU_3750_1418_3918_1466.jpg,research_outputs/golden_dataset_local_tests/label_overlays_expected_sku/1770341131504_0244_1087_11-015_labels.jpg,yes,263634,-10.0:263534|-5.0:263534|0.0:263634|5.0:263634|10.0:263634|180.0:263634,,
1770341131504_0244_1087_11-015.jpg|RDC_SKU|4491|1326|4666|1382,1770341131504_0244_1087_11-015.jpg,1770341131504_0244_1087_11-015.json,8,RDC_SKU,,needs_review,,,,4491,1326,4666,1382,research_outputs/golden_dataset_local_tests/crops/1770341131504_0244_1087_11-015/008_RDC_SKU_4491_1326_4666_1382.jpg,research_outputs/golden_dataset_local_tests/label_overlays_expected_sku/1770341131504_0244_1087_11-015_labels.jpg,yes,,,,
1770341131504_0244_1087_11-015.jpg|RDC_SKU|4612|1748|4778|1806,1770341131504_0244_1087_11-015.jpg,1770341131504_0244_1087_11-015.json,10,RDC_SKU,,needs_review,,,,4612,1748,4778,1806,research_outputs/golden_dataset_local_tests/crops/1770341131504_0244_1087_11-015/010_RDC_SKU_4612_1748_4778_1806.jpg,research_outputs/golden_dataset_local_tests/label_overlays_expected_sku/1770341131504_0244_1087_11-015_labels.jpg,yes,262908,-10.0:262908|-5.0:262908|0.0:262908|5.0:806232|180.0:262908,,
1770341131504_0244_1087_11-015.jpg|RDC_SKU|4189|1839|4344|1899,1770341131504_0244_1087_11-015.jpg,1770341131504_0244_1087_11-015.json,12,RDC_SKU,,needs_review,,,,4189,1839,4344,1899,research_outputs/golden_dataset_local_tests/crops/1770341131504_0244_1087_11-015/012_RDC_SKU_4189_1839_4344_1899.jpg,research_outputs/golden_dataset_local_tests/label_overlays_expected_sku/1770341131504_0244_1087_11-015_labels.jpg,yes,163634,-5.0:163634|0.0:763037|5.0:163634|10.0:763097|180.0:763037,,
1770341131504_0244_1087_11-015.jpg|RDC_SKU|3797|1828|3947|1889,1770341131504_0244_1087_11-015.jpg,1770341131504_0244_1087_11-015.json,14,RDC_SKU,,needs_review,,,,3797,1828,3947,1889,research_outputs/golden_dataset_local_tests/crops/1770341131504_0244_1087_11-015/014_RDC_SKU_3797_1828_3947_1889.jpg,research_outputs/golden_dataset_local_tests/label_overlays_expected_sku/1770341131504_0244_1087_11-015_labels.jpg,yes,253634,-10.0:263634|-5.0:263634|0.0:253634|5.0:263634|10.0:263634|180.0:799097,,
1770341131504_0244_1087_11-015.jpg|RDC_SKU|3363|1837|3505|1892,1770341131504_0244_1087_11-015.jpg,1770341131504_0244_1087_11-015.json,16,RDC_SKU,,needs_review,,,,3363,1837,3505,1892,research_outputs/golden_dataset_local_tests/crops/1770341131504_0244_1087_11-015/016_RDC_SKU_3363_1837_3505_1892.jpg,research_outputs/golden_dataset_local_tests/label_overlays_expected_sku/1770341131504_0244_1087_11-015_labels.jpg,yes,263634,-10.0:263634|-5.0:263634|0.0:263634|5.0:263634|10.0:263634|180.0:263634,,
1770341131504_0244_1087_11-015.jpg|RDC_SKU|4701|2249|4870|2318,1770341131504_0244_1087_11-015.jpg,1770341131504_0244_1087_11-015.json,18,RDC_SKU,,needs_review,,,,4701,2249,4870,2318,research_outputs/golden_dataset_local_tests/crops/1770341131504_0244_1087_11-015/018_RDC_SKU_4701_2249_4870_2318.jpg,research_outputs/golden_dataset_local_tests/label_overlays_expected_sku/1770341131504_0244_1087_11-015_labels.jpg,yes,,,,
1770341131504_0244_1087_11-015.jpg|RDC_SKU|3851|2313|4011|2366,1770341131504_0244_1087_11-015.jpg,1770341131504_0244_1087_11-015.json,20,RDC_SKU,,needs_review,,,,3851,2313,4011,2366,research_outputs/golden_dataset_local_tests/crops/1770341131504_0244_1087_11-015/020_RDC_SKU_3851_2313_4011_2366.jpg,research_outputs/golden_dataset_local_tests/label_overlays_expected_sku/1770341131504_0244_1087_11-015_labels.jpg,yes,263634,-10.0:263634|-5.0:263634|0.0:263634|5.0:263634|10.0:263634|180.0:263634,,
1770341131504_0244_1087_11-015.jpg|RDC_SKU|3430|2411|3567|2463,1770341131504_0244_1087_11-015.jpg,1770341131504_0244_1087_11-015.json,22,RDC_SKU,,needs_review,,,,3430,2411,3567,2463,research_outputs/golden_dataset_local_tests/crops/1770341131504_0244_1087_11-015/022_RDC_SKU_3430_2411_3567_2463.jpg,research_outputs/golden_dataset_local_tests/label_overlays_expected_sku/1770341131504_0244_1087_11-015_labels.jpg,yes,263634,-10.0:263634|-5.0:263634|0.0:263634|5.0:263634|10.0:263634|180.0:263634,,
1770341131504_0244_1087_11-015.jpg|RDC_SKU|3015|2406|3191|2469,1770341131504_0244_1087_11-015.jpg,1770341131504_0244_1087_11-015.json,24,RDC_SKU,,needs_review,,,,3015,2406,3191,2469,research_outputs/golden_dataset_local_tests/crops/1770341131504_0244_1087_11-015/024_RDC_SKU_3015_2406_3191_2469.jpg,research_outputs/golden_dataset_local_tests/label_overlays_expected_sku/1770341131504_0244_1087_11-015_labels.jpg,yes,263634,-10.0:769692|-5.0:263634|0.0:263634|5.0:263634|10.0:263634|180.0:263634,,
1770341131504_0244_1087_11-015.jpg|Printed_on_Box_SKU|3430|2322|3558|2375,1770341131504_0244_1087_11-015.jpg,1770341131504_0244_1087_11-015.json,77,Printed_on_Box_SKU,,needs_review,,,,3430,2322,3558,2375,research_outputs/golden_dataset_local_tests/crops/1770341131504_0244_1087_11-015/077_Printed_on_Box_SKU_3430_2322_3558_2375.jpg,research_outputs/golden_dataset_local_tests/label_overlays_expected_sku/1770341131504_0244_1087_11-015_labels.jpg,yes,263634,-10.0:263634|-5.0:263634|0.0:263634|5.0:263634|10.0:263634|180.0:263634,,
1770341131504_0244_1087_11-015.jpg|Printed_on_Box_SKU|4201|1771|4327|1821,1770341131504_0244_1087_11-015.jpg,1770341131504_0244_1087_11-015.json,79,Printed_on_Box_SKU,,needs_review,,,,4201,1771,4327,1821,research_outputs/golden_dataset_local_tests/crops/1770341131504_0244_1087_11-015/079_Printed_on_Box_SKU_4201_1771_4327_1821.jpg,research_outputs/golden_dataset_local_tests/label_overlays_expected_sku/1770341131504_0244_1087_11-015_labels.jpg,yes,263834,-10.0:263834|-5.0:263834|0.0:260534|5.0:263834|10.0:260834|180.0:260534,,
1770341131504_0244_1087_11-015.jpg|RDC_SKU|4082|1262|4244|1327,1770341131504_0244_1087_11-015.jpg,1770341131504_0244_1087_11-015.json,81,RDC_SKU,,needs_review,,,,4082,1262,4244,1327,research_outputs/golden_dataset_local_tests/crops/1770341131504_0244_1087_11-015/081_RDC_SKU_4082_1262_4244_1327.jpg,research_outputs/golden_dataset_local_tests/label_overlays_expected_sku/1770341131504_0244_1087_11-015_labels.jpg,yes,,,,
1770341131504_0244_1114_11-014.jpg|RDC_SKU|1412|859|1487|988,1770341131504_0244_1114_11-014.jpg,1770341131504_0244_1114_11-014.json,25,RDC_SKU,,needs_review,,,,1412,859,1487,988,research_outputs/golden_dataset_local_tests/crops/1770341131504_0244_1114_11-014/025_RDC_SKU_1412_859_1487_988.jpg,research_outputs/golden_dataset_local_tests/label_overlays_expected_sku/1770341131504_0244_1114_11-014_labels.jpg,yes,1008076600,0.0:1008075690|10.0:1008075000|180.0:1008075690,,
1770341131504_0244_1114_11-014.jpg|RDC_SKU|1460|593|1518|708,1770341131504_0244_1114_11-014.jpg,1770341131504_0244_1114_11-014.json,27,RDC_SKU,,needs_review,,,,1460,593,1518,708,research_outputs/golden_dataset_local_tests/crops/1770341131504_0244_1114_11-014/027_RDC_SKU_1460_593_1518_708.jpg,research_outputs/golden_dataset_local_tests/label_overlays_expected_sku/1770341131504_0244_1114_11-014_labels.jpg,yes,,,,
1770341131504_0244_1114_11-014.jpg|RDC_SKU|1559|357|1631|459,1770341131504_0244_1114_11-014.jpg,1770341131504_0244_1114_11-014.json,29,RDC_SKU,,needs_review,,,,1559,357,1631,459,research_outputs/golden_dataset_local_tests/crops/1770341131504_0244_1114_11-014/029_RDC_SKU_1559_357_1631_459.jpg,research_outputs/golden_dataset_local_tests/label_overlays_expected_sku/1770341131504_0244_1114_11-014_labels.jpg,yes,,,,
1770341131504_0244_1114_11-014.jpg|RDC_SKU|2092|639|2238|683,1770341131504_0244_1114_11-014.jpg,1770341131504_0244_1114_11-014.json,33,RDC_SKU,,needs_review,,,,2092,639,2238,683,research_outputs/golden_dataset_local_tests/crops/1770341131504_0244_1114_11-014/033_RDC_SKU_2092_639_2238_683.jpg,research_outputs/golden_dataset_local_tests/label_overlays_expected_sku/1770341131504_0244_1114_11-014_labels.jpg,yes,,,,
1770341131504_0244_1114_11-014.jpg|RDC_SKU|2112|499|2254|552,1770341131504_0244_1114_11-014.jpg,1770341131504_0244_1114_11-014.json,35,RDC_SKU,,needs_review,,,,2112,499,2254,552,research_outputs/golden_dataset_local_tests/crops/1770341131504_0244_1114_11-014/035_RDC_SKU_2112_499_2254_552.jpg,research_outputs/golden_dataset_local_tests/label_overlays_expected_sku/1770341131504_0244_1114_11-014_labels.jpg,yes,,,,
1770341131504_0244_1114_11-014.jpg|RDC_SKU|3023|896|3173|939,1770341131504_0244_1114_11-014.jpg,1770341131504_0244_1114_11-014.json,38,RDC_SKU,,needs_review,,,,3023,896,3173,939,research_outputs/golden_dataset_local_tests/crops/1770341131504_0244_1114_11-014/038_RDC_SKU_3023_896_3173_939.jpg,research_outputs/golden_dataset_local_tests/label_overlays_expected_sku/1770341131504_0244_1114_11-014_labels.jpg,yes,1002847413,-10.0:1002847413|-5.0:1002847413|0.0:1002847413|5.0:1002847413|10.0:782001|180.0:1002847413,,
1770341131504_0244_1114_11-014.jpg|RDC_SKU|2984|553|3133|600,1770341131504_0244_1114_11-014.jpg,1770341131504_0244_1114_11-014.json,40,RDC_SKU,,needs_review,,,,2984,553,3133,600,research_outputs/golden_dataset_local_tests/crops/1770341131504_0244_1114_11-014/040_RDC_SKU_2984_553_3133_600.jpg,research_outputs/golden_dataset_local_tests/label_overlays_expected_sku/1770341131504_0244_1114_11-014_labels.jpg,yes,1002847413,-10.0:1002847413|-5.0:1002847413|0.0:1002847413|5.0:1002847413|10.0:1002847413|180.0:1002847413,,
1770341131504_0244_1114_11-014.jpg|RDC_SKU|2979|250|3119|288,1770341131504_0244_1114_11-014.jpg,1770341131504_0244_1114_11-014.json,42,RDC_SKU,,needs_review,,,,2979,250,3119,288,research_outputs/golden_dataset_local_tests/crops/1770341131504_0244_1114_11-014/042_RDC_SKU_2979_250_3119_288.jpg,research_outputs/golden_dataset_local_tests/label_overlays_expected_sku/1770341131504_0244_1114_11-014_labels.jpg,yes,1002847413,0.0:1002847413|10.0:847413|180.0:1002847413,,
1770341131504_0244_1114_11-014.jpg|RDC_SKU|3645|592|3786|639,1770341131504_0244_1114_11-014.jpg,1770341131504_0244_1114_11-014.json,45,RDC_SKU,,needs_review,,,,3645,592,3786,639,research_outputs/golden_dataset_local_tests/crops/1770341131504_0244_1114_11-014/045_RDC_SKU_3645_592_3786_639.jpg,research_outputs/golden_dataset_local_tests/label_overlays_expected_sku/1770341131504_0244_1114_11-014_labels.jpg,yes,1805225413,-10.0:305225|-5.0:225433|0.0:1805225413|5.0:225413|10.0:225413|180.0:1805225413,,
1770341131504_0244_1114_11-014.jpg|RDC_SKU|3669|937|3813|980,1770341131504_0244_1114_11-014.jpg,1770341131504_0244_1114_11-014.json,47,RDC_SKU,,needs_review,,,,3669,937,3813,980,research_outputs/golden_dataset_local_tests/crops/1770341131504_0244_1114_11-014/047_RDC_SKU_3669_937_3813_980.jpg,research_outputs/golden_dataset_local_tests/label_overlays_expected_sku/1770341131504_0244_1114_11-014_labels.jpg,yes,1085225433,-5.0:1005225433|0.0:1005225433|5.0:1085225433|10.0:1005225433|180.0:1005225433,,
1770341131504_0244_1114_11-014.jpg|RDC_SKU|1293|1427|1450|1483,1770341131504_0244_1114_11-014.jpg,1770341131504_0244_1114_11-014.json,49,RDC_SKU,,needs_review,,,,1293,1427,1450,1483,research_outputs/golden_dataset_local_tests/crops/1770341131504_0244_1114_11-014/049_RDC_SKU_1293_1427_1450_1483.jpg,research_outputs/golden_dataset_local_tests/label_overlays_expected_sku/1770341131504_0244_1114_11-014_labels.jpg,yes,1002891118,-10.0:1002091118|-5.0:1002091118|0.0:1002091118|5.0:1002091118|10.0:1002091118|180.0:602001,,
1770341131504_0244_1114_11-014.jpg|RDC_SKU|1526|1244|1680|1290,1770341131504_0244_1114_11-014.jpg,1770341131504_0244_1114_11-014.json,53,RDC_SKU,,needs_review,,,,1526,1244,1680,1290,research_outputs/golden_dataset_local_tests/crops/1770341131504_0244_1114_11-014/053_RDC_SKU_1526_1244_1680_1290.jpg,research_outputs/golden_dataset_local_tests/label_overlays_expected_sku/1770341131504_0244_1114_11-014_labels.jpg,yes,1008876411,-10.0:1008876411|-5.0:1008876411|0.0:1008876411|5.0:1008876411|10.0:1008876411|180.0:1008876411,,
1770341131504_0244_1114_11-014.jpg|RDC_SKU|2063|1382|2216|1426,1770341131504_0244_1114_11-014.jpg,1770341131504_0244_1114_11-014.json,55,RDC_SKU,,needs_review,,,,2063,1382,2216,1426,research_outputs/golden_dataset_local_tests/crops/1770341131504_0244_1114_11-014/055_RDC_SKU_2063_1382_2216_1426.jpg,research_outputs/golden_dataset_local_tests/label_overlays_expected_sku/1770341131504_0244_1114_11-014_labels.jpg,yes,1008875692,-10.0:1008875692|-5.0:1008875692|0.0:1008875692|5.0:1008875692|10.0:1008875692|180.0:1008875692,,
1770341131504_0244_1114_11-014.jpg|RDC_SKU|2211|1682|2379|1730,1770341131504_0244_1114_11-014.jpg,1770341131504_0244_1114_11-014.json,58,RDC_SKU,,needs_review,,,,2211,1682,2379,1730,research_outputs/golden_dataset_local_tests/crops/1770341131504_0244_1114_11-014/058_RDC_SKU_2211_1682_2379_1730.jpg,research_outputs/golden_dataset_local_tests/label_overlays_expected_sku/1770341131504_0244_1114_11-014_labels.jpg,yes,1008875692,-10.0:1008875692|-5.0:1008875692|0.0:1008875692|5.0:1008875692|10.0:1008875692|180.0:1008875692,,
1770341131504_0244_1114_11-014.jpg|RDC_SKU|1644|1755|1807|1833,1770341131504_0244_1114_11-014.jpg,1770341131504_0244_1114_11-014.json,60,RDC_SKU,,needs_review,,,,1644,1755,1807,1833,research_outputs/golden_dataset_local_tests/crops/1770341131504_0244_1114_11-014/060_RDC_SKU_1644_1755_1807_1833.jpg,research_outputs/golden_dataset_local_tests/label_overlays_expected_sku/1770341131504_0244_1114_11-014_labels.jpg,yes,1002093586,-10.0:1002093586|-5.0:1002093586|0.0:1002093586|5.0:1002093586|10.0:1002093586|180.0:1002093586,,
1770341131504_0244_1114_11-014.jpg|RDC_SKU|1373|2428|1542|2499,1770341131504_0244_1114_11-014.jpg,1770341131504_0244_1114_11-014.json,65,RDC_SKU,,needs_review,,,,1373,2428,1542,2499,research_outputs/golden_dataset_local_tests/crops/1770341131504_0244_1114_11-014/065_RDC_SKU_1373_2428_1542_2499.jpg,research_outputs/golden_dataset_local_tests/label_overlays_expected_sku/1770341131504_0244_1114_11-014_labels.jpg,yes,3898602001,-10.0:1002093586|-5.0:1002093585|0.0:1002093586|5.0:3898602001|10.0:1002093586|180.0:3898602001,,
1770341131504_0244_1114_11-014.jpg|RDC_SKU|2226|2321|2408|2379,1770341131504_0244_1114_11-014.jpg,1770341131504_0244_1114_11-014.json,67,RDC_SKU,,needs_review,,,,2226,2321,2408,2379,research_outputs/golden_dataset_local_tests/crops/1770341131504_0244_1114_11-014/067_RDC_SKU_2226_2321_2408_2379.jpg,research_outputs/golden_dataset_local_tests/label_overlays_expected_sku/1770341131504_0244_1114_11-014_labels.jpg,yes,1002093250,-10.0:1002093250|-5.0:1002093250|0.0:1002093250|5.0:1002093250|10.0:1002093250|180.0:1002093250,,
1770341131504_0244_1114_11-014.jpg|RDC_SKU|2654|1859|2715|2026,1770341131504_0244_1114_11-014.jpg,1770341131504_0244_1114_11-014.json,72,RDC_SKU,,needs_review,,,,2654,1859,2715,2026,research_outputs/golden_dataset_local_tests/crops/1770341131504_0244_1114_11-014/072_RDC_SKU_2654_1859_2715_2026.jpg,research_outputs/golden_dataset_local_tests/label_overlays_expected_sku/1770341131504_0244_1114_11-014_labels.jpg,yes,1008875687,0.0:1008875687|5.0:1008875687|10.0:1008875687|180.0:1008875687,,
1770341131504_0244_1114_11-014.jpg|RDC_SKU|2813|2506|2986|2563,1770341131504_0244_1114_11-014.jpg,1770341131504_0244_1114_11-014.json,74,RDC_SKU,,needs_review,,,,2813,2506,2986,2563,research_outputs/golden_dataset_local_tests/crops/1770341131504_0244_1114_11-014/074_RDC_SKU_2813_2506_2986_2563.jpg,research_outputs/golden_dataset_local_tests/label_overlays_expected_sku/1770341131504_0244_1114_11-014_labels.jpg,yes,1008875687,-10.0:1008875687|-5.0:1008875687|0.0:1008875687|5.0:1008875687|10.0:1008875687|180.0:1008875687,,
1770341131504_0244_1114_11-014.jpg|RDC_SKU|2795|2194|2967|2244,1770341131504_0244_1114_11-014.jpg,1770341131504_0244_1114_11-014.json,76,RDC_SKU,,needs_review,,,,2795,2194,2967,2244,research_outputs/golden_dataset_local_tests/crops/1770341131504_0244_1114_11-014/076_RDC_SKU_2795_2194_2967_2244.jpg,research_outputs/golden_dataset_local_tests/label_overlays_expected_sku/1770341131504_0244_1114_11-014_labels.jpg,yes,1008875687,-10.0:1008875687|-5.0:1008875687|0.0:1008875687|5.0:1008875687|10.0:1008875687|180.0:1008875687,,
1770341131504_0244_1114_11-014.jpg|RDC_SKU|2821|1941|2992|2005,1770341131504_0244_1114_11-014.jpg,1770341131504_0244_1114_11-014.json,78,RDC_SKU,,needs_review,,,,2821,1941,2992,2005,research_outputs/golden_dataset_local_tests/crops/1770341131504_0244_1114_11-014/078_RDC_SKU_2821_1941_2992_2005.jpg,research_outputs/golden_dataset_local_tests/label_overlays_expected_sku/1770341131504_0244_1114_11-014_labels.jpg,yes,1008875687,-10.0:1008875687|-5.0:1008875687|0.0:1008875687|5.0:1008875687|10.0:1008875687|180.0:1008875687,,
1770341131504_0244_1114_11-014.jpg|RDC_SKU|3136|2611|3313|2667,1770341131504_0244_1114_11-014.jpg,1770341131504_0244_1114_11-014.json,80,RDC_SKU,,needs_review,,,,3136,2611,3313,2667,research_outputs/golden_dataset_local_tests/crops/1770341131504_0244_1114_11-014/080_RDC_SKU_3136_2611_3313_2667.jpg,research_outputs/golden_dataset_local_tests/label_overlays_expected_sku/1770341131504_0244_1114_11-014_labels.jpg,yes,1008875687,-10.0:1008875687|-5.0:1008875687|0.0:1008875687|5.0:1008875687|10.0:1008875687|180.0:1699188001,,
1770341131504_0244_1114_11-014.jpg|RDC_SKU|3128|2291|3298|2342,1770341131504_0244_1114_11-014.jpg,1770341131504_0244_1114_11-014.json,83,RDC_SKU,,needs_review,,,,3128,2291,3298,2342,research_outputs/golden_dataset_local_tests/crops/1770341131504_0244_1114_11-014/083_RDC_SKU_3128_2291_3298_2342.jpg,research_outputs/golden_dataset_local_tests/label_overlays_expected_sku/1770341131504_0244_1114_11-014_labels.jpg,yes,1008875687,-10.0:1008875687|-5.0:1008875687|0.0:1008875687|5.0:1008875687|10.0:1008875687|180.0:1008875687,,
1770341131504_0244_1114_11-014.jpg|RDC_SKU|3136|1991|3300|2054,1770341131504_0244_1114_11-014.jpg,1770341131504_0244_1114_11-014.json,85,RDC_SKU,,needs_review,,,,3136,1991,3300,2054,research_outputs/golden_dataset_local_tests/crops/1770341131504_0244_1114_11-014/085_RDC_SKU_3136_1991_3300_2054.jpg,research_outputs/golden_dataset_local_tests/label_overlays_expected_sku/1770341131504_0244_1114_11-014_labels.jpg,yes,1008875687,-10.0:1008875687|-5.0:1008875687|0.0:1008875687|5.0:1008875687|10.0:1008875687|180.0:1008875687,,
1770341131504_0244_1114_11-014.jpg|RDC_SKU|3569|2419|3739|2471,1770341131504_0244_1114_11-014.jpg,1770341131504_0244_1114_11-014.json,87,RDC_SKU,,needs_review,,,,3569,2419,3739,2471,research_outputs/golden_dataset_local_tests/crops/1770341131504_0244_1114_11-014/087_RDC_SKU_3569_2419_3739_2471.jpg,research_outputs/golden_dataset_local_tests/label_overlays_expected_sku/1770341131504_0244_1114_11-014_labels.jpg,yes,1008875686,-10.0:1008875686|-5.0:1008875686|0.0:1008875686|5.0:1008875686|10.0:1008875686|180.0:1008875686,,
1770341131504_0244_1114_11-014.jpg|RDC_SKU|3630|2040|3790|2092,1770341131504_0244_1114_11-014.jpg,1770341131504_0244_1114_11-014.json,89,RDC_SKU,,needs_review,,,,3630,2040,3790,2092,research_outputs/golden_dataset_local_tests/crops/1770341131504_0244_1114_11-014/089_RDC_SKU_3630_2040_3790_2092.jpg,research_outputs/golden_dataset_local_tests/label_overlays_expected_sku/1770341131504_0244_1114_11-014_labels.jpg,yes,1008876625,-5.0:1008876625|0.0:1008876625|10.0:1008876625|180.0:1008876625,,
1770341131504_0244_1114_11-014.jpg|RDC_SKU|3572|1747|3731|1794,1770341131504_0244_1114_11-014.jpg,1770341131504_0244_1114_11-014.json,91,RDC_SKU,,needs_review,,,,3572,1747,3731,1794,research_outputs/golden_dataset_local_tests/crops/1770341131504_0244_1114_11-014/091_RDC_SKU_3572_1747_3731_1794.jpg,research_outputs/golden_dataset_local_tests/label_overlays_expected_sku/1770341131504_0244_1114_11-014_labels.jpg,yes,565000,,,
1770341131504_0244_1114_11-014.jpg|RDC_SKU|4194|1659|4340|1703,1770341131504_0244_1114_11-014.jpg,1770341131504_0244_1114_11-014.json,93,RDC_SKU,,needs_review,,,,4194,1659,4340,1703,research_outputs/golden_dataset_local_tests/crops/1770341131504_0244_1114_11-014/093_RDC_SKU_4194_1659_4340_1703.jpg,research_outputs/golden_dataset_local_tests/label_overlays_expected_sku/1770341131504_0244_1114_11-014_labels.jpg,yes,502001,-5.0:502001,,
1770341131504_0244_1114_11-014.jpg|RDC_SKU|4182|2168|4333|2240,1770341131504_0244_1114_11-014.jpg,1770341131504_0244_1114_11-014.json,95,RDC_SKU,,needs_review,,,,4182,2168,4333,2240,research_outputs/golden_dataset_local_tests/crops/1770341131504_0244_1114_11-014/095_RDC_SKU_4182_2168_4333_2240.jpg,research_outputs/golden_dataset_local_tests/label_overlays_expected_sku/1770341131504_0244_1114_11-014_labels.jpg,yes,7002083652,-10.0:1002083658|-5.0:1002083688|10.0:7002083652,,
1770341131504_0244_1114_11-014.jpg|RDC_SKU|4645|2445|4697|2617,1770341131504_0244_1114_11-014.jpg,1770341131504_0244_1114_11-014.json,97,RDC_SKU,,needs_review,,,,4645,2445,4697,2617,research_outputs/golden_dataset_local_tests/crops/1770341131504_0244_1114_11-014/097_RDC_SKU_4645_2445_4697_2617.jpg,research_outputs/golden_dataset_local_tests/label_overlays_expected_sku/1770341131504_0244_1114_11-014_labels.jpg,yes,1008256303,-10.0:256303|0.0:256303|5.0:1008256303|10.0:1008256303|180.0:1008256303,,
1770341131504_0244_1114_11-014.jpg|RDC_SKU|1142|856|1197|978,1770341131504_0244_1114_11-014.jpg,1770341131504_0244_1114_11-014.json,112,RDC_SKU,,needs_review,,,,1142,856,1197,978,research_outputs/golden_dataset_local_tests/crops/1770341131504_0244_1114_11-014/112_RDC_SKU_1142_856_1197_978.jpg,research_outputs/golden_dataset_local_tests/label_overlays_expected_sku/1770341131504_0244_1114_11-014_labels.jpg,yes,,,,
1770341131504_0244_1114_11-014.jpg|RDC_SKU|1682|637|1825|693,1770341131504_0244_1114_11-014.jpg,1770341131504_0244_1114_11-014.json,113,RDC_SKU,,needs_review,,,,1682,637,1825,693,research_outputs/golden_dataset_local_tests/crops/1770341131504_0244_1114_11-014/113_RDC_SKU_1682_637_1825_693.jpg,research_outputs/golden_dataset_local_tests/label_overlays_expected_sku/1770341131504_0244_1114_11-014_labels.jpg,yes,,,,
1770341131504_0244_1114_11-014.jpg|RDC_SKU|1187|580|1246|695,1770341131504_0244_1114_11-014.jpg,1770341131504_0244_1114_11-014.json,133,RDC_SKU,,needs_review,,,,1187,580,1246,695,research_outputs/golden_dataset_local_tests/crops/1770341131504_0244_1114_11-014/133_RDC_SKU_1187_580_1246_695.jpg,research_outputs/golden_dataset_local_tests/label_overlays_expected_sku/1770341131504_0244_1114_11-014_labels.jpg,yes,,,,
1770341131504_0244_1114_11-014.jpg|Printed_on_Box_SKU|3005|606|3169|643,1770341131504_0244_1114_11-014.jpg,1770341131504_0244_1114_11-014.json,245,Printed_on_Box_SKU,,needs_review,,,,3005,606,3169,643,research_outputs/golden_dataset_local_tests/crops/1770341131504_0244_1114_11-014/245_Printed_on_Box_SKU_3005_606_3169_643.jpg,research_outputs/golden_dataset_local_tests/label_overlays_expected_sku/1770341131504_0244_1114_11-014_labels.jpg,yes,1002847413,-10.0:1002847411|-5.0:1002847413|0.0:1002847413|5.0:1002847413|10.0:1002847413|180.0:1002847413,,
1770341131504_0244_1114_11-014.jpg|Printed_on_Box_SKU|3005|948|3173|988,1770341131504_0244_1114_11-014.jpg,1770341131504_0244_1114_11-014.json,247,Printed_on_Box_SKU,,needs_review,,,,3005,948,3173,988,research_outputs/golden_dataset_local_tests/crops/1770341131504_0244_1114_11-014/247_Printed_on_Box_SKU_3005_948_3173_988.jpg,research_outputs/golden_dataset_local_tests/label_overlays_expected_sku/1770341131504_0244_1114_11-014_labels.jpg,yes,1002847413,-10.0:1002847413|-5.0:1002847413|0.0:1002847413|5.0:1002847413|10.0:1002847413|180.0:1002847413,,
1770341131504_0244_1114_11-014.jpg|Printed_on_Box_SKU|3705|1004|3868|1048,1770341131504_0244_1114_11-014.jpg,1770341131504_0244_1114_11-014.json,248,Printed_on_Box_SKU,,needs_review,,,,3705,1004,3868,1048,research_outputs/golden_dataset_local_tests/crops/1770341131504_0244_1114_11-014/248_Printed_on_Box_SKU_3705_1004_3868_1048.jpg,research_outputs/golden_dataset_local_tests/label_overlays_expected_sku/1770341131504_0244_1114_11-014_labels.jpg,yes,1005225433,-10.0:1005225433|-5.0:1005225433|0.0:1005225433|5.0:1005225433|10.0:1005225433|180.0:1005225433,,
1770341131504_0244_1114_11-014.jpg|Printed_on_Box_SKU|2992|299|3150|338,1770341131504_0244_1114_11-014.jpg,1770341131504_0244_1114_11-014.json,251,Printed_on_Box_SKU,,needs_review,,,,2992,299,3150,338,research_outputs/golden_dataset_local_tests/crops/1770341131504_0244_1114_11-014/251_Printed_on_Box_SKU_2992_299_3150_338.jpg,research_outputs/golden_dataset_local_tests/label_overlays_expected_sku/1770341131504_0244_1114_11-014_labels.jpg,yes,1002147413,-10.0:1002147413|-5.0:1002147413|0.0:1002747413|5.0:1002147413|10.0:1002147413|180.0:1002747413,,
1770341131504_0244_1114_11-014.jpg|Printed_on_Box_SKU|3674|656|3828|705,1770341131504_0244_1114_11-014.jpg,1770341131504_0244_1114_11-014.json,253,Printed_on_Box_SKU,,needs_review,,,,3674,656,3828,705,research_outputs/golden_dataset_local_tests/crops/1770341131504_0244_1114_11-014/253_Printed_on_Box_SKU_3674_656_3828_705.jpg,research_outputs/golden_dataset_local_tests/label_overlays_expected_sku/1770341131504_0244_1114_11-014_labels.jpg,yes,1096225433,-10.0:1095225433|-5.0:1095225433|0.0:1095225433|5.0:1095225433|10.0:1095225433|180.0:1095225433,,
1770341131504_0244_1114_11-014.jpg|Printed_on_Box_SKU|3615|340|3767|383,1770341131504_0244_1114_11-014.jpg,1770341131504_0244_1114_11-014.json,255,Printed_on_Box_SKU,,needs_review,,,,3615,340,3767,383,research_outputs/golden_dataset_local_tests/crops/1770341131504_0244_1114_11-014/255_Printed_on_Box_SKU_3615_340_3767_383.jpg,research_outputs/golden_dataset_local_tests/label_overlays_expected_sku/1770341131504_0244_1114_11-014_labels.jpg,yes,1002947413,-10.0:1002947413|-5.0:1002947413|10.0:1002947412,,
1770341131504_0244_1114_11-014.jpg|Printed_on_Box_SKU|2982|19|3129|56,1770341131504_0244_1114_11-014.jpg,1770341131504_0244_1114_11-014.json,257,Printed_on_Box_SKU,,needs_review,,,,2982,19,3129,56,research_outputs/golden_dataset_local_tests/crops/1770341131504_0244_1114_11-014/257_Printed_on_Box_SKU_2982_19_3129_56.jpg,research_outputs/golden_dataset_local_tests/label_overlays_expected_sku/1770341131504_0244_1114_11-014_labels.jpg,yes,,,,
1770341131504_0244_1114_11-014.jpg|RDC_SKU|1201|2360|1265|2534,1770341131504_0244_1114_11-014.jpg,1770341131504_0244_1114_11-014.json,260,RDC_SKU,,needs_review,,,,1201,2360,1265,2534,research_outputs/golden_dataset_local_tests/crops/1770341131504_0244_1114_11-014/260_RDC_SKU_1201_2360_1265_2534.jpg,research_outputs/golden_dataset_local_tests/label_overlays_expected_sku/1770341131504_0244_1114_11-014_labels.jpg,yes,1002091118,-10.0:020911|-5.0:020911|0.0:1002091118|5.0:1002091118|10.0:1002091118|180.0:002091,,
1770341131504_0244_1116_11-013.jpg|Pallet_SKU|1665|877|1977|995,1770341131504_0244_1116_11-013.jpg,1770341131504_0244_1116_11-013.json,0,Pallet_SKU,,needs_review,,,,1665,877,1977,995,research_outputs/golden_dataset_local_tests/crops/1770341131504_0244_1116_11-013/000_Pallet_SKU_1665_877_1977_995.jpg,research_outputs/golden_dataset_local_tests/label_overlays_expected_sku/1770341131504_0244_1116_11-013_labels.jpg,yes,1006800232,-10.0:1006800232|-5.0:1006800232|0.0:1006800232|5.0:1006800232|10.0:1006800232|180.0:1006800232,,
1770341131504_0244_1116_11-013.jpg|Handwritte_SKU|2621|1716|2772|1764,1770341131504_0244_1116_11-013.jpg,1770341131504_0244_1116_11-013.json,6,Handwritte_SKU,,needs_review,,,,2621,1716,2772,1764,research_outputs/golden_dataset_local_tests/crops/1770341131504_0244_1116_11-013/006_Handwritte_SKU_2621_1716_2772_1764.jpg,research_outputs/golden_dataset_local_tests/label_overlays_expected_sku/1770341131504_0244_1116_11-013_labels.jpg,yes,989984,-10.0:989984|-5.0:989984|0.0:789984|5.0:789984|10.0:989984|180.0:989984,,
1770341131504_0244_1116_11-013.jpg|RDC_SKU|2984|1632|3145|1691,1770341131504_0244_1116_11-013.jpg,1770341131504_0244_1116_11-013.json,8,RDC_SKU,,needs_review,,,,2984,1632,3145,1691,research_outputs/golden_dataset_local_tests/crops/1770341131504_0244_1116_11-013/008_RDC_SKU_2984_1632_3145_1691.jpg,research_outputs/golden_dataset_local_tests/label_overlays_expected_sku/1770341131504_0244_1116_11-013_labels.jpg,yes,1008974350,-10.0:1008974350|-5.0:1008974350|0.0:1008974350|5.0:1008974350|10.0:1008974350|180.0:1008974350,,
1770341131504_0244_1116_11-013.jpg|Printed_on_Box_SKU|2981|1540|3189|1600,1770341131504_0244_1116_11-013.jpg,1770341131504_0244_1116_11-013.json,11,Printed_on_Box_SKU,,needs_review,,,,2981,1540,3189,1600,research_outputs/golden_dataset_local_tests/crops/1770341131504_0244_1116_11-013/011_Printed_on_Box_SKU_2981_1540_3189_1600.jpg,research_outputs/golden_dataset_local_tests/label_overlays_expected_sku/1770341131504_0244_1116_11-013_labels.jpg,yes,1008974350,-10.0:1008974350|-5.0:1008974350|0.0:1008974350|5.0:1008974350|10.0:1008974350|180.0:1008974350,,
1770341131504_0244_1116_11-013.jpg|Printed_on_Box_SKU|3010|1849|3230|1916,1770341131504_0244_1116_11-013.jpg,1770341131504_0244_1116_11-013.json,13,Printed_on_Box_SKU,,needs_review,,,,3010,1849,3230,1916,research_outputs/golden_dataset_local_tests/crops/1770341131504_0244_1116_11-013/013_Printed_on_Box_SKU_3010_1849_3230_1916.jpg,research_outputs/golden_dataset_local_tests/label_overlays_expected_sku/1770341131504_0244_1116_11-013_labels.jpg,yes,1007789943,-10.0:1007789943|-5.0:1007789943|0.0:1007789943|5.0:1007789943|10.0:1007789943|180.0:1007789943,,
1770341131504_0244_1116_11-013.jpg|Printed_on_Box_SKU|2511|1858|2770|1934,1770341131504_0244_1116_11-013.jpg,1770341131504_0244_1116_11-013.json,15,Printed_on_Box_SKU,,needs_review,,,,2511,1858,2770,1934,research_outputs/golden_dataset_local_tests/crops/1770341131504_0244_1116_11-013/015_Printed_on_Box_SKU_2511_1858_2770_1934.jpg,research_outputs/golden_dataset_local_tests/label_overlays_expected_sku/1770341131504_0244_1116_11-013_labels.jpg,yes,1005575683,-10.0:1005575683|-5.0:1005575683|0.0:1005575683|5.0:1005575683|10.0:1005575683|180.0:1005575683,,
1770341131504_0244_1116_11-013.jpg|Printed_on_Box_SKU|1901|1910|2146|1983,1770341131504_0244_1116_11-013.jpg,1770341131504_0244_1116_11-013.json,17,Printed_on_Box_SKU,,needs_review,,,,1901,1910,2146,1983,research_outputs/golden_dataset_local_tests/crops/1770341131504_0244_1116_11-013/017_Printed_on_Box_SKU_1901_1910_2146_1983.jpg,research_outputs/golden_dataset_local_tests/label_overlays_expected_sku/1770341131504_0244_1116_11-013_labels.jpg,yes,1007789984,-10.0:1007789984|-5.0:1007789984|0.0:1007789984|5.0:1007789984|10.0:1007789984|180.0:1007789984,,
1770341131504_0244_1116_11-013.jpg|RDC_SKU|3622|1789|3786|1837,1770341131504_0244_1116_11-013.jpg,1770341131504_0244_1116_11-013.json,21,RDC_SKU,,needs_review,,,,3622,1789,3786,1837,research_outputs/golden_dataset_local_tests/crops/1770341131504_0244_1116_11-013/021_RDC_SKU_3622_1789_3786_1837.jpg,research_outputs/golden_dataset_local_tests/label_overlays_expected_sku/1770341131504_0244_1116_11-013_labels.jpg,yes,1007789984,-10.0:1007789984|-5.0:1007789984|0.0:1007789984|5.0:1007789984|10.0:1007789984|180.0:1007789984,,
1770341131504_0244_1116_11-013.jpg|Printed_on_Box_SKU|4042|1717|4319|1792,1770341131504_0244_1116_11-013.jpg,1770341131504_0244_1116_11-013.json,23,Printed_on_Box_SKU,,needs_review,,,,4042,1717,4319,1792,research_outputs/golden_dataset_local_tests/crops/1770341131504_0244_1116_11-013/023_Printed_on_Box_SKU_4042_1717_4319_1792.jpg,research_outputs/golden_dataset_local_tests/label_overlays_expected_sku/1770341131504_0244_1116_11-013_labels.jpg,yes,1002708056,-10.0:1002708056|-5.0:1002708056|0.0:1002708056|5.0:1002708056|10.0:1002708056|180.0:1002708056,,
1770341131504_0244_1116_11-013.jpg|RDC_SKU|4095|1835|4265|1878,1770341131504_0244_1116_11-013.jpg,1770341131504_0244_1116_11-013.json,25,RDC_SKU,,needs_review,,,,4095,1835,4265,1878,research_outputs/golden_dataset_local_tests/crops/1770341131504_0244_1116_11-013/025_RDC_SKU_4095_1835_4265_1878.jpg,research_outputs/golden_dataset_local_tests/label_overlays_expected_sku/1770341131504_0244_1116_11-013_labels.jpg,yes,1002708056,-10.0:1002708056|-5.0:1002708056|0.0:1002708056|5.0:1002708056|10.0:1002708056|180.0:1002708056,,
1770341131504_0244_1116_11-013.jpg|Printed_on_Box_SKU|1325|3245|1373|3395,1770341131504_0244_1116_11-013.jpg,1770341131504_0244_1116_11-013.json,30,Printed_on_Box_SKU,,needs_review,,,,1325,3245,1373,3395,research_outputs/golden_dataset_local_tests/crops/1770341131504_0244_1116_11-013/030_Printed_on_Box_SKU_1325_3245_1373_3395.jpg,research_outputs/golden_dataset_local_tests/label_overlays_expected_sku/1770341131504_0244_1116_11-013_labels.jpg,yes,429114,,,
1770341131504_0244_1116_11-013.jpg|Printed_on_Box_SKU|1322|3038|1375|3188,1770341131504_0244_1116_11-013.jpg,1770341131504_0244_1116_11-013.json,32,Printed_on_Box_SKU,,needs_review,,,,1322,3038,1375,3188,research_outputs/golden_dataset_local_tests/crops/1770341131504_0244_1116_11-013/032_Printed_on_Box_SKU_1322_3038_1375_3188.jpg,research_outputs/golden_dataset_local_tests/label_overlays_expected_sku/1770341131504_0244_1116_11-013_labels.jpg,yes,1009429114,-10.0:1009429114|-5.0:1009429114|0.0:1009429114|5.0:1009429114|10.0:1009429114|180.0:1009429114,,
1770341131504_0244_1116_11-013.jpg|Printed_on_Box_SKU|1518|2902|1767|2968,1770341131504_0244_1116_11-013.jpg,1770341131504_0244_1116_11-013.json,35,Printed_on_Box_SKU,,needs_review,,,,1518,2902,1767,2968,research_outputs/golden_dataset_local_tests/crops/1770341131504_0244_1116_11-013/035_Printed_on_Box_SKU_1518_2902_1767_2968.jpg,research_outputs/golden_dataset_local_tests/label_overlays_expected_sku/1770341131504_0244_1116_11-013_labels.jpg,yes,1005575683,-10.0:1005575683|-5.0:1005575683|0.0:1005575683|5.0:1005575683|10.0:1005575683|180.0:1005575683,,
1770341131504_0244_1116_11-013.jpg|RDC_SKU|1686|3061|1840|3115,1770341131504_0244_1116_11-013.jpg,1770341131504_0244_1116_11-013.json,38,RDC_SKU,,needs_review,,,,1686,3061,1840,3115,research_outputs/golden_dataset_local_tests/crops/1770341131504_0244_1116_11-013/038_RDC_SKU_1686_3061_1840_3115.jpg,research_outputs/golden_dataset_local_tests/label_overlays_expected_sku/1770341131504_0244_1116_11-013_labels.jpg,yes,1007789984,-10.0:1007789984|-5.0:1007789984|0.0:1007789984|5.0:1007789984|10.0:1007789984|180.0:1007789984,,
1770341131504_0244_1116_11-013.jpg|Printed_on_Box_SKU|2667|3048|2895|3106,1770341131504_0244_1116_11-013.jpg,1770341131504_0244_1116_11-013.json,42,Printed_on_Box_SKU,,needs_review,,,,2667,3048,2895,3106,research_outputs/golden_dataset_local_tests/crops/1770341131504_0244_1116_11-013/042_Printed_on_Box_SKU_2667_3048_2895_3106.jpg,research_outputs/golden_dataset_local_tests/label_overlays_expected_sku/1770341131504_0244_1116_11-013_labels.jpg,yes,1007789948,-10.0:1007789948|-5.0:1007789948|0.0:1007789948|5.0:1007789948|10.0:1007789948|180.0:1007789948,,
1770341131504_0244_1116_11-013.jpg|RDC_SKU|2946|3135|3118|3186,1770341131504_0244_1116_11-013.jpg,1770341131504_0244_1116_11-013.json,44,RDC_SKU,,needs_review,,,,2946,3135,3118,3186,research_outputs/golden_dataset_local_tests/crops/1770341131504_0244_1116_11-013/044_RDC_SKU_2946_3135_3118_3186.jpg,research_outputs/golden_dataset_local_tests/label_overlays_expected_sku/1770341131504_0244_1116_11-013_labels.jpg,yes,1008974364,-10.0:1008974364|-5.0:1008974364|0.0:1008974364|5.0:1008974364|10.0:1008974364|180.0:1008974364,,
1770341131504_0244_1116_11-013.jpg|Printed_on_Box_SKU|2985|3026|3144|3085,1770341131504_0244_1116_11-013.jpg,1770341131504_0244_1116_11-013.json,47,Printed_on_Box_SKU,,needs_review,,,,2985,3026,3144,3085,research_outputs/golden_dataset_local_tests/crops/1770341131504_0244_1116_11-013/047_Printed_on_Box_SKU_2985_3026_3144_3085.jpg,research_outputs/golden_dataset_local_tests/label_overlays_expected_sku/1770341131504_0244_1116_11-013_labels.jpg,yes,1008974364,-10.0:1008974364|-5.0:1008974364|0.0:1008974364|5.0:1008974364|10.0:1008974364|180.0:1008974364,,
1770341131504_0244_1116_11-013.jpg|RDC_SKU|3262|3122|3439|3178,1770341131504_0244_1116_11-013.jpg,1770341131504_0244_1116_11-013.json,49,RDC_SKU,,needs_review,,,,3262,3122,3439,3178,research_outputs/golden_dataset_local_tests/crops/1770341131504_0244_1116_11-013/049_RDC_SKU_3262_3122_3439_3178.jpg,research_outputs/golden_dataset_local_tests/label_overlays_expected_sku/1770341131504_0244_1116_11-013_labels.jpg,yes,1007789942,-10.0:1007789942|-5.0:1007789942|0.0:1007789942|5.0:1007789942|10.0:1007789942|180.0:1007789942,,
1770341131504_0244_1116_11-013.jpg|Printed_on_Box_SKU|3246|3011|3479|3082,1770341131504_0244_1116_11-013.jpg,1770341131504_0244_1116_11-013.json,52,Printed_on_Box_SKU,,needs_review,,,,3246,3011,3479,3082,research_outputs/golden_dataset_local_tests/crops/1770341131504_0244_1116_11-013/052_Printed_on_Box_SKU_3246_3011_3479_3082.jpg,research_outputs/golden_dataset_local_tests/label_overlays_expected_sku/1770341131504_0244_1116_11-013_labels.jpg,yes,1007789942,-10.0:1007789942|-5.0:1007789942|0.0:1007789942|5.0:1007789942|10.0:1007789942|180.0:1007789942,,
1770341131504_0244_1116_11-013.jpg|Printed_on_Box_SKU|3596|2986|3821|3054,1770341131504_0244_1116_11-013.jpg,1770341131504_0244_1116_11-013.json,54,Printed_on_Box_SKU,,needs_review,,,,3596,2986,3821,3054,research_outputs/golden_dataset_local_tests/crops/1770341131504_0244_1116_11-013/054_Printed_on_Box_SKU_3596_2986_3821_3054.jpg,research_outputs/golden_dataset_local_tests/label_overlays_expected_sku/1770341131504_0244_1116_11-013_labels.jpg,yes,1009429119,-10.0:1009429119|-5.0:1009429119|0.0:1009429119|5.0:1009429119|10.0:1009429119|180.0:1009429119,,
1770341131504_0244_1116_11-013.jpg|Printed_on_Box_SKU|4197|2587|4342|2635,1770341131504_0244_1116_11-013.jpg,1770341131504_0244_1116_11-013.json,63,Printed_on_Box_SKU,,needs_review,,,,4197,2587,4342,2635,research_outputs/golden_dataset_local_tests/crops/1770341131504_0244_1116_11-013/063_Printed_on_Box_SKU_4197_2587_4342_2635.jpg,research_outputs/golden_dataset_local_tests/label_overlays_expected_sku/1770341131504_0244_1116_11-013_labels.jpg,yes,789807,-10.0:786807|-5.0:786807|0.0:786807|5.0:786807|10.0:786807|180.0:786807,,
1770341131504_0244_1116_11-013.jpg|Printed_on_Box_SKU|3876|2603|4104|2670,1770341131504_0244_1116_11-013.jpg,1770341131504_0244_1116_11-013.json,65,Printed_on_Box_SKU,,needs_review,,,,3876,2603,4104,2670,research_outputs/golden_dataset_local_tests/crops/1770341131504_0244_1116_11-013/065_Printed_on_Box_SKU_3876_2603_4104_2670.jpg,research_outputs/golden_dataset_local_tests/label_overlays_expected_sku/1770341131504_0244_1116_11-013_labels.jpg,yes,1009429119,-10.0:1009429119|-5.0:1009429119|0.0:1009429119|5.0:1009429119|10.0:1009429119|180.0:1009429119,,
1770341131504_0244_1116_11-013.jpg|Printed_on_Box_SKU|3551|2627|3771|2692,1770341131504_0244_1116_11-013.jpg,1770341131504_0244_1116_11-013.json,67,Printed_on_Box_SKU,,needs_review,,,,3551,2627,3771,2692,research_outputs/golden_dataset_local_tests/crops/1770341131504_0244_1116_11-013/067_Printed_on_Box_SKU_3551_2627_3771_2692.jpg,research_outputs/golden_dataset_local_tests/label_overlays_expected_sku/1770341131504_0244_1116_11-013_labels.jpg,yes,1009429119,-10.0:1009429119|-5.0:1009429119|0.0:1009429119|5.0:1009429119|10.0:1009429119|180.0:1009429119,,
1770341131504_0244_1116_11-013.jpg|Printed_on_Box_SKU|3204|2649|3425|2707,1770341131504_0244_1116_11-013.jpg,1770341131504_0244_1116_11-013.json,69,Printed_on_Box_SKU,,needs_review,,,,3204,2649,3425,2707,research_outputs/golden_dataset_local_tests/crops/1770341131504_0244_1116_11-013/069_Printed_on_Box_SKU_3204_2649_3425_2707.jpg,research_outputs/golden_dataset_local_tests/label_overlays_expected_sku/1770341131504_0244_1116_11-013_labels.jpg,yes,1008974361,-10.0:1008974361|-5.0:1008974361|0.0:1008974361|5.0:1008974361|10.0:1008974361|180.0:1008974361,,
1770341131504_0244_1116_11-013.jpg|Printed_on_Box_SKU|2958|2667|3112|2722,1770341131504_0244_1116_11-013.jpg,1770341131504_0244_1116_11-013.json,71,Printed_on_Box_SKU,,needs_review,,,,2958,2667,3112,2722,research_outputs/golden_dataset_local_tests/crops/1770341131504_0244_1116_11-013/071_Printed_on_Box_SKU_2958_2667_3112_2722.jpg,research_outputs/golden_dataset_local_tests/label_overlays_expected_sku/1770341131504_0244_1116_11-013_labels.jpg,yes,7008974336,-5.0:7008974336|0.0:4008974336|5.0:4008974336|10.0:7003974336|180.0:4008974336,,
1770341131504_0244_1116_11-013.jpg|Printed_on_Box_SKU|3927|2966|4153|3035,1770341131504_0244_1116_11-013.jpg,1770341131504_0244_1116_11-013.json,74,Printed_on_Box_SKU,,needs_review,,,,3927,2966,4153,3035,research_outputs/golden_dataset_local_tests/crops/1770341131504_0244_1116_11-013/074_Printed_on_Box_SKU_3927_2966_4153_3035.jpg,research_outputs/golden_dataset_local_tests/label_overlays_expected_sku/1770341131504_0244_1116_11-013_labels.jpg,yes,1009429119,-10.0:1009429119|-5.0:1009429119|0.0:1009429119|5.0:1009429119|10.0:1009429119|180.0:1009429119,,
1770341131504_0244_1116_11-013.jpg|RDC_SKU|4429|2982|4602|3098,1770341131504_0244_1116_11-013.jpg,1770341131504_0244_1116_11-013.json,77,RDC_SKU,,needs_review,,,,4429,2982,4602,3098,research_outputs/golden_dataset_local_tests/crops/1770341131504_0244_1116_11-013/077_RDC_SKU_4429_2982_4602_3098.jpg,research_outputs/golden_dataset_local_tests/label_overlays_expected_sku/1770341131504_0244_1116_11-013_labels.jpg,yes,1007789937,-10.0:1007789937|-5.0:1007789937|0.0:1007789937|5.0:1007789937|10.0:1007789937|180.0:1007789937,,
1770341131504_0244_1116_11-013.jpg|Other_SKU|1160|3210|1205|3398,1770341131504_0244_1116_11-013.jpg,1770341131504_0244_1116_11-013.json,80,Other_SKU,,needs_review,,,,1160,3210,1205,3398,research_outputs/golden_dataset_local_tests/crops/1770341131504_0244_1116_11-013/080_Other_SKU_1160_3210_1205_3398.jpg,research_outputs/golden_dataset_local_tests/label_overlays_expected_sku/1770341131504_0244_1116_11-013_labels.jpg,yes,1009429114,,,
1770341131504_0244_1116_11-013.jpg|Other_SKU|1162|3008|1209|3199,1770341131504_0244_1116_11-013.jpg,1770341131504_0244_1116_11-013.json,82,Other_SKU,,needs_review,,,,1162,3008,1209,3199,research_outputs/golden_dataset_local_tests/crops/1770341131504_0244_1116_11-013/082_Other_SKU_1162_3008_1209_3199.jpg,research_outputs/golden_dataset_local_tests/label_overlays_expected_sku/1770341131504_0244_1116_11-013_labels.jpg,yes,1009429114,0.0:009420|180.0:009420,,
1770341131504_0244_1116_11-013.jpg|Other_SKU|2660|3241|2867|3302,1770341131504_0244_1116_11-013.jpg,1770341131504_0244_1116_11-013.json,83,Other_SKU,,needs_review,,,,2660,3241,2867,3302,research_outputs/golden_dataset_local_tests/crops/1770341131504_0244_1116_11-013/083_Other_SKU_2660_3241_2867_3302.jpg,research_outputs/golden_dataset_local_tests/label_overlays_expected_sku/1770341131504_0244_1116_11-013_labels.jpg,yes,1077789948,-10.0:1077789948|-5.0:1077789948|0.0:1077789948|5.0:1877789948|10.0:1077789948|180.0:1077789948,,
1770341131504_0244_1116_11-013.jpg|Other_SKU|3597|3184|3828|3249,1770341131504_0244_1116_11-013.jpg,1770341131504_0244_1116_11-013.json,84,Other_SKU,,needs_review,,,,3597,3184,3828,3249,research_outputs/golden_dataset_local_tests/crops/1770341131504_0244_1116_11-013/084_Other_SKU_3597_3184_3828_3249.jpg,research_outputs/golden_dataset_local_tests/label_overlays_expected_sku/1770341131504_0244_1116_11-013_labels.jpg,yes,1009429119,-10.0:1009429119|-5.0:1009429119|0.0:1009429119|5.0:1009429119|10.0:1009429119|180.0:1009429119,,
1770341131504_0244_1116_11-013.jpg|Other_SKU|3930|3162|4160|3226,1770341131504_0244_1116_11-013.jpg,1770341131504_0244_1116_11-013.json,85,Other_SKU,,needs_review,,,,3930,3162,4160,3226,research_outputs/golden_dataset_local_tests/crops/1770341131504_0244_1116_11-013/085_Other_SKU_3930_3162_4160_3226.jpg,research_outputs/golden_dataset_local_tests/label_overlays_expected_sku/1770341131504_0244_1116_11-013_labels.jpg,yes,1009429119,-10.0:1009429119|-5.0:1009429119|0.0:1009429119|5.0:1009429119|10.0:429119|180.0:1009429119,,
1770341131504_0244_1116_11-013.jpg|Other_SKU|3881|2790|4113|2854,1770341131504_0244_1116_11-013.jpg,1770341131504_0244_1116_11-013.json,86,Other_SKU,,needs_review,,,,3881,2790,4113,2854,research_outputs/golden_dataset_local_tests/crops/1770341131504_0244_1116_11-013/086_Other_SKU_3881_2790_4113_2854.jpg,research_outputs/golden_dataset_local_tests/label_overlays_expected_sku/1770341131504_0244_1116_11-013_labels.jpg,yes,1009429119,-10.0:1009429119|-5.0:1009429119|0.0:1009429119|5.0:1009429119|10.0:1009429119|180.0:1009429119,,
1770341131504_0244_1116_11-013.jpg|Other_SKU|3551|2814|3778|2879,1770341131504_0244_1116_11-013.jpg,1770341131504_0244_1116_11-013.json,87,Other_SKU,,needs_review,,,,3551,2814,3778,2879,research_outputs/golden_dataset_local_tests/crops/1770341131504_0244_1116_11-013/087_Other_SKU_3551_2814_3778_2879.jpg,research_outputs/golden_dataset_local_tests/label_overlays_expected_sku/1770341131504_0244_1116_11-013_labels.jpg,yes,1009429119,-10.0:1009429119|-5.0:1009429119|0.0:1009429119|5.0:1009429119|10.0:1009429119|180.0:1009429119,,
1770341131504_0244_1116_11-013.jpg|Other_SKU|3205|2834|3421|2900,1770341131504_0244_1116_11-013.jpg,1770341131504_0244_1116_11-013.json,88,Other_SKU,,needs_review,,,,3205,2834,3421,2900,research_outputs/golden_dataset_local_tests/crops/1770341131504_0244_1116_11-013/088_Other_SKU_3205_2834_3421_2900.jpg,research_outputs/golden_dataset_local_tests/label_overlays_expected_sku/1770341131504_0244_1116_11-013_labels.jpg,yes,1008974361,-10.0:1008974361|-5.0:1008974361|0.0:1008974361|5.0:1008974361|10.0:1008974361|180.0:1008974361,,
1770341131504_0244_1116_11-013.jpg|Other_SKU|3006|2017|3212|2085,1770341131504_0244_1116_11-013.jpg,1770341131504_0244_1116_11-013.json,89,Other_SKU,,needs_review,,,,3006,2017,3212,2085,research_outputs/golden_dataset_local_tests/crops/1770341131504_0244_1116_11-013/089_Other_SKU_3006_2017_3212_2085.jpg,research_outputs/golden_dataset_local_tests/label_overlays_expected_sku/1770341131504_0244_1116_11-013_labels.jpg,yes,1007182243,,,
1770341131504_0244_1116_11-013.jpg|Other_SKU|2544|2040|2745|2104,1770341131504_0244_1116_11-013.jpg,1770341131504_0244_1116_11-013.json,90,Other_SKU,,needs_review,,,,2544,2040,2745,2104,research_outputs/golden_dataset_local_tests/crops/1770341131504_0244_1116_11-013/090_Other_SKU_2544_2040_2745_2104.jpg,research_outputs/golden_dataset_local_tests/label_overlays_expected_sku/1770341131504_0244_1116_11-013_labels.jpg,yes,1005575683,-10.0:1005575683|-5.0:1005575683|0.0:1005575683|5.0:1005575683|10.0:1005575683|180.0:1005575683,,
1770341131504_0244_1116_11-013.jpg|Other_SKU|3484|1953|3689|2013,1770341131504_0244_1116_11-013.jpg,1770341131504_0244_1116_11-013.json,91,Other_SKU,,needs_review,,,,3484,1953,3689,2013,research_outputs/golden_dataset_local_tests/crops/1770341131504_0244_1116_11-013/091_Other_SKU_3484_1953_3689_2013.jpg,research_outputs/golden_dataset_local_tests/label_overlays_expected_sku/1770341131504_0244_1116_11-013_labels.jpg,yes,1007789984,-10.0:1007789984|-5.0:1007789984|0.0:1007789984|5.0:1007789984|10.0:1007789984|180.0:1007789984,,
1770341131504_0244_1116_11-013.jpg|Other_SKU|1944|2093|2120|2153,1770341131504_0244_1116_11-013.jpg,1770341131504_0244_1116_11-013.json,176,Other_SKU,,needs_review,,,,1944,2093,2120,2153,research_outputs/golden_dataset_local_tests/crops/1770341131504_0244_1116_11-013/176_Other_SKU_1944_2093_2120_2153.jpg,research_outputs/golden_dataset_local_tests/label_overlays_expected_sku/1770341131504_0244_1116_11-013_labels.jpg,yes,769984,5.0:769984|10.0:079964,,
1770341131504_0244_1136_11-012.jpg|RDC_SKU|486|2416|628|2476,1770341131504_0244_1136_11-012.jpg,1770341131504_0244_1136_11-012.json,18,RDC_SKU,X,non_scorable,non-scorable,Avinash Patel,Image is far too blurry,486,2416,628,2476,research_outputs/golden_dataset_local_tests/crops/1770341131504_0244_1136_11-012/018_RDC_SKU_486_2416_628_2476.jpg,research_outputs/golden_dataset_local_tests/label_overlays_expected_sku/1770341131504_0244_1136_11-012_labels.jpg,yes,,,yes,not-visible
1770341131504_0244_1136_11-012.jpg|RDC_SKU|568|1990|712|2034,1770341131504_0244_1136_11-012.jpg,1770341131504_0244_1136_11-012.json,22,RDC_SKU,,needs_review,,,,568,1990,712,2034,research_outputs/golden_dataset_local_tests/crops/1770341131504_0244_1136_11-012/022_RDC_SKU_568_1990_712_2034.jpg,research_outputs/golden_dataset_local_tests/label_overlays_expected_sku/1770341131504_0244_1136_11-012_labels.jpg,yes,,,,
1770341131504_0244_1136_11-012.jpg|RDC_SKU|645|1623|738|1653,1770341131504_0244_1136_11-012.jpg,1770341131504_0244_1136_11-012.json,25,RDC_SKU,,needs_review,,,,645,1623,738,1653,research_outputs/golden_dataset_local_tests/crops/1770341131504_0244_1136_11-012/025_RDC_SKU_645_1623_738_1653.jpg,research_outputs/golden_dataset_local_tests/label_overlays_expected_sku/1770341131504_0244_1136_11-012_labels.jpg,yes,,,,
1770341131504_0244_1136_11-012.jpg|RDC_SKU|964|1447|1064|1603,1770341131504_0244_1136_11-012.jpg,1770341131504_0244_1136_11-012.json,27,RDC_SKU,,needs_review,,,,964,1447,1064,1603,research_outputs/golden_dataset_local_tests/crops/1770341131504_0244_1136_11-012/027_RDC_SKU_964_1447_1064_1603.jpg,research_outputs/golden_dataset_local_tests/label_overlays_expected_sku/1770341131504_0244_1136_11-012_labels.jpg,yes,1008876802,-10.0:1008875692|-5.0:1008875602|0.0:1008875602|5.0:1008875692|10.0:1008875802|180.0:1008875692,,
1770341131504_0244_1136_11-012.jpg|RDC_SKU|1026|2019|1172|2064,1770341131504_0244_1136_11-012.jpg,1770341131504_0244_1136_11-012.json,31,RDC_SKU,,needs_review,,,,1026,2019,1172,2064,research_outputs/golden_dataset_local_tests/crops/1770341131504_0244_1136_11-012/031_RDC_SKU_1026_2019_1172_2064.jpg,research_outputs/golden_dataset_local_tests/label_overlays_expected_sku/1770341131504_0244_1136_11-012_labels.jpg,yes,1008875692,-10.0:1008875692|0.0:1008875692|5.0:1008875692|10.0:1008875692|180.0:1008875692,,
1770341131504_0244_1136_11-012.jpg|RDC_SKU|922|2435|1077|2496,1770341131504_0244_1136_11-012.jpg,1770341131504_0244_1136_11-012.json,34,RDC_SKU,,needs_review,,,,922,2435,1077,2496,research_outputs/golden_dataset_local_tests/crops/1770341131504_0244_1136_11-012/034_RDC_SKU_922_2435_1077_2496.jpg,research_outputs/golden_dataset_local_tests/label_overlays_expected_sku/1770341131504_0244_1136_11-012_labels.jpg,yes,1008875692,-10.0:1008875692|-5.0:1008875692|0.0:1008875692|5.0:1008875692|10.0:1008875692|180.0:1008875692,,
1770341131504_0244_1136_11-012.jpg|RDC_SKU|1350|2464|1512|2514,1770341131504_0244_1136_11-012.jpg,1770341131504_0244_1136_11-012.json,36,RDC_SKU,,needs_review,,,,1350,2464,1512,2514,research_outputs/golden_dataset_local_tests/crops/1770341131504_0244_1136_11-012/036_RDC_SKU_1350_2464_1512_2514.jpg,research_outputs/golden_dataset_local_tests/label_overlays_expected_sku/1770341131504_0244_1136_11-012_labels.jpg,yes,1008875686,-10.0:1008875686|-5.0:1008875686|5.0:1008875686|10.0:1008875686,,
1770341131504_0244_1136_11-012.jpg|RDC_SKU|1402|2142|1571|2219,1770341131504_0244_1136_11-012.jpg,1770341131504_0244_1136_11-012.json,39,RDC_SKU,,needs_review,,,,1402,2142,1571,2219,research_outputs/golden_dataset_local_tests/crops/1770341131504_0244_1136_11-012/039_RDC_SKU_1402_2142_1571_2219.jpg,research_outputs/golden_dataset_local_tests/label_overlays_expected_sku/1770341131504_0244_1136_11-012_labels.jpg,yes,9899468001,-5.0:1008875686|10.0:1008875686,,
1770341131504_0244_1136_11-012.jpg|RDC_SKU|1380|1789|1453|1944,1770341131504_0244_1136_11-012.jpg,1770341131504_0244_1136_11-012.json,42,RDC_SKU,,needs_review,,,,1380,1789,1453,1944,research_outputs/golden_dataset_local_tests/crops/1770341131504_0244_1136_11-012/042_RDC_SKU_1380_1789_1453_1944.jpg,research_outputs/golden_dataset_local_tests/label_overlays_expected_sku/1770341131504_0244_1136_11-012_labels.jpg,yes,1008875680,-5.0:1008076606|0.0:1008876606|5.0:1008875680|10.0:1008875686|180.0:1008876606,,
1770341131504_0244_1136_11-012.jpg|RDC_SKU|1550|1558|1709|1644,1770341131504_0244_1136_11-012.jpg,1770341131504_0244_1136_11-012.json,45,RDC_SKU,,needs_review,,,,1550,1558,1709,1644,research_outputs/golden_dataset_local_tests/crops/1770341131504_0244_1136_11-012/045_RDC_SKU_1550_1558_1709_1644.jpg,research_outputs/golden_dataset_local_tests/label_overlays_expected_sku/1770341131504_0244_1136_11-012_labels.jpg,yes,1008875686,-10.0:1008875686|-5.0:1008875686|0.0:1008875686|5.0:1008875686|10.0:1008875686|180.0:1008875686,,
1770341131504_0244_1136_11-012.jpg|RDC_SKU|1816|2488|1991|2552,1770341131504_0244_1136_11-012.jpg,1770341131504_0244_1136_11-012.json,48,RDC_SKU,,needs_review,,,,1816,2488,1991,2552,research_outputs/golden_dataset_local_tests/crops/1770341131504_0244_1136_11-012/048_RDC_SKU_1816_2488_1991_2552.jpg,research_outputs/golden_dataset_local_tests/label_overlays_expected_sku/1770341131504_0244_1136_11-012_labels.jpg,yes,1008875685,-10.0:1008875686|-5.0:1008875686|0.0:1008875685|5.0:1008875686|10.0:1008875686|180.0:1008875686,,
1770341131504_0244_1136_11-012.jpg|RDC_SKU|1871|2199|2048|2264,1770341131504_0244_1136_11-012.jpg,1770341131504_0244_1136_11-012.json,51,RDC_SKU,,needs_review,,,,1871,2199,2048,2264,research_outputs/golden_dataset_local_tests/crops/1770341131504_0244_1136_11-012/051_RDC_SKU_1871_2199_2048_2264.jpg,research_outputs/golden_dataset_local_tests/label_overlays_expected_sku/1770341131504_0244_1136_11-012_labels.jpg,yes,1008875686,-10.0:1006875686|-5.0:1008875686|0.0:1008875686|5.0:1008875686|10.0:1006875686|180.0:1008875686,,
1770341131504_0244_1136_11-012.jpg|RDC_SKU|1933|1895|2098|1942,1770341131504_0244_1136_11-012.jpg,1770341131504_0244_1136_11-012.json,54,RDC_SKU,,needs_review,,,,1933,1895,2098,1942,research_outputs/golden_dataset_local_tests/crops/1770341131504_0244_1136_11-012/054_RDC_SKU_1933_1895_2098_1942.jpg,research_outputs/golden_dataset_local_tests/label_overlays_expected_sku/1770341131504_0244_1136_11-012_labels.jpg,yes,1008875686,-10.0:1008875686|0.0:1003875686|10.0:1003875686|180.0:1003875686,,
1770341131504_0244_1136_11-012.jpg|RDC_SKU|1921|1544|2079|1596,1770341131504_0244_1136_11-012.jpg,1770341131504_0244_1136_11-012.json,57,RDC_SKU,,needs_review,,,,1921,1544,2079,1596,research_outputs/golden_dataset_local_tests/crops/1770341131504_0244_1136_11-012/057_RDC_SKU_1921_1544_2079_1596.jpg,research_outputs/golden_dataset_local_tests/label_overlays_expected_sku/1770341131504_0244_1136_11-012_labels.jpg,yes,1008375686,-10.0:1008375686|-5.0:1008375686|0.0:1008875686|5.0:1008875686|10.0:1008375686|180.0:1008375686,,
1770341131504_0244_1136_11-012.jpg|RDC_SKU|2737|2521|2923|2607,1770341131504_0244_1136_11-012.jpg,1770341131504_0244_1136_11-012.json,64,RDC_SKU,,needs_review,,,,2737,2521,2923,2607,research_outputs/golden_dataset_local_tests/crops/1770341131504_0244_1136_11-012/064_RDC_SKU_2737_2521_2923_2607.jpg,research_outputs/golden_dataset_local_tests/label_overlays_expected_sku/1770341131504_0244_1136_11-012_labels.jpg,yes,1008875692,-10.0:1008875692|-5.0:1008875692|0.0:1008875692|5.0:1008875692|10.0:1008875692|180.0:1008875892,,
1770341131504_0244_1136_11-012.jpg|RDC_SKU|2751|2076|2934|2124,1770341131504_0244_1136_11-012.jpg,1770341131504_0244_1136_11-012.json,68,RDC_SKU,,needs_review,,,,2751,2076,2934,2124,research_outputs/golden_dataset_local_tests/crops/1770341131504_0244_1136_11-012/068_RDC_SKU_2751_2076_2934_2124.jpg,research_outputs/golden_dataset_local_tests/label_overlays_expected_sku/1770341131504_0244_1136_11-012_labels.jpg,yes,1008875692,-10.0:1008875692|-5.0:1008875692|0.0:1008875692|5.0:1008875692|10.0:1008875692|180.0:1008875692,,
1770341131504_0244_1136_11-012.jpg|RDC_SKU|2764|1697|2936|1747,1770341131504_0244_1136_11-012.jpg,1770341131504_0244_1136_11-012.json,71,RDC_SKU,,needs_review,,,,2764,1697,2936,1747,research_outputs/golden_dataset_local_tests/crops/1770341131504_0244_1136_11-012/071_RDC_SKU_2764_1697_2936_1747.jpg,research_outputs/golden_dataset_local_tests/label_overlays_expected_sku/1770341131504_0244_1136_11-012_labels.jpg,yes,1008875692,-10.0:1008875692|-5.0:1008875692|0.0:1008875692|5.0:1008875692|10.0:1008875692|180.0:1008875692,,
1770341131504_0244_1136_11-012.jpg|RDC_SKU|3306|2126|3483|2175,1770341131504_0244_1136_11-012.jpg,1770341131504_0244_1136_11-012.json,77,RDC_SKU,,needs_review,,,,3306,2126,3483,2175,research_outputs/golden_dataset_local_tests/crops/1770341131504_0244_1136_11-012/077_RDC_SKU_3306_2126_3483_2175.jpg,research_outputs/golden_dataset_local_tests/label_overlays_expected_sku/1770341131504_0244_1136_11-012_labels.jpg,yes,1006875692,0.0:1008875692|10.0:375682|180.0:1008875692,,
1770341131504_0244_1136_11-012.jpg|RDC_SKU|3307|1684|3480|1735,1770341131504_0244_1136_11-012.jpg,1770341131504_0244_1136_11-012.json,80,RDC_SKU,,needs_review,,,,3307,1684,3480,1735,research_outputs/golden_dataset_local_tests/crops/1770341131504_0244_1136_11-012/080_RDC_SKU_3307_1684_3480_1735.jpg,research_outputs/golden_dataset_local_tests/label_overlays_expected_sku/1770341131504_0244_1136_11-012_labels.jpg,yes,1008875692,-10.0:1008875692|-5.0:1008875692|0.0:1008875692|5.0:1008875692|10.0:1008875692|180.0:1008875692,,
1770341131504_0244_1136_11-012.jpg|RDC_SKU|3798|2329|3968|2381,1770341131504_0244_1136_11-012.jpg,1770341131504_0244_1136_11-012.json,83,RDC_SKU,,needs_review,,,,3798,2329,3968,2381,research_outputs/golden_dataset_local_tests/crops/1770341131504_0244_1136_11-012/083_RDC_SKU_3798_2329_3968_2381.jpg,research_outputs/golden_dataset_local_tests/label_overlays_expected_sku/1770341131504_0244_1136_11-012_labels.jpg,yes,1008875703,-10.0:1008875703|-5.0:1008875703|0.0:1008875703|5.0:1008875703|10.0:1008875703|180.0:1008875703,,
1770341131504_0244_1136_11-012.jpg|RDC_SKU|762|3438|818|3617,1770341131504_0244_1136_11-012.jpg,1770341131504_0244_1136_11-012.json,88,RDC_SKU,,needs_review,,,,762,3438,818,3617,research_outputs/golden_dataset_local_tests/crops/1770341131504_0244_1136_11-012/088_RDC_SKU_762_3438_818_3617.jpg,research_outputs/golden_dataset_local_tests/label_overlays_expected_sku/1770341131504_0244_1136_11-012_labels.jpg,yes,,,,
1770341131504_0244_1136_11-012.jpg|RDC_SKU|977|3521|1046|3688,1770341131504_0244_1136_11-012.jpg,1770341131504_0244_1136_11-012.json,90,RDC_SKU,,needs_review,,,,977,3521,1046,3688,research_outputs/golden_dataset_local_tests/crops/1770341131504_0244_1136_11-012/090_RDC_SKU_977_3521_1046_3688.jpg,research_outputs/golden_dataset_local_tests/label_overlays_expected_sku/1770341131504_0244_1136_11-012_labels.jpg,yes,,,,
1770341131504_0244_1136_11-012.jpg|RDC_SKU|767|3850|857|4047,1770341131504_0244_1136_11-012.jpg,1770341131504_0244_1136_11-012.json,92,RDC_SKU,,needs_review,,,,767,3850,857,4047,research_outputs/golden_dataset_local_tests/crops/1770341131504_0244_1136_11-012/092_RDC_SKU_767_3850_857_4047.jpg,research_outputs/golden_dataset_local_tests/label_overlays_expected_sku/1770341131504_0244_1136_11-012_labels.jpg,yes,1008876591,-10.0:1008876591|-5.0:1008876591|0.0:1008876591|5.0:1008876591|10.0:1008876591|180.0:1008876591,,
1770341131504_0244_1136_11-012.jpg|RDC_SKU|954|3793|1019|3976,1770341131504_0244_1136_11-012.jpg,1770341131504_0244_1136_11-012.json,94,RDC_SKU,,needs_review,,,,954,3793,1019,3976,research_outputs/golden_dataset_local_tests/crops/1770341131504_0244_1136_11-012/094_RDC_SKU_954_3793_1019_3976.jpg,research_outputs/golden_dataset_local_tests/label_overlays_expected_sku/1770341131504_0244_1136_11-012_labels.jpg,yes,1008876591,0.0:1008876591|5.0:1008876591|10.0:1008876591|180.0:1008876591,,
1770341131504_0244_1136_11-012.jpg|RDC_SKU|1724|3888|1826|4088,1770341131504_0244_1136_11-012.jpg,1770341131504_0244_1136_11-012.json,96,RDC_SKU,,needs_review,,,,1724,3888,1826,4088,research_outputs/golden_dataset_local_tests/crops/1770341131504_0244_1136_11-012/096_RDC_SKU_1724_3888_1826_4088.jpg,research_outputs/golden_dataset_local_tests/label_overlays_expected_sku/1770341131504_0244_1136_11-012_labels.jpg,yes,1008875703,-10.0:1008875703|-5.0:1008875703|0.0:1008875703|5.0:1008875703|10.0:1008875703|180.0:1008875703,,
1770341131504_0244_1136_11-012.jpg|RDC_SKU|2356|3678|2547|3748,1770341131504_0244_1136_11-012.jpg,1770341131504_0244_1136_11-012.json,98,RDC_SKU,,needs_review,,,,2356,3678,2547,3748,research_outputs/golden_dataset_local_tests/crops/1770341131504_0244_1136_11-012/098_RDC_SKU_2356_3678_2547_3748.jpg,research_outputs/golden_dataset_local_tests/label_overlays_expected_sku/1770341131504_0244_1136_11-012_labels.jpg,yes,1008875703,-10.0:1008875703|-5.0:1008875703|0.0:1008875703|5.0:1008875703|10.0:1008875703|180.0:1008875703,,
1770341131504_0244_1136_11-012.jpg|RDC_SKU|3573|4038|3754|4129,1770341131504_0244_1136_11-012.jpg,1770341131504_0244_1136_11-012.json,100,RDC_SKU,,needs_review,,,,3573,4038,3754,4129,research_outputs/golden_dataset_local_tests/crops/1770341131504_0244_1136_11-012/100_RDC_SKU_3573_4038_3754_4129.jpg,research_outputs/golden_dataset_local_tests/label_overlays_expected_sku/1770341131504_0244_1136_11-012_labels.jpg,yes,1008875682,-10.0:1008875682|-5.0:1008875682|0.0:1008875682|5.0:1008875682|10.0:1008875682|180.0:1008875682,,
1770341131504_0244_1136_11-012.jpg|RDC_SKU|4138|3972|4303|4030,1770341131504_0244_1136_11-012.jpg,1770341131504_0244_1136_11-012.json,102,RDC_SKU,,needs_review,,,,4138,3972,4303,4030,research_outputs/golden_dataset_local_tests/crops/1770341131504_0244_1136_11-012/102_RDC_SKU_4138_3972_4303_4030.jpg,research_outputs/golden_dataset_local_tests/label_overlays_expected_sku/1770341131504_0244_1136_11-012_labels.jpg,yes,1008875682,-10.0:1008875682|-5.0:1008875682|0.0:1008875683|5.0:1008875632|10.0:1008875682|180.0:1008875683,,
1770341131504_0244_1136_11-012.jpg|RDC_SKU|4078|3577|4241|3635,1770341131504_0244_1136_11-012.jpg,1770341131504_0244_1136_11-012.json,104,RDC_SKU,,needs_review,,,,4078,3577,4241,3635,research_outputs/golden_dataset_local_tests/crops/1770341131504_0244_1136_11-012/104_RDC_SKU_4078_3577_4241_3635.jpg,research_outputs/golden_dataset_local_tests/label_overlays_expected_sku/1770341131504_0244_1136_11-012_labels.jpg,yes,1006875692,-10.0:1006875692|-5.0:1006875692|0.0:1006875692|5.0:1006875692|10.0:1006875692|180.0:1006875692,,
1770341131504_0244_1136_11-012.jpg|RDC_SKU|222|1645|352|1690,1770341131504_0244_1136_11-012.jpg,1770341131504_0244_1136_11-012.json,132,RDC_SKU,,needs_review,,,,222,1645,352,1690,research_outputs/golden_dataset_local_tests/crops/1770341131504_0244_1136_11-012/132_RDC_SKU_222_1645_352_1690.jpg,research_outputs/golden_dataset_local_tests/label_overlays_expected_sku/1770341131504_0244_1136_11-012_labels.jpg,yes,,,,
1770341131504_0244_1136_11-012.jpg|RDC_SKU|146|2002|269|2047,1770341131504_0244_1136_11-012.jpg,1770341131504_0244_1136_11-012.json,136,RDC_SKU,,needs_review,,,,146,2002,269,2047,research_outputs/golden_dataset_local_tests/crops/1770341131504_0244_1136_11-012/136_RDC_SKU_146_2002_269_2047.jpg,research_outputs/golden_dataset_local_tests/label_overlays_expected_sku/1770341131504_0244_1136_11-012_labels.jpg,yes,,,,
1770341131504_0244_1143_11-011.jpg|Pallet_SKU|1836|1070|2173|1163,1770341131504_0244_1143_11-011.jpg,1770341131504_0244_1143_11-011.json,0,Pallet_SKU,,needs_review,,,,1836,1070,2173,1163,research_outputs/golden_dataset_local_tests/crops/1770341131504_0244_1143_11-011/000_Pallet_SKU_1836_1070_2173_1163.jpg,research_outputs/golden_dataset_local_tests/label_overlays_expected_sku/1770341131504_0244_1143_11-011_labels.jpg,yes,1012472615,-10.0:1012472615|-5.0:1012472615|0.0:1012472615|5.0:1012472615|10.0:1012472615|180.0:1012472615,,
1770341131504_0244_1143_11-011.jpg|Pallet_SKU|3505|734|3899|849,1770341131504_0244_1143_11-011.jpg,1770341131504_0244_1143_11-011.json,2,Pallet_SKU,,needs_review,,,,3505,734,3899,849,research_outputs/golden_dataset_local_tests/crops/1770341131504_0244_1143_11-011/002_Pallet_SKU_3505_734_3899_849.jpg,research_outputs/golden_dataset_local_tests/label_overlays_expected_sku/1770341131504_0244_1143_11-011_labels.jpg,yes,1005814565,-10.0:1005814565|-5.0:1005814565|0.0:1005814565|5.0:1005814565|10.0:1005814565|180.0:1005814565,,
1770341131504_0244_1143_11-011.jpg|Handwritte_SKU|1019|2173|1166|2240,1770341131504_0244_1143_11-011.jpg,1770341131504_0244_1143_11-011.json,7,Handwritte_SKU,,needs_review,,,,1019,2173,1166,2240,research_outputs/golden_dataset_local_tests/crops/1770341131504_0244_1143_11-011/007_Handwritte_SKU_1019_2173_1166_2240.jpg,research_outputs/golden_dataset_local_tests/label_overlays_expected_sku/1770341131504_0244_1143_11-011_labels.jpg,yes,884420,,,
1770341131504_0244_1143_11-011.jpg|Handwritte_SKU|1679|1802|1841|1867,1770341131504_0244_1143_11-011.jpg,1770341131504_0244_1143_11-011.json,9,Handwritte_SKU,,needs_review,,,,1679,1802,1841,1867,research_outputs/golden_dataset_local_tests/crops/1770341131504_0244_1143_11-011/009_Handwritte_SKU_1679_1802_1841_1867.jpg,research_outputs/golden_dataset_local_tests/label_overlays_expected_sku/1770341131504_0244_1143_11-011_labels.jpg,yes,1009479520,-10.0:1009479320|-5.0:1009474320|0.0:1009479320|5.0:1009479520|10.0:1009479320|180.0:1009474320,,
1770341131504_0244_1143_11-011.jpg|RDC_SKU|2173|2066|2309|2119,1770341131504_0244_1143_11-011.jpg,1770341131504_0244_1143_11-011.json,13,RDC_SKU,,needs_review,,,,2173,2066,2309,2119,research_outputs/golden_dataset_local_tests/crops/1770341131504_0244_1143_11-011/013_RDC_SKU_2173_2066_2309_2119.jpg,research_outputs/golden_dataset_local_tests/label_overlays_expected_sku/1770341131504_0244_1143_11-011_labels.jpg,yes,1007789948,-10.0:1007789948|-5.0:1007789948|0.0:1007789948|5.0:1007789948|10.0:1007789948|180.0:1007789948,,
1770341131504_0244_1143_11-011.jpg|Printed_on_Box_SKU|2173|1980|2359|2037,1770341131504_0244_1143_11-011.jpg,1770341131504_0244_1143_11-011.json,15,Printed_on_Box_SKU,,needs_review,,,,2173,1980,2359,2037,research_outputs/golden_dataset_local_tests/crops/1770341131504_0244_1143_11-011/015_Printed_on_Box_SKU_2173_1980_2359_2037.jpg,research_outputs/golden_dataset_local_tests/label_overlays_expected_sku/1770341131504_0244_1143_11-011_labels.jpg,yes,1007789948,-10.0:1007789948|-5.0:1007789948|0.0:1007789948|5.0:1007789948|10.0:1007789948|180.0:1007789948,,
1770341131504_0244_1143_11-011.jpg|Printed_on_Box_SKU|2167|1684|2350|1743,1770341131504_0244_1143_11-011.jpg,1770341131504_0244_1143_11-011.json,18,Printed_on_Box_SKU,,needs_review,,,,2167,1684,2350,1743,research_outputs/golden_dataset_local_tests/crops/1770341131504_0244_1143_11-011/018_Printed_on_Box_SKU_2167_1684_2350_1743.jpg,research_outputs/golden_dataset_local_tests/label_overlays_expected_sku/1770341131504_0244_1143_11-011_labels.jpg,yes,1003974350,-10.0:1003974350|-5.0:1003974350|0.0:1003974350|5.0:1003974350|10.0:1003974350|180.0:1003974350,,
1770341131504_0244_1143_11-011.jpg|Printed_on_Box_SKU|2448|1942|2644|2002,1770341131504_0244_1143_11-011.jpg,1770341131504_0244_1143_11-011.json,21,Printed_on_Box_SKU,,needs_review,,,,2448,1942,2644,2002,research_outputs/golden_dataset_local_tests/crops/1770341131504_0244_1143_11-011/021_Printed_on_Box_SKU_2448_1942_2644_2002.jpg,research_outputs/golden_dataset_local_tests/label_overlays_expected_sku/1770341131504_0244_1143_11-011_labels.jpg,yes,1008877049,-10.0:1008877049|-5.0:1008877049|0.0:1008877049|5.0:1008877049|10.0:1008877049|180.0:1008877049,,
1770341131504_0244_1143_11-011.jpg|RDC_SKU|2426|1745|2562|1794,1770341131504_0244_1143_11-011.jpg,1770341131504_0244_1143_11-011.json,24,RDC_SKU,,needs_review,,,,2426,1745,2562,1794,research_outputs/golden_dataset_local_tests/crops/1770341131504_0244_1143_11-011/024_RDC_SKU_2426_1745_2562_1794.jpg,research_outputs/golden_dataset_local_tests/label_overlays_expected_sku/1770341131504_0244_1143_11-011_labels.jpg,yes,1007789932,-10.0:1007789932|-5.0:1007789932|0.0:1007789932|5.0:1007789932|10.0:1007789932|180.0:1007789932,,
1770341131504_0244_1143_11-011.jpg|Printed_on_Box_SKU|2435|1654|2623|1717,1770341131504_0244_1143_11-011.jpg,1770341131504_0244_1143_11-011.json,26,Printed_on_Box_SKU,,needs_review,,,,2435,1654,2623,1717,research_outputs/golden_dataset_local_tests/crops/1770341131504_0244_1143_11-011/026_Printed_on_Box_SKU_2435_1654_2623_1717.jpg,research_outputs/golden_dataset_local_tests/label_overlays_expected_sku/1770341131504_0244_1143_11-011_labels.jpg,yes,1007739932,-10.0:1007739932|-5.0:1007739932|0.0:1007739932|5.0:1007739932|10.0:1007739932|180.0:1007739932,,
1770341131504_0244_1143_11-011.jpg|RDC_SKU|2740|1994|2890|2052,1770341131504_0244_1143_11-011.jpg,1770341131504_0244_1143_11-011.json,29,RDC_SKU,,needs_review,,,,2740,1994,2890,2052,research_outputs/golden_dataset_local_tests/crops/1770341131504_0244_1143_11-011/029_RDC_SKU_2740_1994_2890_2052.jpg,research_outputs/golden_dataset_local_tests/label_overlays_expected_sku/1770341131504_0244_1143_11-011_labels.jpg,yes,1007789973,-10.0:1007789973|-5.0:1007789973|0.0:1007789973|5.0:1007789973|10.0:1007789973|180.0:1007789973,,
1770341131504_0244_1143_11-011.jpg|Printed_on_Box_SKU|2735|1922|2935|1986,1770341131504_0244_1143_11-011.jpg,1770341131504_0244_1143_11-011.json,31,Printed_on_Box_SKU,,needs_review,,,,2735,1922,2935,1986,research_outputs/golden_dataset_local_tests/crops/1770341131504_0244_1143_11-011/031_Printed_on_Box_SKU_2735_1922_2935_1986.jpg,research_outputs/golden_dataset_local_tests/label_overlays_expected_sku/1770341131504_0244_1143_11-011_labels.jpg,yes,1007789973,-10.0:1007789973|-5.0:1007789973|0.0:1007789973|5.0:1007789973|10.0:1007789973|180.0:1007789973,,
1770341131504_0244_1143_11-011.jpg|Printed_on_Box_SKU|3025|1899|3203|1953,1770341131504_0244_1143_11-011.jpg,1770341131504_0244_1143_11-011.json,34,Printed_on_Box_SKU,,needs_review,,,,3025,1899,3203,1953,research_outputs/golden_dataset_local_tests/crops/1770341131504_0244_1143_11-011/034_Printed_on_Box_SKU_3025_1899_3203_1953.jpg,research_outputs/golden_dataset_local_tests/label_overlays_expected_sku/1770341131504_0244_1143_11-011_labels.jpg,yes,1008974343,-10.0:1008974343|-5.0:1008974343|0.0:1008974343|5.0:1008974343|10.0:1008974343|180.0:1008974343,,
1770341131504_0244_1143_11-011.jpg|RDC_SKU|2998|1691|3143|1744,1770341131504_0244_1143_11-011.jpg,1770341131504_0244_1143_11-011.json,37,RDC_SKU,,needs_review,,,,2998,1691,3143,1744,research_outputs/golden_dataset_local_tests/crops/1770341131504_0244_1143_11-011/037_RDC_SKU_2998_1691_3143_1744.jpg,research_outputs/golden_dataset_local_tests/label_overlays_expected_sku/1770341131504_0244_1143_11-011_labels.jpg,yes,1008974343,-10.0:1008974343|-5.0:1008974343|0.0:1008974343|5.0:1008974343|10.0:1008974343|180.0:1008974343,,
1770341131504_0244_1143_11-011.jpg|Printed_on_Box_SKU|2995|1599|3168|1652,1770341131504_0244_1143_11-011.jpg,1770341131504_0244_1143_11-011.json,39,Printed_on_Box_SKU,,needs_review,,,,2995,1599,3168,1652,research_outputs/golden_dataset_local_tests/crops/1770341131504_0244_1143_11-011/039_Printed_on_Box_SKU_2995_1599_3168_1652.jpg,research_outputs/golden_dataset_local_tests/label_overlays_expected_sku/1770341131504_0244_1143_11-011_labels.jpg,yes,1008974343,-10.0:1008974343|-5.0:1008974343|0.0:1008974343|5.0:1009974343|10.0:1008974343|180.0:1008974343,,
1770341131504_0244_1143_11-011.jpg|Printed_on_Box_SKU|2713|1629|2910|1689,1770341131504_0244_1143_11-011.jpg,1770341131504_0244_1143_11-011.json,42,Printed_on_Box_SKU,,needs_review,,,,2713,1629,2910,1689,research_outputs/golden_dataset_local_tests/crops/1770341131504_0244_1143_11-011/042_Printed_on_Box_SKU_2713_1629_2910_1689.jpg,research_outputs/golden_dataset_local_tests/label_overlays_expected_sku/1770341131504_0244_1143_11-011_labels.jpg,yes,1008974349,-10.0:1008974349|-5.0:1008974349|0.0:1008974349|5.0:1008974349|10.0:1008974349|180.0:1008974349,,
1770341131504_0244_1143_11-011.jpg|RDC_SKU|3441|1931|3593|1983,1770341131504_0244_1143_11-011.jpg,1770341131504_0244_1143_11-011.json,45,RDC_SKU,,needs_review,,,,3441,1931,3593,1983,research_outputs/golden_dataset_local_tests/crops/1770341131504_0244_1143_11-011/045_RDC_SKU_3441_1931_3593_1983.jpg,research_outputs/golden_dataset_local_tests/label_overlays_expected_sku/1770341131504_0244_1143_11-011_labels.jpg,yes,1002708000,-10.0:1002708000|-5.0:1002708000|0.0:1002708000|5.0:1002708000|10.0:1002708000|180.0:1002708000,,
1770341131504_0244_1143_11-011.jpg|Printed_on_Box_SKU|3372|1832|3636|1904,1770341131504_0244_1143_11-011.jpg,1770341131504_0244_1143_11-011.json,47,Printed_on_Box_SKU,,needs_review,,,,3372,1832,3636,1904,research_outputs/golden_dataset_local_tests/crops/1770341131504_0244_1143_11-011/047_Printed_on_Box_SKU_3372_1832_3636_1904.jpg,research_outputs/golden_dataset_local_tests/label_overlays_expected_sku/1770341131504_0244_1143_11-011_labels.jpg,yes,100000,-10.0:100000|-5.0:100000|5.0:100000|10.0:100000,,
1770341131504_0244_1143_11-011.jpg|RDC_SKU|3376|1574|3529|1633,1770341131504_0244_1143_11-011.jpg,1770341131504_0244_1143_11-011.json,50,RDC_SKU,,needs_review,,,,3376,1574,3529,1633,research_outputs/golden_dataset_local_tests/crops/1770341131504_0244_1143_11-011/050_RDC_SKU_3376_1574_3529_1633.jpg,research_outputs/golden_dataset_local_tests/label_overlays_expected_sku/1770341131504_0244_1143_11-011_labels.jpg,yes,1002708048,-10.0:1002708048|-5.0:1002708048|0.0:1002708048|5.0:1002708048|10.0:1002708048|180.0:1002708048,,
1770341131504_0244_1143_11-011.jpg|Printed_on_Box_SKU|3327|1487|3581|1550,1770341131504_0244_1143_11-011.jpg,1770341131504_0244_1143_11-011.json,52,Printed_on_Box_SKU,,needs_review,,,,3327,1487,3581,1550,research_outputs/golden_dataset_local_tests/crops/1770341131504_0244_1143_11-011/052_Printed_on_Box_SKU_3327_1487_3581_1550.jpg,research_outputs/golden_dataset_local_tests/label_overlays_expected_sku/1770341131504_0244_1143_11-011_labels.jpg,yes,1002708048,-10.0:1002708048|-5.0:1002708048|0.0:1002708048|5.0:1002708048|10.0:1002708048|180.0:1002708048,,
1770341131504_0244_1143_11-011.jpg|Printed_on_Box_SKU|3933|1787|4200|1861,1770341131504_0244_1143_11-011.jpg,1770341131504_0244_1143_11-011.json,55,Printed_on_Box_SKU,,needs_review,,,,3933,1787,4200,1861,research_outputs/golden_dataset_local_tests/crops/1770341131504_0244_1143_11-011/055_Printed_on_Box_SKU_3933_1787_4200_1861.jpg,research_outputs/golden_dataset_local_tests/label_overlays_expected_sku/1770341131504_0244_1143_11-011_labels.jpg,yes,1002708048,-10.0:1002708048|-5.0:1002708048|0.0:1002708048|5.0:1002708048|10.0:1002708048|180.0:1002708048,,
1770341131504_0244_1143_11-011.jpg|RDC_SKU|3938|1532|4085|1591,1770341131504_0244_1143_11-011.jpg,1770341131504_0244_1143_11-011.json,58,RDC_SKU,,needs_review,,,,3938,1532,4085,1591,research_outputs/golden_dataset_local_tests/crops/1770341131504_0244_1143_11-011/058_RDC_SKU_3938_1532_4085_1591.jpg,research_outputs/golden_dataset_local_tests/label_overlays_expected_sku/1770341131504_0244_1143_11-011_labels.jpg,yes,1002708048,-10.0:1002708048|-5.0:1002708048|0.0:1002708048|5.0:1002708048|10.0:1002708048|180.0:1002708048,,
1770341131504_0244_1143_11-011.jpg|Printed_on_Box_SKU|3865|1445|4120|1515,1770341131504_0244_1143_11-011.jpg,1770341131504_0244_1143_11-011.json,60,Printed_on_Box_SKU,,needs_review,,,,3865,1445,4120,1515,research_outputs/golden_dataset_local_tests/crops/1770341131504_0244_1143_11-011/060_Printed_on_Box_SKU_3865_1445_4120_1515.jpg,research_outputs/golden_dataset_local_tests/label_overlays_expected_sku/1770341131504_0244_1143_11-011_labels.jpg,yes,1002708048,-10.0:1002708048|-5.0:1002708048|0.0:1002708048|5.0:1002708048|10.0:1002708048|180.0:1002708048,,
1770341131504_0244_1143_11-011.jpg|Printed_on_Box_SKU|2301|3022|2445|3076,1770341131504_0244_1143_11-011.jpg,1770341131504_0244_1143_11-011.json,65,Printed_on_Box_SKU,,needs_review,,,,2301,3022,2445,3076,research_outputs/golden_dataset_local_tests/crops/1770341131504_0244_1143_11-011/065_Printed_on_Box_SKU_2301_3022_2445_3076.jpg,research_outputs/golden_dataset_local_tests/label_overlays_expected_sku/1770341131504_0244_1143_11-011_labels.jpg,yes,1008974344,-10.0:1008974344|-5.0:1008974344|0.0:1008974344|5.0:1008974344|10.0:1008974344|180.0:1008974344,,
1770341131504_0244_1143_11-011.jpg|Printed_on_Box_SKU|2053|3053|2250|3114,1770341131504_0244_1143_11-011.jpg,1770341131504_0244_1143_11-011.json,67,Printed_on_Box_SKU,,needs_review,,,,2053,3053,2250,3114,research_outputs/golden_dataset_local_tests/crops/1770341131504_0244_1143_11-011/067_Printed_on_Box_SKU_2053_3053_2250_3114.jpg,research_outputs/golden_dataset_local_tests/label_overlays_expected_sku/1770341131504_0244_1143_11-011_labels.jpg,yes,1007789932,-10.0:1007789932|-5.0:1007789932|0.0:1007789932|5.0:1007789932|10.0:1007789932|180.0:1007789932,,
1770341131504_0244_1143_11-011.jpg|RDC_SKU|2278|2801|2425|2847,1770341131504_0244_1143_11-011.jpg,1770341131504_0244_1143_11-011.json,70,RDC_SKU,,needs_review,,,,2278,2801,2425,2847,research_outputs/golden_dataset_local_tests/crops/1770341131504_0244_1143_11-011/070_RDC_SKU_2278_2801_2425_2847.jpg,research_outputs/golden_dataset_local_tests/label_overlays_expected_sku/1770341131504_0244_1143_11-011_labels.jpg,yes,1008974344,-10.0:1008974344|-5.0:1008974344|0.0:1008974344|5.0:1008974344|10.0:1008974344|180.0:1008974344,,
1770341131504_0244_1143_11-011.jpg|Printed_on_Box_SKU|2288|2690|2437|2745,1770341131504_0244_1143_11-011.jpg,1770341131504_0244_1143_11-011.json,72,Printed_on_Box_SKU,,needs_review,,,,2288,2690,2437,2745,research_outputs/golden_dataset_local_tests/crops/1770341131504_0244_1143_11-011/072_Printed_on_Box_SKU_2288_2690_2437_2745.jpg,research_outputs/golden_dataset_local_tests/label_overlays_expected_sku/1770341131504_0244_1143_11-011_labels.jpg,yes,1008974344,-10.0:1008974344|-5.0:1008974344|0.0:1008974344|5.0:1008974344|10.0:1008974344|180.0:1008974344,,
1770341131504_0244_1143_11-011.jpg|RDC_SKU|2560|3133|2710|3176,1770341131504_0244_1143_11-011.jpg,1770341131504_0244_1143_11-011.json,75,RDC_SKU,,needs_review,,,,2560,3133,2710,3176,research_outputs/golden_dataset_local_tests/crops/1770341131504_0244_1143_11-011/075_RDC_SKU_2560_3133_2710_3176.jpg,research_outputs/golden_dataset_local_tests/label_overlays_expected_sku/1770341131504_0244_1143_11-011_labels.jpg,yes,1008974322,-10.0:1008974322|-5.0:1008974322|0.0:1008974322|5.0:1008974322|10.0:1008974322|180.0:1008974322,,
1770341131504_0244_1143_11-011.jpg|Printed_on_Box_SKU|2536|3032|2741|3081,1770341131504_0244_1143_11-011.jpg,1770341131504_0244_1143_11-011.json,77,Printed_on_Box_SKU,,needs_review,,,,2536,3032,2741,3081,research_outputs/golden_dataset_local_tests/crops/1770341131504_0244_1143_11-011/077_Printed_on_Box_SKU_2536_3032_2741_3081.jpg,research_outputs/golden_dataset_local_tests/label_overlays_expected_sku/1770341131504_0244_1143_11-011_labels.jpg,yes,1008974322,-10.0:1008974322|-5.0:1008974322|0.0:1008974322|5.0:1008974322|10.0:1008974322|180.0:1008974322,,
1770341131504_0244_1143_11-011.jpg|RDC_SKU|2887|2753|2944|2917,1770341131504_0244_1143_11-011.jpg,1770341131504_0244_1143_11-011.json,82,RDC_SKU,,needs_review,,,,2887,2753,2944,2917,research_outputs/golden_dataset_local_tests/crops/1770341131504_0244_1143_11-011/082_RDC_SKU_2887_2753_2944_2917.jpg,research_outputs/golden_dataset_local_tests/label_overlays_expected_sku/1770341131504_0244_1143_11-011_labels.jpg,yes,1008974356,-10.0:1008974356|-5.0:1008974356|0.0:1008974356|5.0:1008974356|10.0:1008974356|180.0:1008974356,,
1770341131504_0244_1143_11-011.jpg|Printed_on_Box_SKU|3056|3174|3112|3332,1770341131504_0244_1143_11-011.jpg,1770341131504_0244_1143_11-011.json,84,Printed_on_Box_SKU,,needs_review,,,,3056,3174,3112,3332,research_outputs/golden_dataset_local_tests/crops/1770341131504_0244_1143_11-011/084_Printed_on_Box_SKU_3056_3174_3112_3332.jpg,research_outputs/golden_dataset_local_tests/label_overlays_expected_sku/1770341131504_0244_1143_11-011_labels.jpg,yes,1008974356,,,
1770341131504_0244_1143_11-011.jpg|Printed_on_Box_SKU|3030|2965|3094|3124,1770341131504_0244_1143_11-011.jpg,1770341131504_0244_1143_11-011.json,86,Printed_on_Box_SKU,,needs_review,,,,3030,2965,3094,3124,research_outputs/golden_dataset_local_tests/crops/1770341131504_0244_1143_11-011/086_Printed_on_Box_SKU_3030_2965_3094_3124.jpg,research_outputs/golden_dataset_local_tests/label_overlays_expected_sku/1770341131504_0244_1143_11-011_labels.jpg,yes,1008974356,,,
1770341131504_0244_1143_11-011.jpg|Printed_on_Box_SKU|3003|2768|3063|2916,1770341131504_0244_1143_11-011.jpg,1770341131504_0244_1143_11-011.json,88,Printed_on_Box_SKU,,needs_review,,,,3003,2768,3063,2916,research_outputs/golden_dataset_local_tests/crops/1770341131504_0244_1143_11-011/088_Printed_on_Box_SKU_3003_2768_3063_2916.jpg,research_outputs/golden_dataset_local_tests/label_overlays_expected_sku/1770341131504_0244_1143_11-011_labels.jpg,yes,1008974356,-10.0:1058974356|-5.0:1058974356|0.0:1058974356|180.0:1058974356,,
1770341131504_0244_1143_11-011.jpg|Printed_on_Box_SKU|3405|3179|3470|3326,1770341131504_0244_1143_11-011.jpg,1770341131504_0244_1143_11-011.json,92,Printed_on_Box_SKU,,needs_review,,,,3405,3179,3470,3326,research_outputs/golden_dataset_local_tests/crops/1770341131504_0244_1143_11-011/092_Printed_on_Box_SKU_3405_3179_3470_3326.jpg,research_outputs/golden_dataset_local_tests/label_overlays_expected_sku/1770341131504_0244_1143_11-011_labels.jpg,yes,1008974330,-10.0:1008974330|-5.0:1008974330|0.0:1008974330|5.0:1008974330|10.0:1008974330|180.0:1008974330,,
1770341131504_0244_1143_11-011.jpg|RDC_SKU|3278|2927|3331|3085,1770341131504_0244_1143_11-011.jpg,1770341131504_0244_1143_11-011.json,94,RDC_SKU,,needs_review,,,,3278,2927,3331,3085,research_outputs/golden_dataset_local_tests/crops/1770341131504_0244_1143_11-011/094_RDC_SKU_3278_2927_3331_3085.jpg,research_outputs/golden_dataset_local_tests/label_overlays_expected_sku/1770341131504_0244_1143_11-011_labels.jpg,yes,1008870503,-5.0:1008870503|10.0:1008870503,,
1770341131504_0244_1143_11-011.jpg|Printed_on_Box_SKU|3384|2934|3448|3091,1770341131504_0244_1143_11-011.jpg,1770341131504_0244_1143_11-011.json,96,Printed_on_Box_SKU,,needs_review,,,,3384,2934,3448,3091,research_outputs/golden_dataset_local_tests/crops/1770341131504_0244_1143_11-011/096_Printed_on_Box_SKU_3384_2934_3448_3091.jpg,research_outputs/golden_dataset_local_tests/label_overlays_expected_sku/1770341131504_0244_1143_11-011_labels.jpg,yes,1008870503,-10.0:870503|-5.0:1002870503|0.0:1002870503|5.0:1002870503|10.0:1002870503|180.0:1002870503,,
1770341131504_0244_1143_11-011.jpg|RDC_SKU|3662|3131|3722|3296,1770341131504_0244_1143_11-011.jpg,1770341131504_0244_1143_11-011.json,100,RDC_SKU,,needs_review,,,,3662,3131,3722,3296,research_outputs/golden_dataset_local_tests/crops/1770341131504_0244_1143_11-011/100_RDC_SKU_3662_3131_3722_3296.jpg,research_outputs/golden_dataset_local_tests/label_overlays_expected_sku/1770341131504_0244_1143_11-011_labels.jpg,yes,1008974326,-10.0:1008974326|-5.0:1008974326|0.0:1008974326|5.0:1008974326|10.0:1008974326|180.0:1008974326,,
1770341131504_0244_1143_11-011.jpg|Printed_on_Box_SKU|3766|3164|3829|3314,1770341131504_0244_1143_11-011.jpg,1770341131504_0244_1143_11-011.json,102,Printed_on_Box_SKU,,needs_review,,,,3766,3164,3829,3314,research_outputs/golden_dataset_local_tests/crops/1770341131504_0244_1143_11-011/102_Printed_on_Box_SKU_3766_3164_3829_3314.jpg,research_outputs/golden_dataset_local_tests/label_overlays_expected_sku/1770341131504_0244_1143_11-011_labels.jpg,yes,1008974326,-10.0:1008974326|-5.0:1008974326|0.0:1008974326|10.0:1008974326|180.0:1008974326,,
1770341131504_0244_1143_11-011.jpg|RDC_SKU|3646|2886|3694|3043,1770341131504_0244_1143_11-011.jpg,1770341131504_0244_1143_11-011.json,104,RDC_SKU,,needs_review,,,,3646,2886,3694,3043,research_outputs/golden_dataset_local_tests/crops/1770341131504_0244_1143_11-011/104_RDC_SKU_3646_2886_3694_3043.jpg,research_outputs/golden_dataset_local_tests/label_overlays_expected_sku/1770341131504_0244_1143_11-011_labels.jpg,yes,,,,
1770341131504_0244_1143_11-011.jpg|Printed_on_Box_SKU|3741|2929|3802|3073,1770341131504_0244_1143_11-011.jpg,1770341131504_0244_1143_11-011.json,106,Printed_on_Box_SKU,,needs_review,,,,3741,2929,3802,3073,research_outputs/golden_dataset_local_tests/crops/1770341131504_0244_1143_11-011/106_Printed_on_Box_SKU_3741_2929_3802_3073.jpg,research_outputs/golden_dataset_local_tests/label_overlays_expected_sku/1770341131504_0244_1143_11-011_labels.jpg,yes,1008974360,-10.0:1008974360|-5.0:1008974360|0.0:1008974360|5.0:1008974360|10.0:1008974360|180.0:1008974360,,
1770341131504_0244_1143_11-011.jpg|RDC_SKU|3985|2889|4049|3051,1770341131504_0244_1143_11-011.jpg,1770341131504_0244_1143_11-011.json,110,RDC_SKU,,needs_review,,,,3985,2889,4049,3051,research_outputs/golden_dataset_local_tests/crops/1770341131504_0244_1143_11-011/110_RDC_SKU_3985_2889_4049_3051.jpg,research_outputs/golden_dataset_local_tests/label_overlays_expected_sku/1770341131504_0244_1143_11-011_labels.jpg,yes,1008974341,-10.0:1008974341|-5.0:1008974341|0.0:1008974341|5.0:1008974341|10.0:1008974341|180.0:1008974341,,
1770341131504_0244_1143_11-011.jpg|Printed_on_Box_SKU|4099|2903|4164|3052,1770341131504_0244_1143_11-011.jpg,1770341131504_0244_1143_11-011.json,112,Printed_on_Box_SKU,,needs_review,,,,4099,2903,4164,3052,research_outputs/golden_dataset_local_tests/crops/1770341131504_0244_1143_11-011/112_Printed_on_Box_SKU_4099_2903_4164_3052.jpg,research_outputs/golden_dataset_local_tests/label_overlays_expected_sku/1770341131504_0244_1143_11-011_labels.jpg,yes,1008974341,-10.0:1008974341|-5.0:1008974341|0.0:1008974341|5.0:1008974341|10.0:1008974341|180.0:1008974341,,
1770341131504_0244_1143_11-011.jpg|Printed_on_Box_SKU|4135|3131|4192|3280,1770341131504_0244_1143_11-011.jpg,1770341131504_0244_1143_11-011.json,114,Printed_on_Box_SKU,,needs_review,,,,4135,3131,4192,3280,research_outputs/golden_dataset_local_tests/crops/1770341131504_0244_1143_11-011/114_Printed_on_Box_SKU_4135_3131_4192_3280.jpg,research_outputs/golden_dataset_local_tests/label_overlays_expected_sku/1770341131504_0244_1143_11-011_labels.jpg,yes,1008974341,,,
1770341131504_0244_1143_11-011.jpg|RDC_SKU|4186|3088|4245|3249,1770341131504_0244_1143_11-011.jpg,1770341131504_0244_1143_11-011.json,116,RDC_SKU,,needs_review,,,,4186,3088,4245,3249,research_outputs/golden_dataset_local_tests/crops/1770341131504_0244_1143_11-011/116_RDC_SKU_4186_3088_4245_3249.jpg,research_outputs/golden_dataset_local_tests/label_overlays_expected_sku/1770341131504_0244_1143_11-011_labels.jpg,yes,1008974360,-10.0:1008974360|-5.0:1008974360|0.0:1008974360|5.0:1008974360|10.0:1008974360|180.0:1008974360,,
1770341131504_0244_1143_11-011.jpg|Printed_on_Box_SKU|4478|3104|4543|3253,1770341131504_0244_1143_11-011.jpg,1770341131504_0244_1143_11-011.json,119,Printed_on_Box_SKU,,needs_review,,,,4478,3104,4543,3253,research_outputs/golden_dataset_local_tests/crops/1770341131504_0244_1143_11-011/119_Printed_on_Box_SKU_4478_3104_4543_3253.jpg,research_outputs/golden_dataset_local_tests/label_overlays_expected_sku/1770341131504_0244_1143_11-011_labels.jpg,yes,1008974360,-10.0:1008974360|-5.0:1008974360|0.0:1008974360|5.0:1008974360|10.0:1008974360|180.0:1008974360,,
1770341131504_0244_1143_11-011.jpg|Printed_on_Box_SKU|4430|2873|4499|3021,1770341131504_0244_1143_11-011.jpg,1770341131504_0244_1143_11-011.json,122,Printed_on_Box_SKU,,needs_review,,,,4430,2873,4499,3021,research_outputs/golden_dataset_local_tests/crops/1770341131504_0244_1143_11-011/122_Printed_on_Box_SKU_4430_2873_4499_3021.jpg,research_outputs/golden_dataset_local_tests/label_overlays_expected_sku/1770341131504_0244_1143_11-011_labels.jpg,yes,1008974360,-10.0:1008974360|-5.0:1008974360|0.0:1008974360|5.0:1008974360|10.0:1008974360|180.0:1008974360,,
1770341131504_0244_1143_11-011.jpg|RDC_SKU|4216|2637|4282|2796,1770341131504_0244_1143_11-011.jpg,1770341131504_0244_1143_11-011.json,125,RDC_SKU,,needs_review,,,,4216,2637,4282,2796,research_outputs/golden_dataset_local_tests/crops/1770341131504_0244_1143_11-011/125_RDC_SKU_4216_2637_4282_2796.jpg,research_outputs/golden_dataset_local_tests/label_overlays_expected_sku/1770341131504_0244_1143_11-011_labels.jpg,yes,1008974360,-10.0:1008974360|-5.0:1008974360|0.0:1008974360|5.0:1008974360|10.0:1008974360|180.0:1008974360,,
1770341131504_0244_1143_11-011.jpg|Printed_on_Box_SKU|4379|2440|4440|2575,1770341131504_0244_1143_11-011.jpg,1770341131504_0244_1143_11-011.json,127,Printed_on_Box_SKU,,needs_review,,,,4379,2440,4440,2575,research_outputs/golden_dataset_local_tests/crops/1770341131504_0244_1143_11-011/127_Printed_on_Box_SKU_4379_2440_4440_2575.jpg,research_outputs/golden_dataset_local_tests/label_overlays_expected_sku/1770341131504_0244_1143_11-011_labels.jpg,yes,1008974360,,,
1770341131504_0244_1143_11-011.jpg|RDC_SKU|4262|2424|4348|2575,1770341131504_0244_1143_11-011.jpg,1770341131504_0244_1143_11-011.json,129,RDC_SKU,,needs_review,,,,4262,2424,4348,2575,research_outputs/golden_dataset_local_tests/crops/1770341131504_0244_1143_11-011/129_RDC_SKU_4262_2424_4348_2575.jpg,research_outputs/golden_dataset_local_tests/label_overlays_expected_sku/1770341131504_0244_1143_11-011_labels.jpg,yes,1008974360,-10.0:1008974360|-5.0:1008974360|0.0:1008974360|5.0:1008974360|10.0:1008974360|180.0:1008974360,,
1770341131504_0244_1143_11-011.jpg|Handwritte_SKU|1650|2096|1832|2185,1770341131504_0244_1143_11-011.jpg,1770341131504_0244_1143_11-011.json,174,Handwritte_SKU,,needs_review,,,,1650,2096,1832,2185,research_outputs/golden_dataset_local_tests/crops/1770341131504_0244_1143_11-011/174_Handwritte_SKU_1650_2096_1832_2185.jpg,research_outputs/golden_dataset_local_tests/label_overlays_expected_sku/1770341131504_0244_1143_11-011_labels.jpg,yes,100270,-10.0:100270|-5.0:100270|0.0:100270|5.0:100270|180.0:100270,,
1770341131504_0244_1143_11-011.jpg|Other_SKU|2161|1837|2325|1888,1770341131504_0244_1143_11-011.jpg,1770341131504_0244_1143_11-011.json,178,Other_SKU,,needs_review,,,,2161,1837,2325,1888,research_outputs/golden_dataset_local_tests/crops/1770341131504_0244_1143_11-011/178_Other_SKU_2161_1837_2325_1888.jpg,research_outputs/golden_dataset_local_tests/label_overlays_expected_sku/1770341131504_0244_1143_11-011_labels.jpg,yes,1056674350,10.0:1056674350,,
1770341131504_0244_1143_11-011.jpg|Other_SKU|2444|2108|2623|2164,1770341131504_0244_1143_11-011.jpg,1770341131504_0244_1143_11-011.json,180,Other_SKU,,needs_review,,,,2444,2108,2623,2164,research_outputs/golden_dataset_local_tests/crops/1770341131504_0244_1143_11-011/180_Other_SKU_2444_2108_2623_2164.jpg,research_outputs/golden_dataset_local_tests/label_overlays_expected_sku/1770341131504_0244_1143_11-011_labels.jpg,yes,1008877049,-10.0:1003877049|-5.0:1008877049|0.0:1008877049|5.0:1008877049|10.0:1008877049|180.0:1008877049,,
1770341131504_0244_1143_11-011.jpg|Other_SKU|2709|1783|2891|1843,1770341131504_0244_1143_11-011.jpg,1770341131504_0244_1143_11-011.json,181,Other_SKU,,needs_review,,,,2709,1783,2891,1843,research_outputs/golden_dataset_local_tests/crops/1770341131504_0244_1143_11-011/181_Other_SKU_2709_1783_2891_1843.jpg,research_outputs/golden_dataset_local_tests/label_overlays_expected_sku/1770341131504_0244_1143_11-011_labels.jpg,yes,574349,,,
1770341131504_0244_1143_11-011.jpg|Other_SKU|3002|2066|3187|2121,1770341131504_0244_1143_11-011.jpg,1770341131504_0244_1143_11-011.json,183,Other_SKU,,needs_review,,,,3002,2066,3187,2121,research_outputs/golden_dataset_local_tests/crops/1770341131504_0244_1143_11-011/183_Other_SKU_3002_2066_3187_2121.jpg,research_outputs/golden_dataset_local_tests/label_overlays_expected_sku/1770341131504_0244_1143_11-011_labels.jpg,yes,1003974343,-10.0:1003974343|-5.0:1003974343|0.0:1003974343|5.0:1003974343|10.0:1003974343|180.0:1003974343,,
1770341131504_0244_1143_11-011.jpg|Other_SKU|3380|1659|3566|1712,1770341131504_0244_1143_11-011.jpg,1770341131504_0244_1143_11-011.json,184,Other_SKU,,needs_review,,,,3380,1659,3566,1712,research_outputs/golden_dataset_local_tests/crops/1770341131504_0244_1143_11-011/184_Other_SKU_3380_1659_3566_1712.jpg,research_outputs/golden_dataset_local_tests/label_overlays_expected_sku/1770341131504_0244_1143_11-011_labels.jpg,yes,100370,,,
1770341131504_0244_1143_11-011.jpg|Other_SKU|3422|2018|3612|2073,1770341131504_0244_1143_11-011.jpg,1770341131504_0244_1143_11-011.json,186,Other_SKU,,needs_review,,,,3422,2018,3612,2073,research_outputs/golden_dataset_local_tests/crops/1770341131504_0244_1143_11-011/186_Other_SKU_3422_2018_3612_2073.jpg,research_outputs/golden_dataset_local_tests/label_overlays_expected_sku/1770341131504_0244_1143_11-011_labels.jpg,yes,100271,-10.0:100271|-5.0:100271|0.0:100271|5.0:100271|10.0:100271|180.0:100271,,
1770341131504_0244_1143_11-011.jpg|Other_SKU|3923|1612|4110|1668,1770341131504_0244_1143_11-011.jpg,1770341131504_0244_1143_11-011.json,187,Other_SKU,,needs_review,,,,3923,1612,4110,1668,research_outputs/golden_dataset_local_tests/crops/1770341131504_0244_1143_11-011/187_Other_SKU_3923_1612_4110_1668.jpg,research_outputs/golden_dataset_local_tests/label_overlays_expected_sku/1770341131504_0244_1143_11-011_labels.jpg,yes,,,,
1770341131504_0244_1143_11-011.jpg|Other_SKU|3940|3089|4001|3273,1770341131504_0244_1143_11-011.jpg,1770341131504_0244_1143_11-011.json,242,Other_SKU,,needs_review,,,,3940,3089,4001,3273,research_outputs/golden_dataset_local_tests/crops/1770341131504_0244_1143_11-011/242_Other_SKU_3940_3089_4001_3273.jpg,research_outputs/golden_dataset_local_tests/label_overlays_expected_sku/1770341131504_0244_1143_11-011_labels.jpg,yes,974341,,,
1770341131504_0244_1163_11-010.jpg|RDC_SKU|3157|2558|3343|2625,1770341131504_0244_1163_11-010.jpg,1770341131504_0244_1163_11-010.json,20,RDC_SKU,,needs_review,,,,3157,2558,3343,2625,research_outputs/golden_dataset_local_tests/crops/1770341131504_0244_1163_11-010/020_RDC_SKU_3157_2558_3343_2625.jpg,research_outputs/golden_dataset_local_tests/label_overlays_expected_sku/1770341131504_0244_1163_11-010_labels.jpg,yes,1000004778,-10.0:1000004778|-5.0:1000004778|0.0:1000004778|5.0:1000004778|10.0:1000004778|180.0:1000004778,,
1770341131504_0244_1163_11-010.jpg|Other_SKU|4026|1941|4068|2064,1770341131504_0244_1163_11-010.jpg,1770341131504_0244_1163_11-010.json,23,Other_SKU,,needs_review,,,,4026,1941,4068,2064,research_outputs/golden_dataset_local_tests/crops/1770341131504_0244_1163_11-010/023_Other_SKU_4026_1941_4068_2064.jpg,research_outputs/golden_dataset_local_tests/label_overlays_expected_sku/1770341131504_0244_1163_11-010_labels.jpg,yes,1003274830,-10.0:1003274830|-5.0:1003274830|0.0:1003274830|5.0:1003274830|10.0:1003274830|180.0:1003274830,,
1770341131504_0244_1163_11-010.jpg|Other_SKU|3713|1922|3757|2047,1770341131504_0244_1163_11-010.jpg,1770341131504_0244_1163_11-010.json,25,Other_SKU,,needs_review,,,,3713,1922,3757,2047,research_outputs/golden_dataset_local_tests/crops/1770341131504_0244_1163_11-010/025_Other_SKU_3713_1922_3757_2047.jpg,research_outputs/golden_dataset_local_tests/label_overlays_expected_sku/1770341131504_0244_1163_11-010_labels.jpg,yes,1003274830,-10.0:1003274030|-5.0:1003274830|0.0:1003274830|5.0:1003274030|10.0:1003274030|180.0:1003274030,,
1770341131504_0244_1163_11-010.jpg|Other_SKU|3475|1900|3513|2025,1770341131504_0244_1163_11-010.jpg,1770341131504_0244_1163_11-010.json,27,Other_SKU,,needs_review,,,,3475,1900,3513,2025,research_outputs/golden_dataset_local_tests/crops/1770341131504_0244_1163_11-010/027_Other_SKU_3475_1900_3513_2025.jpg,research_outputs/golden_dataset_local_tests/label_overlays_expected_sku/1770341131504_0244_1163_11-010_labels.jpg,yes,1003274830,-10.0:1003274830|-5.0:1003274830|0.0:1003274830|5.0:100327|10.0:1003274830|180.0:1003274830,,
1770341131504_0244_1163_11-010.jpg|Other_SKU|3466|1725|3504|1848,1770341131504_0244_1163_11-010.jpg,1770341131504_0244_1163_11-010.json,29,Other_SKU,,needs_review,,,,3466,1725,3504,1848,research_outputs/golden_dataset_local_tests/crops/1770341131504_0244_1163_11-010/029_Other_SKU_3466_1725_3504_1848.jpg,research_outputs/golden_dataset_local_tests/label_overlays_expected_sku/1770341131504_0244_1163_11-010_labels.jpg,yes,1003274830,-10.0:1003274830|-5.0:1003274830|0.0:1003274830|5.0:1003274830|10.0:1003274830|180.0:1003274830,,
1770341131504_0244_1163_11-010.jpg|Other_SKU|3787|1738|3831|1861,1770341131504_0244_1163_11-010.jpg,1770341131504_0244_1163_11-010.json,31,Other_SKU,,needs_review,,,,3787,1738,3831,1861,research_outputs/golden_dataset_local_tests/crops/1770341131504_0244_1163_11-010/031_Other_SKU_3787_1738_3831_1861.jpg,research_outputs/golden_dataset_local_tests/label_overlays_expected_sku/1770341131504_0244_1163_11-010_labels.jpg,yes,1003274830,-10.0:1003274030|-5.0:1003274830|0.0:1003274030|5.0:1003274030|10.0:1003274030|180.0:1003274830,,
1770341131504_0244_1163_11-010.jpg|Other_SKU|4008|1761|4050|1882,1770341131504_0244_1163_11-010.jpg,1770341131504_0244_1163_11-010.json,33,Other_SKU,,needs_review,,,,4008,1761,4050,1882,research_outputs/golden_dataset_local_tests/crops/1770341131504_0244_1163_11-010/033_Other_SKU_4008_1761_4050_1882.jpg,research_outputs/golden_dataset_local_tests/label_overlays_expected_sku/1770341131504_0244_1163_11-010_labels.jpg,yes,1003274830,-10.0:1003274830|-5.0:1003274830|0.0:1003274830|5.0:1003274830|10.0:1003274830|180.0:1003274830,,
1770341131504_0244_1163_11-010.jpg|Other_SKU|3072|1970|3142|2002,1770341131504_0244_1163_11-010.jpg,1770341131504_0244_1163_11-010.json,35,Other_SKU,,needs_review,,,,3072,1970,3142,2002,research_outputs/golden_dataset_local_tests/crops/1770341131504_0244_1163_11-010/035_Other_SKU_3072_1970_3142_2002.jpg,research_outputs/golden_dataset_local_tests/label_overlays_expected_sku/1770341131504_0244_1163_11-010_labels.jpg,yes,273870,0.0:271579|180.0:271579,,
1770341131504_0244_1163_11-010.jpg|Other_SKU|2772|2040|2871|2082,1770341131504_0244_1163_11-010.jpg,1770341131504_0244_1163_11-010.json,37,Other_SKU,,needs_review,,,,2772,2040,2871,2082,research_outputs/golden_dataset_local_tests/crops/1770341131504_0244_1163_11-010/037_Other_SKU_2772_2040_2871_2082.jpg,research_outputs/golden_dataset_local_tests/label_overlays_expected_sku/1770341131504_0244_1163_11-010_labels.jpg,yes,,,,
1770341131504_0244_1163_11-010.jpg|Other_SKU|2599|1827|2704|1860,1770341131504_0244_1163_11-010.jpg,1770341131504_0244_1163_11-010.json,39,Other_SKU,,needs_review,,,,2599,1827,2704,1860,research_outputs/golden_dataset_local_tests/crops/1770341131504_0244_1163_11-010/039_Other_SKU_2599_1827_2704_1860.jpg,research_outputs/golden_dataset_local_tests/label_overlays_expected_sku/1770341131504_0244_1163_11-010_labels.jpg,yes,1009274830,-10.0:1005274830|0.0:1005274800|180.0:109927,,
1770341131504_0244_1163_11-010.jpg|Other_SKU|2385|1836|2489|1870,1770341131504_0244_1163_11-010.jpg,1770341131504_0244_1163_11-010.json,41,Other_SKU,,needs_review,,,,2385,1836,2489,1870,research_outputs/golden_dataset_local_tests/crops/1770341131504_0244_1163_11-010/041_Other_SKU_2385_1836_2489_1870.jpg,research_outputs/golden_dataset_local_tests/label_overlays_expected_sku/1770341131504_0244_1163_11-010_labels.jpg,yes,1003274830,-10.0:1003274830|-5.0:1003274830|0.0:1003274830|5.0:1003274830|10.0:1003274830|180.0:1003274830,,
1770341131504_0244_1163_11-010.jpg|Other_SKU|1967|1877|2065|1908,1770341131504_0244_1163_11-010.jpg,1770341131504_0244_1163_11-010.json,43,Other_SKU,,needs_review,,,,1967,1877,2065,1908,research_outputs/golden_dataset_local_tests/crops/1770341131504_0244_1163_11-010/043_Other_SKU_1967_1877_2065_1908.jpg,research_outputs/golden_dataset_local_tests/label_overlays_expected_sku/1770341131504_0244_1163_11-010_labels.jpg,yes,274866,0.0:274865|180.0:274866,,
1770341131504_0244_1163_11-010.jpg|Other_SKU|2199|2726|2368|2776,1770341131504_0244_1163_11-010.jpg,1770341131504_0244_1163_11-010.json,54,Other_SKU,,needs_review,,,,2199,2726,2368,2776,research_outputs/golden_dataset_local_tests/crops/1770341131504_0244_1163_11-010/054_Other_SKU_2199_2726_2368_2776.jpg,research_outputs/golden_dataset_local_tests/label_overlays_expected_sku/1770341131504_0244_1163_11-010_labels.jpg,yes,1006601838,-10.0:1006601838|-5.0:1006601838|0.0:1006601838|5.0:1006601838|10.0:1006601838|180.0:1006601838,,
1770341131504_0244_1163_11-010.jpg|Other_SKU|2535|2806|2713|2862,1770341131504_0244_1163_11-010.jpg,1770341131504_0244_1163_11-010.json,110,Other_SKU,,needs_review,,,,2535,2806,2713,2862,research_outputs/golden_dataset_local_tests/crops/1770341131504_0244_1163_11-010/110_Other_SKU_2535_2806_2713_2862.jpg,research_outputs/golden_dataset_local_tests/label_overlays_expected_sku/1770341131504_0244_1163_11-010_labels.jpg,yes,1010709311,-10.0:1010709311|-5.0:1010709311|0.0:1010709311|5.0:1010709311|10.0:1010709311|180.0:1010709311,,
1770341131504_0244_1165_11-009.jpg|RDC_SKU|3297|1787|3468|1838,1770341131504_0244_1165_11-009.jpg,1770341131504_0244_1165_11-009.json,1,RDC_SKU,,needs_review,,,,3297,1787,3468,1838,research_outputs/golden_dataset_local_tests/crops/1770341131504_0244_1165_11-009/001_RDC_SKU_3297_1787_3468_1838.jpg,research_outputs/golden_dataset_local_tests/label_overlays_expected_sku/1770341131504_0244_1165_11-009_labels.jpg,yes,1001536204,-10.0:1001536204|-5.0:1001536204|0.0:1001536204|5.0:1001536204|10.0:1001536204|180.0:1001536204,,
1770341131504_0244_1165_11-009.jpg|RDC_SKU|4139|1658|4303|1717,1770341131504_0244_1165_11-009.jpg,1770341131504_0244_1165_11-009.json,8,RDC_SKU,,needs_review,,,,4139,1658,4303,1717,research_outputs/golden_dataset_local_tests/crops/1770341131504_0244_1165_11-009/008_RDC_SKU_4139_1658_4303_1717.jpg,research_outputs/golden_dataset_local_tests/label_overlays_expected_sku/1770341131504_0244_1165_11-009_labels.jpg,yes,1006478190,-10.0:1006478190|-5.0:1006478190|0.0:1006478190|5.0:1006478190|10.0:1006478190|180.0:1006478190,,
1770341131504_0244_1165_11-009.jpg|RDC_SKU|4040|1258|4197|1309,1770341131504_0244_1165_11-009.jpg,1770341131504_0244_1165_11-009.json,10,RDC_SKU,,needs_review,,,,4040,1258,4197,1309,research_outputs/golden_dataset_local_tests/crops/1770341131504_0244_1165_11-009/010_RDC_SKU_4040_1258_4197_1309.jpg,research_outputs/golden_dataset_local_tests/label_overlays_expected_sku/1770341131504_0244_1165_11-009_labels.jpg,yes,1006478190,-10.0:1006478190|-5.0:1006478190|0.0:1006478190|5.0:1006478190|10.0:1006478190|180.0:1005478190,,
1770341131504_0244_1165_11-009.jpg|RDC_SKU|4465|1387|4625|1438,1770341131504_0244_1165_11-009.jpg,1770341131504_0244_1165_11-009.json,12,RDC_SKU,,needs_review,,,,4465,1387,4625,1438,research_outputs/golden_dataset_local_tests/crops/1770341131504_0244_1165_11-009/012_RDC_SKU_4465_1387_4625_1438.jpg,research_outputs/golden_dataset_local_tests/label_overlays_expected_sku/1770341131504_0244_1165_11-009_labels.jpg,yes,1012489735,-10.0:1012489735|-5.0:1012489735|0.0:1012489735|5.0:1012489735|10.0:1012489735|180.0:1012489735,,
1770341131504_0244_1165_11-009.jpg|RDC_SKU|3814|3054|3990|3105,1770341131504_0244_1165_11-009.jpg,1770341131504_0244_1165_11-009.json,16,RDC_SKU,,needs_review,,,,3814,3054,3990,3105,research_outputs/golden_dataset_local_tests/crops/1770341131504_0244_1165_11-009/016_RDC_SKU_3814_3054_3990_3105.jpg,research_outputs/golden_dataset_local_tests/label_overlays_expected_sku/1770341131504_0244_1165_11-009_labels.jpg,yes,1006478200,-10.0:1006478200|-5.0:1006478200|0.0:1006478200|5.0:1006478200|10.0:1006478200|180.0:1006478200,,
1770341131504_0244_1165_11-009.jpg|RDC_SKU|3762|2619|3938|2677,1770341131504_0244_1165_11-009.jpg,1770341131504_0244_1165_11-009.json,19,RDC_SKU,,needs_review,,,,3762,2619,3938,2677,research_outputs/golden_dataset_local_tests/crops/1770341131504_0244_1165_11-009/019_RDC_SKU_3762_2619_3938_2677.jpg,research_outputs/golden_dataset_local_tests/label_overlays_expected_sku/1770341131504_0244_1165_11-009_labels.jpg,yes,1006478200,-10.0:1006478200|-5.0:1006478200|0.0:1006478200|5.0:1006478200|10.0:1006478200|180.0:1006478200,,
1770341131504_0244_1165_11-009.jpg|RDC_SKU|4177|2280|4357|2350,1770341131504_0244_1165_11-009.jpg,1770341131504_0244_1165_11-009.json,24,RDC_SKU,,needs_review,,,,4177,2280,4357,2350,research_outputs/golden_dataset_local_tests/crops/1770341131504_0244_1165_11-009/024_RDC_SKU_4177_2280_4357_2350.jpg,research_outputs/golden_dataset_local_tests/label_overlays_expected_sku/1770341131504_0244_1165_11-009_labels.jpg,yes,1005478200,-10.0:1005478200|-5.0:1005478200|0.0:1005478200|5.0:1005478200|10.0:1005478200|180.0:1005478200,,
1770341131504_0244_1165_11-009.jpg|RDC_SKU|4464|2412|4624|2481,1770341131504_0244_1165_11-009.jpg,1770341131504_0244_1165_11-009.json,26,RDC_SKU,,needs_review,,,,4464,2412,4624,2481,research_outputs/golden_dataset_local_tests/crops/1770341131504_0244_1165_11-009/026_RDC_SKU_4464_2412_4624_2481.jpg,research_outputs/golden_dataset_local_tests/label_overlays_expected_sku/1770341131504_0244_1165_11-009_labels.jpg,yes,882100,-10.0:882100|-5.0:882100|0.0:882100|5.0:882100|10.0:882100|180.0:882100,,
1770341131504_0244_1165_11-009.jpg|RDC_SKU|4527|2843|4692|2910,1770341131504_0244_1165_11-009.jpg,1770341131504_0244_1165_11-009.json,28,RDC_SKU,,needs_review,,,,4527,2843,4692,2910,research_outputs/golden_dataset_local_tests/crops/1770341131504_0244_1165_11-009/028_RDC_SKU_4527_2843_4692_2910.jpg,research_outputs/golden_dataset_local_tests/label_overlays_expected_sku/1770341131504_0244_1165_11-009_labels.jpg,yes,738301,-10.0:738301|-5.0:738301|0.0:788301|5.0:788301|10.0:788301|180.0:788301,,
1770341131504_0244_1165_11-009.jpg|RDC_SKU|4740|2689|4902|2754,1770341131504_0244_1165_11-009.jpg,1770341131504_0244_1165_11-009.json,32,RDC_SKU,,needs_review,,,,4740,2689,4902,2754,research_outputs/golden_dataset_local_tests/crops/1770341131504_0244_1165_11-009/032_RDC_SKU_4740_2689_4902_2754.jpg,research_outputs/golden_dataset_local_tests/label_overlays_expected_sku/1770341131504_0244_1165_11-009_labels.jpg,yes,738237,-10.0:138231|-5.0:738237|0.0:138237|5.0:738237|10.0:738237|180.0:130237,,
1770341131504_0244_1165_11-009.jpg|Handwritte_SKU|4441|1754|4547|2012,1770341131504_0244_1165_11-009.jpg,1770341131504_0244_1165_11-009.json,53,Handwritte_SKU,,needs_review,,,,4441,1754,4547,2012,research_outputs/golden_dataset_local_tests/crops/1770341131504_0244_1165_11-009/053_Handwritte_SKU_4441_1754_4547_2012.jpg,research_outputs/golden_dataset_local_tests/label_overlays_expected_sku/1770341131504_0244_1165_11-009_labels.jpg,yes,1014642391,,,
1770341131504_0244_1186_11-008.jpg|RDC_SKU|74|1558|164|1600,1770341131504_0244_1186_11-008.jpg,1770341131504_0244_1186_11-008.json,21,RDC_SKU,,needs_review,,,,74,1558,164,1600,research_outputs/golden_dataset_local_tests/crops/1770341131504_0244_1186_11-008/021_RDC_SKU_74_1558_164_1600.jpg,research_outputs/golden_dataset_local_tests/label_overlays_expected_sku/1770341131504_0244_1186_11-008_labels.jpg,yes,350611,0.0:350611|5.0:350811|10.0:350611|180.0:550011,,
1770341131504_0244_1186_11-008.jpg|RDC_SKU|647|1555|781|1608,1770341131504_0244_1186_11-008.jpg,1770341131504_0244_1186_11-008.json,93,RDC_SKU,,needs_review,,,,647,1555,781,1608,research_outputs/golden_dataset_local_tests/crops/1770341131504_0244_1186_11-008/093_RDC_SKU_647_1555_781_1608.jpg,research_outputs/golden_dataset_local_tests/label_overlays_expected_sku/1770341131504_0244_1186_11-008_labels.jpg,yes,,,,
1770341131504_0244_1186_11-008.jpg|Handwritte_SKU|821|1588|1116|1672,1770341131504_0244_1186_11-008.jpg,1770341131504_0244_1186_11-008.json,100,Handwritte_SKU,,needs_review,,,,821,1588,1116,1672,research_outputs/golden_dataset_local_tests/crops/1770341131504_0244_1186_11-008/100_Handwritte_SKU_821_1588_1116_1672.jpg,research_outputs/golden_dataset_local_tests/label_overlays_expected_sku/1770341131504_0244_1186_11-008_labels.jpg,yes,1001749883,-10.0:1001749883|-5.0:1001749883|0.0:1001749883|5.0:1001749883|10.0:1001749883|180.0:1001749883,,
1770341131504_0244_1186_11-008.jpg|RDC_SKU|855|1523|999|1595,1770341131504_0244_1186_11-008.jpg,1770341131504_0244_1186_11-008.json,102,RDC_SKU,,needs_review,,,,855,1523,999,1595,research_outputs/golden_dataset_local_tests/crops/1770341131504_0244_1186_11-008/102_RDC_SKU_855_1523_999_1595.jpg,research_outputs/golden_dataset_local_tests/label_overlays_expected_sku/1770341131504_0244_1186_11-008_labels.jpg,yes,1001745993,-10.0:100174|-5.0:1001745993|5.0:100174|10.0:100174,,
1770341131504_0244_1186_11-008.jpg|RDC_SKU|922|1354|1024|1397,1770341131504_0244_1186_11-008.jpg,1770341131504_0244_1186_11-008.json,107,RDC_SKU,,needs_review,,,,922,1354,1024,1397,research_outputs/golden_dataset_local_tests/crops/1770341131504_0244_1186_11-008/107_RDC_SKU_922_1354_1024_1397.jpg,research_outputs/golden_dataset_local_tests/label_overlays_expected_sku/1770341131504_0244_1186_11-008_labels.jpg,yes,239536,-10.0:239536|-5.0:239536|0.0:239536|5.0:239536|10.0:239536|180.0:239536,,
1770341131504_0244_1186_11-008.jpg|RDC_SKU|1299|1401|1398|1433,1770341131504_0244_1186_11-008.jpg,1770341131504_0244_1186_11-008.json,115,RDC_SKU,,needs_review,,,,1299,1401,1398,1433,research_outputs/golden_dataset_local_tests/crops/1770341131504_0244_1186_11-008/115_RDC_SKU_1299_1401_1398_1433.jpg,research_outputs/golden_dataset_local_tests/label_overlays_expected_sku/1770341131504_0244_1186_11-008_labels.jpg,yes,502022,-10.0:502022|-5.0:502022|0.0:502022|5.0:502022|10.0:502022|180.0:502022,,
1770341131504_0244_1186_11-008.jpg|RDC_SKU|1242|1732|1367|1804,1770341131504_0244_1186_11-008.jpg,1770341131504_0244_1186_11-008.json,123,RDC_SKU,,needs_review,,,,1242,1732,1367,1804,research_outputs/golden_dataset_local_tests/crops/1770341131504_0244_1186_11-008/123_RDC_SKU_1242_1732_1367_1804.jpg,research_outputs/golden_dataset_local_tests/label_overlays_expected_sku/1770341131504_0244_1186_11-008_labels.jpg,yes,,,,
1770341131504_0244_1186_11-008.jpg|Handwritte_SKU|1581|1672|1772|1715,1770341131504_0244_1186_11-008.jpg,1770341131504_0244_1186_11-008.json,137,Handwritte_SKU,,needs_review,,,,1581,1672,1772,1715,research_outputs/golden_dataset_local_tests/crops/1770341131504_0244_1186_11-008/137_Handwritte_SKU_1581_1672_1772_1715.jpg,research_outputs/golden_dataset_local_tests/label_overlays_expected_sku/1770341131504_0244_1186_11-008_labels.jpg,yes,,,,
1770341131504_0244_1186_11-008.jpg|Handwritte_SKU|1577|1700|1772|1738,1770341131504_0244_1186_11-008.jpg,1770341131504_0244_1186_11-008.json,139,Handwritte_SKU,,needs_review,,,,1577,1700,1772,1738,research_outputs/golden_dataset_local_tests/crops/1770341131504_0244_1186_11-008/139_Handwritte_SKU_1577_1700_1772_1738.jpg,research_outputs/golden_dataset_local_tests/label_overlays_expected_sku/1770341131504_0244_1186_11-008_labels.jpg,yes,482050,5.0:482050,,
1770341131504_0244_1186_11-008.jpg|Handwritte_SKU|1573|1730|1769|1769,1770341131504_0244_1186_11-008.jpg,1770341131504_0244_1186_11-008.json,141,Handwritte_SKU,,needs_review,,,,1573,1730,1769,1769,research_outputs/golden_dataset_local_tests/crops/1770341131504_0244_1186_11-008/141_Handwritte_SKU_1573_1730_1769_1769.jpg,research_outputs/golden_dataset_local_tests/label_overlays_expected_sku/1770341131504_0244_1186_11-008_labels.jpg,yes,940555,-10.0:990555|-5.0:990555|10.0:940555,,
1770341131504_0244_1186_11-008.jpg|Handwritte_SKU|1569|1759|1760|1800,1770341131504_0244_1186_11-008.jpg,1770341131504_0244_1186_11-008.json,143,Handwritte_SKU,,needs_review,,,,1569,1759,1760,1800,research_outputs/golden_dataset_local_tests/crops/1770341131504_0244_1186_11-008/143_Handwritte_SKU_1569_1759_1760_1800.jpg,research_outputs/golden_dataset_local_tests/label_overlays_expected_sku/1770341131504_0244_1186_11-008_labels.jpg,yes,1002624587,-10.0:1002624587|0.0:1002624587|5.0:1002129587|10.0:1002129587|180.0:629200,,
1770341131504_0244_1186_11-008.jpg|RDC_SKU|1647|1390|1803|1444,1770341131504_0244_1186_11-008.jpg,1770341131504_0244_1186_11-008.json,145,RDC_SKU,,needs_review,,,,1647,1390,1803,1444,research_outputs/golden_dataset_local_tests/crops/1770341131504_0244_1186_11-008/145_RDC_SKU_1647_1390_1803_1444.jpg,research_outputs/golden_dataset_local_tests/label_overlays_expected_sku/1770341131504_0244_1186_11-008_labels.jpg,yes,1003099575,-10.0:1003099575|-5.0:1003099575|0.0:1003099575|5.0:1003099575|10.0:1003099575|180.0:1003099575,,
1770341131504_0244_1186_11-008.jpg|RDC_SKU|1992|1418|2151|1478,1770341131504_0244_1186_11-008.jpg,1770341131504_0244_1186_11-008.json,159,RDC_SKU,,needs_review,,,,1992,1418,2151,1478,research_outputs/golden_dataset_local_tests/crops/1770341131504_0244_1186_11-008/159_RDC_SKU_1992_1418_2151_1478.jpg,research_outputs/golden_dataset_local_tests/label_overlays_expected_sku/1770341131504_0244_1186_11-008_labels.jpg,yes,1009330251,-10.0:1009339251|-5.0:1009339251|0.0:1009339251|5.0:1009339251|10.0:1009339251|180.0:1009330051,,
1770341131504_0244_1186_11-008.jpg|RDC_SKU|1998|1672|2103|1718,1770341131504_0244_1186_11-008.jpg,1770341131504_0244_1186_11-008.json,167,RDC_SKU,,needs_review,,,,1998,1672,2103,1718,research_outputs/golden_dataset_local_tests/crops/1770341131504_0244_1186_11-008/167_RDC_SKU_1998_1672_2103_1718.jpg,research_outputs/golden_dataset_local_tests/label_overlays_expected_sku/1770341131504_0244_1186_11-008_labels.jpg,yes,560223,-10.0:560223|-5.0:560223|0.0:560223|5.0:560223|10.0:560223|180.0:560223,,
1770341131504_0244_1191_11-007.jpg|Pallet_SKU|1661|712|1898|801,1770341131504_0244_1191_11-007.jpg,1770341131504_0244_1191_11-007.json,0,Pallet_SKU,,needs_review,,,,1661,712,1898,801,research_outputs/golden_dataset_local_tests/crops/1770341131504_0244_1191_11-007/000_Pallet_SKU_1661_712_1898_801.jpg,research_outputs/golden_dataset_local_tests/label_overlays_expected_sku/1770341131504_0244_1191_11-007_labels.jpg,yes,1007342971,-10.0:1007342971|-5.0:1007342971|0.0:1007342971|5.0:1007342971|10.0:1007342971|180.0:1007342971,,
1770341131504_0244_1191_11-007.jpg|Pallet_SKU|1659|658|1898|749,1770341131504_0244_1191_11-007.jpg,1770341131504_0244_1191_11-007.json,1,Pallet_SKU,,needs_review,,,,1659,658,1898,749,research_outputs/golden_dataset_local_tests/crops/1770341131504_0244_1191_11-007/001_Pallet_SKU_1659_658_1898_749.jpg,research_outputs/golden_dataset_local_tests/label_overlays_expected_sku/1770341131504_0244_1191_11-007_labels.jpg,yes,1002818406,-10.0:1002818406|-5.0:1002818406|0.0:1002818406|5.0:1002818406|10.0:1002818406|180.0:1002818406,,
1770341131504_0244_1191_11-007.jpg|Pallet_SKU|3529|455|3779|513,1770341131504_0244_1191_11-007.jpg,1770341131504_0244_1191_11-007.json,3,Pallet_SKU,,needs_review,,,,3529,455,3779,513,research_outputs/golden_dataset_local_tests/crops/1770341131504_0244_1191_11-007/003_Pallet_SKU_3529_455_3779_513.jpg,research_outputs/golden_dataset_local_tests/label_overlays_expected_sku/1770341131504_0244_1191_11-007_labels.jpg,yes,1001298075,-10.0:1001298075|-5.0:1001298075|0.0:1001298075|5.0:1001298075|10.0:1001298075|180.0:1001298075,,
1770341131504_0244_1191_11-007.jpg|Pallet_SKU|3530|405|3770|462,1770341131504_0244_1191_11-007.jpg,1770341131504_0244_1191_11-007.json,4,Pallet_SKU,,needs_review,,,,3530,405,3770,462,research_outputs/golden_dataset_local_tests/crops/1770341131504_0244_1191_11-007/004_Pallet_SKU_3530_405_3770_462.jpg,research_outputs/golden_dataset_local_tests/label_overlays_expected_sku/1770341131504_0244_1191_11-007_labels.jpg,yes,1001078103,-10.0:1001078103|-5.0:1001078103|0.0:1001078103|5.0:1001078103|10.0:1001078103|180.0:1001078103,,
1770341131504_0244_1191_11-007.jpg|Pallet_SKU|3799|716|3974|777,1770341131504_0244_1191_11-007.jpg,1770341131504_0244_1191_11-007.json,6,Pallet_SKU,,needs_review,,,,3799,716,3974,777,research_outputs/golden_dataset_local_tests/crops/1770341131504_0244_1191_11-007/006_Pallet_SKU_3799_716_3974_777.jpg,research_outputs/golden_dataset_local_tests/label_overlays_expected_sku/1770341131504_0244_1191_11-007_labels.jpg,yes,525441,-10.0:525441|-5.0:525441|0.0:525441|5.0:525441|10.0:525441|180.0:525441,,
1770341131504_0244_1191_11-007.jpg|Pallet_SKU|3775|656|3958|720,1770341131504_0244_1191_11-007.jpg,1770341131504_0244_1191_11-007.json,7,Pallet_SKU,,needs_review,,,,3775,656,3958,720,research_outputs/golden_dataset_local_tests/crops/1770341131504_0244_1191_11-007/007_Pallet_SKU_3775_656_3958_720.jpg,research_outputs/golden_dataset_local_tests/label_overlays_expected_sku/1770341131504_0244_1191_11-007_labels.jpg,yes,525430,-10.0:525430|-5.0:525430|0.0:525430|5.0:525430|10.0:525430|180.0:525430,,
1770341131504_0244_1191_11-007.jpg|Pallet_SKU|3769|604|3939|662,1770341131504_0244_1191_11-007.jpg,1770341131504_0244_1191_11-007.json,8,Pallet_SKU,,needs_review,,,,3769,604,3939,662,research_outputs/golden_dataset_local_tests/crops/1770341131504_0244_1191_11-007/008_Pallet_SKU_3769_604_3939_662.jpg,research_outputs/golden_dataset_local_tests/label_overlays_expected_sku/1770341131504_0244_1191_11-007_labels.jpg,yes,401454,-10.0:401454|-5.0:401454|0.0:401454|5.0:401454|10.0:401454|180.0:401454,,
1770341131504_0244_1191_11-007.jpg|RDC_SKU|3953|1398|4117|1453,1770341131504_0244_1191_11-007.jpg,1770341131504_0244_1191_11-007.json,12,RDC_SKU,,needs_review,,,,3953,1398,4117,1453,research_outputs/golden_dataset_local_tests/crops/1770341131504_0244_1191_11-007/012_RDC_SKU_3953_1398_4117_1453.jpg,research_outputs/golden_dataset_local_tests/label_overlays_expected_sku/1770341131504_0244_1191_11-007_labels.jpg,yes,,,,
1770341131504_0244_1191_11-007.jpg|Handwritte_SKU|3593|1400|3786|1474,1770341131504_0244_1191_11-007.jpg,1770341131504_0244_1191_11-007.json,15,Handwritte_SKU,,needs_review,,,,3593,1400,3786,1474,research_outputs/golden_dataset_local_tests/crops/1770341131504_0244_1191_11-007/015_Handwritte_SKU_3593_1400_3786_1474.jpg,research_outputs/golden_dataset_local_tests/label_overlays_expected_sku/1770341131504_0244_1191_11-007_labels.jpg,yes,909843,-10.0:909843|-5.0:909843|0.0:909843|5.0:909843|10.0:909843|180.0:909843,,
1770341131504_0244_1191_11-007.jpg|RDC_SKU|3241|1418|3406|1477,1770341131504_0244_1191_11-007.jpg,1770341131504_0244_1191_11-007.json,17,RDC_SKU,,needs_review,,,,3241,1418,3406,1477,research_outputs/golden_dataset_local_tests/crops/1770341131504_0244_1191_11-007/017_RDC_SKU_3241_1418_3406_1477.jpg,research_outputs/golden_dataset_local_tests/label_overlays_expected_sku/1770341131504_0244_1191_11-007_labels.jpg,yes,578874,-10.0:573074|-5.0:573274|0.0:573174|5.0:573274|10.0:573274|180.0:573174,,
1770341131504_0244_1191_11-007.jpg|RDC_SKU|3004|1574|3171|1627,1770341131504_0244_1191_11-007.jpg,1770341131504_0244_1191_11-007.json,20,RDC_SKU,,needs_review,,,,3004,1574,3171,1627,research_outputs/golden_dataset_local_tests/crops/1770341131504_0244_1191_11-007/020_RDC_SKU_3004_1574_3171_1627.jpg,research_outputs/golden_dataset_local_tests/label_overlays_expected_sku/1770341131504_0244_1191_11-007_labels.jpg,yes,1012489014,-10.0:1012489014|-5.0:1012489014|0.0:1012489014|5.0:1012489014|10.0:1012489014|180.0:1012489014,,
1770341131504_0244_1191_11-007.jpg|RDC_SKU|2806|2014|2973|2082,1770341131504_0244_1191_11-007.jpg,1770341131504_0244_1191_11-007.json,25,RDC_SKU,,needs_review,,,,2806,2014,2973,2082,research_outputs/golden_dataset_local_tests/crops/1770341131504_0244_1191_11-007/025_RDC_SKU_2806_2014_2973_2082.jpg,research_outputs/golden_dataset_local_tests/label_overlays_expected_sku/1770341131504_0244_1191_11-007_labels.jpg,yes,739757,-10.0:739757|-5.0:739757|0.0:739757|5.0:739757|10.0:739757|180.0:739757,,
1770341131504_0244_1191_11-007.jpg|Handwritte_SKU|4186|1472|4270|1667,1770341131504_0244_1191_11-007.jpg,1770341131504_0244_1191_11-007.json,27,Handwritte_SKU,,needs_review,,,,4186,1472,4270,1667,research_outputs/golden_dataset_local_tests/crops/1770341131504_0244_1191_11-007/027_Handwritte_SKU_4186_1472_4270_1667.jpg,research_outputs/golden_dataset_local_tests/label_overlays_expected_sku/1770341131504_0244_1191_11-007_labels.jpg,yes,1013648979,-10.0:1613648979|-5.0:1013648979|0.0:1013648979|5.0:1013648979|10.0:1013648979|180.0:1013648979,,
1770341131504_0244_1191_11-007.jpg|RDC_SKU|3046|2047|3217|2115,1770341131504_0244_1191_11-007.jpg,1770341131504_0244_1191_11-007.json,30,RDC_SKU,,needs_review,,,,3046,2047,3217,2115,research_outputs/golden_dataset_local_tests/crops/1770341131504_0244_1191_11-007/030_RDC_SKU_3046_2047_3217_2115.jpg,research_outputs/golden_dataset_local_tests/label_overlays_expected_sku/1770341131504_0244_1191_11-007_labels.jpg,yes,1006478197,-10.0:1006478197|-5.0:1006478197|0.0:1006478197|5.0:1006478197|10.0:1006478197|180.0:1618479001,,
1770341131504_0244_1191_11-007.jpg|RDC_SKU|3284|1816|3453|1871,1770341131504_0244_1191_11-007.jpg,1770341131504_0244_1191_11-007.json,33,RDC_SKU,,needs_review,,,,3284,1816,3453,1871,research_outputs/golden_dataset_local_tests/crops/1770341131504_0244_1191_11-007/033_RDC_SKU_3284_1816_3453_1871.jpg,research_outputs/golden_dataset_local_tests/label_overlays_expected_sku/1770341131504_0244_1191_11-007_labels.jpg,yes,573874,-10.0:573874|-5.0:573874|0.0:573874|5.0:573874|10.0:573874|180.0:573874,,
1770341131504_0244_1191_11-007.jpg|Handwritte_SKU|3606|1771|3837|1843,1770341131504_0244_1191_11-007.jpg,1770341131504_0244_1191_11-007.json,35,Handwritte_SKU,,needs_review,,,,3606,1771,3837,1843,research_outputs/golden_dataset_local_tests/crops/1770341131504_0244_1191_11-007/035_Handwritte_SKU_3606_1771_3837_1843.jpg,research_outputs/golden_dataset_local_tests/label_overlays_expected_sku/1770341131504_0244_1191_11-007_labels.jpg,yes,909843,-10.0:909843|-5.0:909843|0.0:909843|5.0:909843|10.0:909843|180.0:909843,,
1770341131504_0244_1191_11-007.jpg|Handwritte_SKU|3936|1784|4033|2083,1770341131504_0244_1191_11-007.jpg,1770341131504_0244_1191_11-007.json,39,Handwritte_SKU,,needs_review,,,,3936,1784,4033,2083,research_outputs/golden_dataset_local_tests/crops/1770341131504_0244_1191_11-007/039_Handwritte_SKU_3936_1784_4033_2083.jpg,research_outputs/golden_dataset_local_tests/label_overlays_expected_sku/1770341131504_0244_1191_11-007_labels.jpg,yes,1013642395,-5.0:1013642395|0.0:1013642395|5.0:1013642395|180.0:1013642395,,
1770341131504_0244_1191_11-007.jpg|Handwritte_SKU|4236|1787|4484|1934,1770341131504_0244_1191_11-007.jpg,1770341131504_0244_1191_11-007.json,42,Handwritte_SKU,,needs_review,,,,4236,1787,4484,1934,research_outputs/golden_dataset_local_tests/crops/1770341131504_0244_1191_11-007/042_Handwritte_SKU_4236_1787_4484_1934.jpg,research_outputs/golden_dataset_local_tests/label_overlays_expected_sku/1770341131504_0244_1191_11-007_labels.jpg,yes,642397,-10.0:642397|-5.0:995870|0.0:399587|5.0:995870|10.0:995870|180.0:399587,,
1770341131504_0244_1191_11-007.jpg|RDC_SKU|1694|2787|1859|2843,1770341131504_0244_1191_11-007.jpg,1770341131504_0244_1191_11-007.json,46,RDC_SKU,,needs_review,,,,1694,2787,1859,2843,research_outputs/golden_dataset_local_tests/crops/1770341131504_0244_1191_11-007/046_RDC_SKU_1694_2787_1859_2843.jpg,research_outputs/golden_dataset_local_tests/label_overlays_expected_sku/1770341131504_0244_1191_11-007_labels.jpg,yes,971419,-10.0:971419|-5.0:971419|0.0:971419|5.0:971419|10.0:971419|180.0:971419,,
1770341131504_0244_1191_11-007.jpg|RDC_SKU|1437|2921|1593|2972,1770341131504_0244_1191_11-007.jpg,1770341131504_0244_1191_11-007.json,47,RDC_SKU,,needs_review,,,,1437,2921,1593,2972,research_outputs/golden_dataset_local_tests/crops/1770341131504_0244_1191_11-007/047_RDC_SKU_1437_2921_1593_2972.jpg,research_outputs/golden_dataset_local_tests/label_overlays_expected_sku/1770341131504_0244_1191_11-007_labels.jpg,yes,1005478198,-10.0:1006478198|-5.0:1006478198|0.0:1005478198|5.0:1005478198|10.0:1005478198|180.0:1006478198,,
1770341131504_0244_1191_11-007.jpg|RDC_SKU|1681|2903|1846|2959,1770341131504_0244_1191_11-007.jpg,1770341131504_0244_1191_11-007.json,51,RDC_SKU,,needs_review,,,,1681,2903,1846,2959,research_outputs/golden_dataset_local_tests/crops/1770341131504_0244_1191_11-007/051_RDC_SKU_1681_2903_1846_2959.jpg,research_outputs/golden_dataset_local_tests/label_overlays_expected_sku/1770341131504_0244_1191_11-007_labels.jpg,yes,1004470511,-10.0:1004470511|-5.0:1004470511|0.0:1004470511|5.0:1004470511|10.0:1004470511|180.0:1004470511,,
1770341131504_0244_1191_11-007.jpg|RDC_SKU|1893|2839|2056|2897,1770341131504_0244_1191_11-007.jpg,1770341131504_0244_1191_11-007.json,54,RDC_SKU,,needs_review,,,,1893,2839,2056,2897,research_outputs/golden_dataset_local_tests/crops/1770341131504_0244_1191_11-007/054_RDC_SKU_1893_2839_2056_2897.jpg,research_outputs/golden_dataset_local_tests/label_overlays_expected_sku/1770341131504_0244_1191_11-007_labels.jpg,yes,1006478202,-10.0:1006478202|-5.0:1006478202|0.0:1006478202|5.0:1006478202|10.0:1006478202|180.0:1006478202,,
1770341131504_0244_1191_11-007.jpg|RDC_SKU|2143|3126|2318|3193,1770341131504_0244_1191_11-007.jpg,1770341131504_0244_1191_11-007.json,57,RDC_SKU,,needs_review,,,,2143,3126,2318,3193,research_outputs/golden_dataset_local_tests/crops/1770341131504_0244_1191_11-007/057_RDC_SKU_2143_3126_2318_3193.jpg,research_outputs/golden_dataset_local_tests/label_overlays_expected_sku/1770341131504_0244_1191_11-007_labels.jpg,yes,1012488662,-10.0:1012488662|-5.0:1012488652|0.0:1012488652|5.0:1012488652|10.0:1012488652|180.0:1012488652,,
1770341131504_0244_1191_11-007.jpg|RDC_SKU|2856|2808|3037|2890,1770341131504_0244_1191_11-007.jpg,1770341131504_0244_1191_11-007.json,60,RDC_SKU,,needs_review,,,,2856,2808,3037,2890,research_outputs/golden_dataset_local_tests/crops/1770341131504_0244_1191_11-007/060_RDC_SKU_2856_2808_3037_2890.jpg,research_outputs/golden_dataset_local_tests/label_overlays_expected_sku/1770341131504_0244_1191_11-007_labels.jpg,yes,183622,-10.0:183622|-5.0:183622|0.0:183622|5.0:183622|10.0:183622|180.0:183622,,
1770341131504_0244_1191_11-007.jpg|RDC_SKU|3516|2728|3697|2801,1770341131504_0244_1191_11-007.jpg,1770341131504_0244_1191_11-007.json,63,RDC_SKU,,needs_review,,,,3516,2728,3697,2801,research_outputs/golden_dataset_local_tests/crops/1770341131504_0244_1191_11-007/063_RDC_SKU_3516_2728_3697_2801.jpg,research_outputs/golden_dataset_local_tests/label_overlays_expected_sku/1770341131504_0244_1191_11-007_labels.jpg,yes,789757,-10.0:739757|-5.0:739757|0.0:739757|5.0:739757|10.0:739757|180.0:739757,,
1770341131504_0244_1191_11-007.jpg|Handwritte_SKU|3803|2991|3991|3069,1770341131504_0244_1191_11-007.jpg,1770341131504_0244_1191_11-007.json,67,Handwritte_SKU,,needs_review,,,,3803,2991,3991,3069,research_outputs/golden_dataset_local_tests/crops/1770341131504_0244_1191_11-007/067_Handwritte_SKU_3803_2991_3991_3069.jpg,research_outputs/golden_dataset_local_tests/label_overlays_expected_sku/1770341131504_0244_1191_11-007_labels.jpg,yes,360246,-10.0:960946|-5.0:960946|0.0:960946|5.0:960946|10.0:960946|180.0:960946,,
1770341131504_0244_1191_11-007.jpg|RDC_SKU|4043|3031|4228|3105,1770341131504_0244_1191_11-007.jpg,1770341131504_0244_1191_11-007.json,69,RDC_SKU,,needs_review,,,,4043,3031,4228,3105,research_outputs/golden_dataset_local_tests/crops/1770341131504_0244_1191_11-007/069_RDC_SKU_4043_3031_4228_3105.jpg,research_outputs/golden_dataset_local_tests/label_overlays_expected_sku/1770341131504_0244_1191_11-007_labels.jpg,yes,1006478194,-10.0:1006478194|-5.0:1006478194|0.0:478194|5.0:1006478194|10.0:1006478194|180.0:1006478194,,
1770341131504_0244_1191_11-007.jpg|RDC_SKU|4314|2763|4371|2930,1770341131504_0244_1191_11-007.jpg,1770341131504_0244_1191_11-007.json,73,RDC_SKU,,needs_review,,,,4314,2763,4371,2930,research_outputs/golden_dataset_local_tests/crops/1770341131504_0244_1191_11-007/073_RDC_SKU_4314_2763_4371_2930.jpg,research_outputs/golden_dataset_local_tests/label_overlays_expected_sku/1770341131504_0244_1191_11-007_labels.jpg,yes,1006478202,-5.0:1006478202|180.0:325425,,
1770341131504_0244_1191_11-007.jpg|RDC_SKU|4466|2632|4630|2710,1770341131504_0244_1191_11-007.jpg,1770341131504_0244_1191_11-007.json,76,RDC_SKU,,needs_review,,,,4466,2632,4630,2710,research_outputs/golden_dataset_local_tests/crops/1770341131504_0244_1191_11-007/076_RDC_SKU_4466_2632_4630_2710.jpg,research_outputs/golden_dataset_local_tests/label_overlays_expected_sku/1770341131504_0244_1191_11-007_labels.jpg,yes,885700,-10.0:885700|-5.0:885700|0.0:885700|5.0:885700|10.0:885700|180.0:885700,,
1770341131504_0244_1216_11-005.jpg|Pallet_SKU|4406|672|4748|749,1770341131504_0244_1216_11-005.jpg,1770341131504_0244_1216_11-005.json,0,Pallet_SKU,,needs_review,,,,4406,672,4748,749,research_outputs/golden_dataset_local_tests/crops/1770341131504_0244_1216_11-005/000_Pallet_SKU_4406_672_4748_749.jpg,research_outputs/golden_dataset_local_tests/label_overlays_expected_sku/1770341131504_0244_1216_11-005_labels.jpg,yes,1000028814,-10.0:1000028814|-5.0:1000028814|0.0:1000028814|5.0:1000028814|10.0:1000028814|180.0:1000028814,,
1770341131504_0244_1216_11-005.jpg|Handwritte_SKU|4761|1543|4992|1645,1770341131504_0244_1216_11-005.jpg,1770341131504_0244_1216_11-005.json,5,Handwritte_SKU,,needs_review,,,,4761,1543,4992,1645,research_outputs/golden_dataset_local_tests/crops/1770341131504_0244_1216_11-005/005_Handwritte_SKU_4761_1543_4992_1645.jpg,research_outputs/golden_dataset_local_tests/label_overlays_expected_sku/1770341131504_0244_1216_11-005_labels.jpg,yes,415789,-10.0:415789|-5.0:415789|10.0:415789,,
1770341131504_0244_1216_11-005.jpg|RDC_SKU|3361|2804|3517|2858,1770341131504_0244_1216_11-005.jpg,1770341131504_0244_1216_11-005.json,10,RDC_SKU,,needs_review,,,,3361,2804,3517,2858,research_outputs/golden_dataset_local_tests/crops/1770341131504_0244_1216_11-005/010_RDC_SKU_3361_2804_3517_2858.jpg,research_outputs/golden_dataset_local_tests/label_overlays_expected_sku/1770341131504_0244_1216_11-005_labels.jpg,yes,1006392357,-10.0:1006392357|-5.0:1006392357|0.0:1006392357|5.0:1006392357|10.0:1006392357|180.0:1006392357,,
1770341131504_0244_1216_11-005.jpg|RDC_SKU|3707|2612|3862|2663,1770341131504_0244_1216_11-005.jpg,1770341131504_0244_1216_11-005.json,13,RDC_SKU,,needs_review,,,,3707,2612,3862,2663,research_outputs/golden_dataset_local_tests/crops/1770341131504_0244_1216_11-005/013_RDC_SKU_3707_2612_3862_2663.jpg,research_outputs/golden_dataset_local_tests/label_overlays_expected_sku/1770341131504_0244_1216_11-005_labels.jpg,yes,1012489014,-10.0:1012489014|-5.0:1012489014|0.0:1012489014|5.0:1012489014|10.0:1012489014|180.0:1012489014,,
1770341131504_0244_1216_11-005.jpg|RDC_SKU|3964|2593|4121|2657,1770341131504_0244_1216_11-005.jpg,1770341131504_0244_1216_11-005.json,17,RDC_SKU,,needs_review,,,,3964,2593,4121,2657,research_outputs/golden_dataset_local_tests/crops/1770341131504_0244_1216_11-005/017_RDC_SKU_3964_2593_4121_2657.jpg,research_outputs/golden_dataset_local_tests/label_overlays_expected_sku/1770341131504_0244_1216_11-005_labels.jpg,yes,1006387525,-10.0:1006387525|-5.0:1006387525|0.0:1006387525|5.0:1006387525|10.0:1006387525|180.0:1006387525,,
1770341131504_0244_1216_11-005.jpg|RDC_SKU|4214|2622|4369|2689,1770341131504_0244_1216_11-005.jpg,1770341131504_0244_1216_11-005.json,20,RDC_SKU,,needs_review,,,,4214,2622,4369,2689,research_outputs/golden_dataset_local_tests/crops/1770341131504_0244_1216_11-005/020_RDC_SKU_4214_2622_4369_2689.jpg,research_outputs/golden_dataset_local_tests/label_overlays_expected_sku/1770341131504_0244_1216_11-005_labels.jpg,yes,1004710606,-10.0:1004710606|-5.0:1004710606|0.0:1004710606|5.0:1004710606|10.0:1004710606|180.0:1004710606,,
1770341131504_0244_1216_11-005.jpg|RDC_SKU|4438|2617|4588|2667,1770341131504_0244_1216_11-005.jpg,1770341131504_0244_1216_11-005.json,23,RDC_SKU,,needs_review,,,,4438,2617,4588,2667,research_outputs/golden_dataset_local_tests/crops/1770341131504_0244_1216_11-005/023_RDC_SKU_4438_2617_4588_2667.jpg,research_outputs/golden_dataset_local_tests/label_overlays_expected_sku/1770341131504_0244_1216_11-005_labels.jpg,yes,1012488585,-10.0:1012488585|-5.0:1012488585|0.0:1012488585|5.0:1012488585|10.0:1012488585|180.0:1012488585,,
1770341131504_0244_1216_11-005.jpg|RDC_SKU|4663|2801|4812|2861,1770341131504_0244_1216_11-005.jpg,1770341131504_0244_1216_11-005.json,26,RDC_SKU,,needs_review,,,,4663,2801,4812,2861,research_outputs/golden_dataset_local_tests/crops/1770341131504_0244_1216_11-005/026_RDC_SKU_4663_2801_4812_2861.jpg,research_outputs/golden_dataset_local_tests/label_overlays_expected_sku/1770341131504_0244_1216_11-005_labels.jpg,yes,958301,-10.0:958301|-5.0:958301|0.0:958301|5.0:958301|10.0:958301|180.0:958301,,
1770341131504_0244_1216_11-005.jpg|RDC_SKU|5124|2774|5254|2826,1770341131504_0244_1216_11-005.jpg,1770341131504_0244_1216_11-005.json,30,RDC_SKU,,needs_review,,,,5124,2774,5254,2826,research_outputs/golden_dataset_local_tests/crops/1770341131504_0244_1216_11-005/030_RDC_SKU_5124_2774_5254_2826.jpg,research_outputs/golden_dataset_local_tests/label_overlays_expected_sku/1770341131504_0244_1216_11-005_labels.jpg,yes,,,,
1770341131504_0244_1216_11-005.jpg|RDC_SKU|4850|2513|5007|2571,1770341131504_0244_1216_11-005.jpg,1770341131504_0244_1216_11-005.json,32,RDC_SKU,,needs_review,,,,4850,2513,5007,2571,research_outputs/golden_dataset_local_tests/crops/1770341131504_0244_1216_11-005/032_RDC_SKU_4850_2513_5007_2571.jpg,research_outputs/golden_dataset_local_tests/label_overlays_expected_sku/1770341131504_0244_1216_11-005_labels.jpg,yes,1008127308,-10.0:1008127308|-5.0:1008127308|0.0:1008127308|5.0:1008127308|10.0:1008127308|180.0:1008127308,,
1770341131504_0244_1216_11-005.jpg|RDC_SKU|4198|2341|4334|2403,1770341131504_0244_1216_11-005.jpg,1770341131504_0244_1216_11-005.json,62,RDC_SKU,,needs_review,,,,4198,2341,4334,2403,research_outputs/golden_dataset_local_tests/crops/1770341131504_0244_1216_11-005/062_RDC_SKU_4198_2341_4334_2403.jpg,research_outputs/golden_dataset_local_tests/label_overlays_expected_sku/1770341131504_0244_1216_11-005_labels.jpg,yes,1004470516,-10.0:1004470516|-5.0:1004470516|0.0:1004470516|5.0:1004470516|10.0:1004470516|180.0:1004470516,,
1770341131504_0244_1220_11-006.jpg|Printed_on_Box_SKU|3417|2373|3609|2435,1770341131504_0244_1220_11-006.jpg,1770341131504_0244_1220_11-006.json,9,Printed_on_Box_SKU,,needs_review,,,,3417,2373,3609,2435,research_outputs/golden_dataset_local_tests/crops/1770341131504_0244_1220_11-006/009_Printed_on_Box_SKU_3417_2373_3609_2435.jpg,research_outputs/golden_dataset_local_tests/label_overlays_expected_sku/1770341131504_0244_1220_11-006_labels.jpg,yes,1009810221,-10.0:1009810221|-5.0:1009810221|0.0:1009810221|5.0:1009810221|10.0:1009810221|180.0:1009810221,,
1770341131504_0244_1220_11-006.jpg|Printed_on_Box_SKU|3392|2708|3590|2778,1770341131504_0244_1220_11-006.jpg,1770341131504_0244_1220_11-006.json,11,Printed_on_Box_SKU,,needs_review,,,,3392,2708,3590,2778,research_outputs/golden_dataset_local_tests/crops/1770341131504_0244_1220_11-006/011_Printed_on_Box_SKU_3392_2708_3590_2778.jpg,research_outputs/golden_dataset_local_tests/label_overlays_expected_sku/1770341131504_0244_1220_11-006_labels.jpg,yes,1007524120,-10.0:1007524120|-5.0:1007524120|0.0:1007524120|5.0:1007524120|10.0:1007524120|180.0:1007524120,,
1770341131504_0244_1220_11-006.jpg|RDC_SKU|3073|2352|3300|2429,1770341131504_0244_1220_11-006.jpg,1770341131504_0244_1220_11-006.json,14,RDC_SKU,,needs_review,,,,3073,2352,3300,2429,research_outputs/golden_dataset_local_tests/crops/1770341131504_0244_1220_11-006/014_RDC_SKU_3073_2352_3300_2429.jpg,research_outputs/golden_dataset_local_tests/label_overlays_expected_sku/1770341131504_0244_1220_11-006_labels.jpg,yes,1011805838,-10.0:1011805838|-5.0:1011805838|0.0:1011805838|5.0:1011805838|10.0:1011805838|180.0:1011805838,,
1770341131504_0244_1220_11-006.jpg|Handwritte_SKU|2149|2644|2661|2788,1770341131504_0244_1220_11-006.jpg,1770341131504_0244_1220_11-006.json,19,Handwritte_SKU,,needs_review,,,,2149,2644,2661,2788,research_outputs/golden_dataset_local_tests/crops/1770341131504_0244_1220_11-006/019_Handwritte_SKU_2149_2644_2661_2788.jpg,research_outputs/golden_dataset_local_tests/label_overlays_expected_sku/1770341131504_0244_1220_11-006_labels.jpg,yes,1007913041,-10.0:1007913041|-5.0:1007913041|0.0:1007913041|5.0:1007913041|10.0:1007913041|180.0:1007913041,,
1770341131504_0244_1220_11-006.jpg|Other_SKU|1931|2637|2116|2705,1770341131504_0244_1220_11-006.jpg,1770341131504_0244_1220_11-006.json,22,Other_SKU,,needs_review,,,,1931,2637,2116,2705,research_outputs/golden_dataset_local_tests/crops/1770341131504_0244_1220_11-006/022_Other_SKU_1931_2637_2116_2705.jpg,research_outputs/golden_dataset_local_tests/label_overlays_expected_sku/1770341131504_0244_1220_11-006_labels.jpg,yes,1009969233,-10.0:1009969233|-5.0:1009969233|0.0:1009969233|5.0:1009969233|10.0:1009969233|180.0:1009969233,,
1770341131504_0244_1220_11-006.jpg|RDC_SKU|1351|2591|1562|2661,1770341131504_0244_1220_11-006.jpg,1770341131504_0244_1220_11-006.json,24,RDC_SKU,,needs_review,,,,1351,2591,1562,2661,research_outputs/golden_dataset_local_tests/crops/1770341131504_0244_1220_11-006/024_RDC_SKU_1351_2591_1562_2661.jpg,research_outputs/golden_dataset_local_tests/label_overlays_expected_sku/1770341131504_0244_1220_11-006_labels.jpg,yes,124035,-10.0:124035|-5.0:124035|0.0:124035|5.0:124035|10.0:124035|180.0:124035,,
1770341131504_0244_1220_11-006.jpg|Printed_on_Box_SKU|1707|2264|1932|2338,1770341131504_0244_1220_11-006.jpg,1770341131504_0244_1220_11-006.json,37,Printed_on_Box_SKU,,needs_review,,,,1707,2264,1932,2338,research_outputs/golden_dataset_local_tests/crops/1770341131504_0244_1220_11-006/037_Printed_on_Box_SKU_1707_2264_1932_2338.jpg,research_outputs/golden_dataset_local_tests/label_overlays_expected_sku/1770341131504_0244_1220_11-006_labels.jpg,yes,465574,-10.0:465574|-5.0:465574|0.0:465574|5.0:465574|10.0:465574|180.0:465574,,
1770341131504_0244_1220_11-006.jpg|Printed_on_Box_SKU|3388|2222|3584|2282,1770341131504_0244_1220_11-006.jpg,1770341131504_0244_1220_11-006.json,119,Printed_on_Box_SKU,,needs_review,,,,3388,2222,3584,2282,research_outputs/golden_dataset_local_tests/crops/1770341131504_0244_1220_11-006/119_Printed_on_Box_SKU_3388_2222_3584_2282.jpg,research_outputs/golden_dataset_local_tests/label_overlays_expected_sku/1770341131504_0244_1220_11-006_labels.jpg,yes,1007913044,-10.0:1007913044|-5.0:1007913044|0.0:1007913044|5.0:1007913044|10.0:1007913044|180.0:1007913044,,
1770341131504_0244_1266_11-004.jpg|Other_SKU|736|2523|825|2572,1770341131504_0244_1266_11-004.jpg,1770341131504_0244_1266_11-004.json,48,Other_SKU,,needs_review,,,,736,2523,825,2572,research_outputs/golden_dataset_local_tests/crops/1770341131504_0244_1266_11-004/048_Other_SKU_736_2523_825_2572.jpg,research_outputs/golden_dataset_local_tests/label_overlays_expected_sku/1770341131504_0244_1266_11-004_labels.jpg,yes,243078,-10.0:243078|-5.0:243078|0.0:243078|5.0:243078|10.0:243078|180.0:243078,,
1770341131504_0244_1266_11-004.jpg|Handwritte_SKU|504|2398|715|2476,1770341131504_0244_1266_11-004.jpg,1770341131504_0244_1266_11-004.json,60,Handwritte_SKU,,needs_review,,,,504,2398,715,2476,research_outputs/golden_dataset_local_tests/crops/1770341131504_0244_1266_11-004/060_Handwritte_SKU_504_2398_715_2476.jpg,research_outputs/golden_dataset_local_tests/label_overlays_expected_sku/1770341131504_0244_1266_11-004_labels.jpg,yes,243078,10.0:243078,,
1770341131504_0244_1266_11-004.jpg|Other_SKU|1278|2372|1439|2422,1770341131504_0244_1266_11-004.jpg,1770341131504_0244_1266_11-004.json,196,Other_SKU,,needs_review,,,,1278,2372,1439,2422,research_outputs/golden_dataset_local_tests/crops/1770341131504_0244_1266_11-004/196_Other_SKU_1278_2372_1439_2422.jpg,research_outputs/golden_dataset_local_tests/label_overlays_expected_sku/1770341131504_0244_1266_11-004_labels.jpg,yes,1007486113,-10.0:1007486113|-5.0:1007486113|0.0:1007486113|5.0:1007486113|10.0:1007486113|180.0:1007486113,,
1770341131504_0244_1266_11-004.jpg|Other_SKU|1252|2579|1358|2628,1770341131504_0244_1266_11-004.jpg,1770341131504_0244_1266_11-004.json,198,Other_SKU,,needs_review,,,,1252,2579,1358,2628,research_outputs/golden_dataset_local_tests/crops/1770341131504_0244_1266_11-004/198_Other_SKU_1252_2579_1358_2628.jpg,research_outputs/golden_dataset_local_tests/label_overlays_expected_sku/1770341131504_0244_1266_11-004_labels.jpg,yes,151526,-10.0:151526|-5.0:151526|0.0:151526|5.0:151526|10.0:151526|180.0:151526,,
1770341131504_0244_1266_11-004.jpg|Other_SKU|2170|2052|2347|2103,1770341131504_0244_1266_11-004.jpg,1770341131504_0244_1266_11-004.json,200,Other_SKU,,needs_review,,,,2170,2052,2347,2103,research_outputs/golden_dataset_local_tests/crops/1770341131504_0244_1266_11-004/200_Other_SKU_2170_2052_2347_2103.jpg,research_outputs/golden_dataset_local_tests/label_overlays_expected_sku/1770341131504_0244_1266_11-004_labels.jpg,yes,1007486122,-10.0:1007486122|-5.0:1007486122|0.0:1007486122|5.0:1007486122|10.0:1007486122|180.0:1007486122,,
1770341131504_0244_1266_11-004.jpg|Other_SKU|2170|2392|2345|2440,1770341131504_0244_1266_11-004.jpg,1770341131504_0244_1266_11-004.json,202,Other_SKU,,needs_review,,,,2170,2392,2345,2440,research_outputs/golden_dataset_local_tests/crops/1770341131504_0244_1266_11-004/202_Other_SKU_2170_2392_2345_2440.jpg,research_outputs/golden_dataset_local_tests/label_overlays_expected_sku/1770341131504_0244_1266_11-004_labels.jpg,yes,1007486110,-10.0:1007486110|-5.0:1007486110|0.0:1007486110|5.0:1007486110|10.0:1007486110|180.0:1007486110,,
1770341131504_0244_1266_11-004.jpg|Other_SKU|2344|2627|2465|2682,1770341131504_0244_1266_11-004.jpg,1770341131504_0244_1266_11-004.json,204,Other_SKU,,needs_review,,,,2344,2627,2465,2682,research_outputs/golden_dataset_local_tests/crops/1770341131504_0244_1266_11-004/204_Other_SKU_2344_2627_2465_2682.jpg,research_outputs/golden_dataset_local_tests/label_overlays_expected_sku/1770341131504_0244_1266_11-004_labels.jpg,yes,243078,-10.0:243078|-5.0:243078|0.0:243078|5.0:243078|10.0:243078|180.0:243078,,
1770341131504_0244_1266_11-004.jpg|Other_SKU|2400|2390|2587|2436,1770341131504_0244_1266_11-004.jpg,1770341131504_0244_1266_11-004.json,206,Other_SKU,,needs_review,,,,2400,2390,2587,2436,research_outputs/golden_dataset_local_tests/crops/1770341131504_0244_1266_11-004/206_Other_SKU_2400_2390_2587_2436.jpg,research_outputs/golden_dataset_local_tests/label_overlays_expected_sku/1770341131504_0244_1266_11-004_labels.jpg,yes,1007503524,-10.0:1007503524|-5.0:1007503524|0.0:1007503524|5.0:1007503524|10.0:1007503524|180.0:1007503524,,
1770341131504_0244_1266_11-004.jpg|Other_SKU|2648|2253|2772|2307,1770341131504_0244_1266_11-004.jpg,1770341131504_0244_1266_11-004.json,208,Other_SKU,,needs_review,,,,2648,2253,2772,2307,research_outputs/golden_dataset_local_tests/crops/1770341131504_0244_1266_11-004/208_Other_SKU_2648_2253_2772_2307.jpg,research_outputs/golden_dataset_local_tests/label_overlays_expected_sku/1770341131504_0244_1266_11-004_labels.jpg,yes,102377,-10.0:102377|-5.0:102377|0.0:102377|5.0:102377|10.0:102377|180.0:102377,,
1770341131504_0244_1266_11-004.jpg|Other_SKU|2655|2638|2787|2701,1770341131504_0244_1266_11-004.jpg,1770341131504_0244_1266_11-004.json,210,Other_SKU,,needs_review,,,,2655,2638,2787,2701,research_outputs/golden_dataset_local_tests/crops/1770341131504_0244_1266_11-004/210_Other_SKU_2655_2638_2787_2701.jpg,research_outputs/golden_dataset_local_tests/label_overlays_expected_sku/1770341131504_0244_1266_11-004_labels.jpg,yes,787999,-10.0:787999|-5.0:787999|0.0:787999|5.0:787999|10.0:787999|180.0:787999,,
1770341131504_0244_1266_11-004.jpg|Other_SKU|2918|2653|3108|2708,1770341131504_0244_1266_11-004.jpg,1770341131504_0244_1266_11-004.json,212,Other_SKU,,needs_review,,,,2918,2653,3108,2708,research_outputs/golden_dataset_local_tests/crops/1770341131504_0244_1266_11-004/212_Other_SKU_2918_2653_3108_2708.jpg,research_outputs/golden_dataset_local_tests/label_overlays_expected_sku/1770341131504_0244_1266_11-004_labels.jpg,yes,1002316482,-10.0:1002316482|-5.0:1002316482|0.0:1002316482|5.0:1002316482|10.0:1002316482|180.0:1002316482,,
1770341131504_0244_1266_11-004.jpg|Other_SKU|2911|2248|3038|2296,1770341131504_0244_1266_11-004.jpg,1770341131504_0244_1266_11-004.json,214,Other_SKU,,needs_review,,,,2911,2248,3038,2296,research_outputs/golden_dataset_local_tests/crops/1770341131504_0244_1266_11-004/214_Other_SKU_2911_2248_3038_2296.jpg,research_outputs/golden_dataset_local_tests/label_overlays_expected_sku/1770341131504_0244_1266_11-004_labels.jpg,yes,266734,-10.0:266734|-5.0:266734|0.0:266734|5.0:266734|10.0:266734|180.0:266734,,
1770341131504_0244_1266_11-004.jpg|Other_SKU|3418|2670|3610|2724,1770341131504_0244_1266_11-004.jpg,1770341131504_0244_1266_11-004.json,216,Other_SKU,,needs_review,,,,3418,2670,3610,2724,research_outputs/golden_dataset_local_tests/crops/1770341131504_0244_1266_11-004/216_Other_SKU_3418_2670_3610_2724.jpg,research_outputs/golden_dataset_local_tests/label_overlays_expected_sku/1770341131504_0244_1266_11-004_labels.jpg,yes,1007486109,-10.0:1007486109|-5.0:1007486109|0.0:1007486109|5.0:1007486109|10.0:1007486109|180.0:1007486109,,
1770341131504_0244_1266_11-004.jpg|Other_SKU|3706|2677|3834|2726,1770341131504_0244_1266_11-004.jpg,1770341131504_0244_1266_11-004.json,218,Other_SKU,,needs_review,,,,3706,2677,3834,2726,research_outputs/golden_dataset_local_tests/crops/1770341131504_0244_1266_11-004/218_Other_SKU_3706_2677_3834_2726.jpg,research_outputs/golden_dataset_local_tests/label_overlays_expected_sku/1770341131504_0244_1266_11-004_labels.jpg,yes,266636,-10.0:266636|-5.0:266636|0.0:266636|5.0:266636|10.0:266636|180.0:266636,,
1770341131504_0244_1266_11-004.jpg|Other_SKU|3969|2449|4154|2496,1770341131504_0244_1266_11-004.jpg,1770341131504_0244_1266_11-004.json,220,Other_SKU,,needs_review,,,,3969,2449,4154,2496,research_outputs/golden_dataset_local_tests/crops/1770341131504_0244_1266_11-004/220_Other_SKU_3969_2449_4154_2496.jpg,research_outputs/golden_dataset_local_tests/label_overlays_expected_sku/1770341131504_0244_1266_11-004_labels.jpg,yes,1007503486,-10.0:1007503486|-5.0:1007503486|0.0:1007503486|5.0:1007503486|10.0:1007503486|180.0:1007503486,,
1770341131504_0244_1266_11-004.jpg|Other_SKU|1283|2182|1436|2220,1770341131504_0244_1266_11-004.jpg,1770341131504_0244_1266_11-004.json,222,Other_SKU,,needs_review,,,,1283,2182,1436,2220,research_outputs/golden_dataset_local_tests/crops/1770341131504_0244_1266_11-004/222_Other_SKU_1283_2182_1436_2220.jpg,research_outputs/golden_dataset_local_tests/label_overlays_expected_sku/1770341131504_0244_1266_11-004_labels.jpg,yes,1007913004,-10.0:1007913061|-5.0:1007913061|0.0:1007913061|5.0:1007913061|10.0:1007913061|180.0:1007913061,,
1770341131504_0244_1269_11-003.jpg|Pallet_SKU|3597|634|3884|732,1770341131504_0244_1269_11-003.jpg,1770341131504_0244_1269_11-003.json,0,Pallet_SKU,,needs_review,,,,3597,634,3884,732,research_outputs/golden_dataset_local_tests/crops/1770341131504_0244_1269_11-003/000_Pallet_SKU_3597_634_3884_732.jpg,research_outputs/golden_dataset_local_tests/label_overlays_expected_sku/1770341131504_0244_1269_11-003_labels.jpg,yes,1014309822,-10.0:1014309822|-5.0:1014309822|0.0:1014309822|5.0:1014309822|10.0:1014309822|180.0:1014309822,,
1770341131504_0244_1269_11-003.jpg|Pallet_SKU|3604|570|3867|668,1770341131504_0244_1269_11-003.jpg,1770341131504_0244_1269_11-003.json,1,Pallet_SKU,,needs_review,,,,3604,570,3867,668,research_outputs/golden_dataset_local_tests/crops/1770341131504_0244_1269_11-003/001_Pallet_SKU_3604_570_3867_668.jpg,research_outputs/golden_dataset_local_tests/label_overlays_expected_sku/1770341131504_0244_1269_11-003_labels.jpg,yes,1013131885,-10.0:1013131885|-5.0:1013131885|0.0:1013131885|5.0:1013131885|10.0:1013131885|180.0:1013131885,,
1770341131504_0244_1269_11-003.jpg|RDC_SKU|4348|1600|4529|1664,1770341131504_0244_1269_11-003.jpg,1770341131504_0244_1269_11-003.json,6,RDC_SKU,,needs_review,,,,4348,1600,4529,1664,research_outputs/golden_dataset_local_tests/crops/1770341131504_0244_1269_11-003/006_RDC_SKU_4348_1600_4529_1664.jpg,research_outputs/golden_dataset_local_tests/label_overlays_expected_sku/1770341131504_0244_1269_11-003_labels.jpg,yes,318941,-10.0:318941|-5.0:318941|0.0:318941|5.0:318941|10.0:318941|180.0:318941,,
1770341131504_0244_1269_11-003.jpg|RDC_SKU|4240|1450|4409|1511,1770341131504_0244_1269_11-003.jpg,1770341131504_0244_1269_11-003.json,8,RDC_SKU,,needs_review,,,,4240,1450,4409,1511,research_outputs/golden_dataset_local_tests/crops/1770341131504_0244_1269_11-003/008_RDC_SKU_4240_1450_4409_1511.jpg,research_outputs/golden_dataset_local_tests/label_overlays_expected_sku/1770341131504_0244_1269_11-003_labels.jpg,yes,318617,-10.0:318617|-5.0:318617|0.0:318617|5.0:318617|10.0:318617|180.0:318617,,
1770341131504_0244_1269_11-003.jpg|Pallet_SKU|1480|217|1775|318,1770341131504_0244_1269_11-003.jpg,1770341131504_0244_1269_11-003.json,11,Pallet_SKU,,needs_review,,,,1480,217,1775,318,research_outputs/golden_dataset_local_tests/crops/1770341131504_0244_1269_11-003/011_Pallet_SKU_1480_217_1775_318.jpg,research_outputs/golden_dataset_local_tests/label_overlays_expected_sku/1770341131504_0244_1269_11-003_labels.jpg,yes,1006188672,-10.0:1006188672|-5.0:1006188672|0.0:1006188672|5.0:1006188672|10.0:1006188672|180.0:1006188672,,
1770341131504_0244_1292_11-002.jpg|Other_SKU|1122|2507|1274|2554,1770341131504_0244_1292_11-002.jpg,1770341131504_0244_1292_11-002.json,17,Other_SKU,,needs_review,,,,1122,2507,1274,2554,research_outputs/golden_dataset_local_tests/crops/1770341131504_0244_1292_11-002/017_Other_SKU_1122_2507_1274_2554.jpg,research_outputs/golden_dataset_local_tests/label_overlays_expected_sku/1770341131504_0244_1292_11-002_labels.jpg,yes,1005694698,-10.0:1005694698|-5.0:1005694698|0.0:1005694698|5.0:1005694698|10.0:1005694698|180.0:1005694698,,
1770341131504_0244_1292_11-002.jpg|Other_SKU|515|1714|645|1757,1770341131504_0244_1292_11-002.jpg,1770341131504_0244_1292_11-002.json,27,Other_SKU,,needs_review,,,,515,1714,645,1757,research_outputs/golden_dataset_local_tests/crops/1770341131504_0244_1292_11-002/027_Other_SKU_515_1714_645_1757.jpg,research_outputs/golden_dataset_local_tests/label_overlays_expected_sku/1770341131504_0244_1292_11-002_labels.jpg,yes,1005694764,-10.0:1005694764|-5.0:1005694764|0.0:1005894764|5.0:1005694764|180.0:1005694764,,
1770341131504_0244_1292_11-002.jpg|Other_SKU|1243|1626|1390|1675,1770341131504_0244_1292_11-002.jpg,1770341131504_0244_1292_11-002.json,45,Other_SKU,,needs_review,,,,1243,1626,1390,1675,research_outputs/golden_dataset_local_tests/crops/1770341131504_0244_1292_11-002/045_Other_SKU_1243_1626_1390_1675.jpg,research_outputs/golden_dataset_local_tests/label_overlays_expected_sku/1770341131504_0244_1292_11-002_labels.jpg,yes,1005694735,-10.0:1005694735|-5.0:1005694735|0.0:1005694735|5.0:1005694735|10.0:1005694735|180.0:1005694735,,
1770341131504_0244_1292_11-002.jpg|Other_SKU|1196|1890|1338|1939,1770341131504_0244_1292_11-002.jpg,1770341131504_0244_1292_11-002.json,48,Other_SKU,,needs_review,,,,1196,1890,1338,1939,research_outputs/golden_dataset_local_tests/crops/1770341131504_0244_1292_11-002/048_Other_SKU_1196_1890_1338_1939.jpg,research_outputs/golden_dataset_local_tests/label_overlays_expected_sku/1770341131504_0244_1292_11-002_labels.jpg,yes,1005694619,-10.0:1005694619|-5.0:1005694619|0.0:1005694619|5.0:1005694619|10.0:1005694619|180.0:1005694619,,
1770341131504_0244_1292_11-002.jpg|Other_SKU|1145|2197|1295|2254,1770341131504_0244_1292_11-002.jpg,1770341131504_0244_1292_11-002.json,51,Other_SKU,,needs_review,,,,1145,2197,1295,2254,research_outputs/golden_dataset_local_tests/crops/1770341131504_0244_1292_11-002/051_Other_SKU_1145_2197_1295_2254.jpg,research_outputs/golden_dataset_local_tests/label_overlays_expected_sku/1770341131504_0244_1292_11-002_labels.jpg,yes,1005694632,-10.0:1005694632|-5.0:1005694632|0.0:1005694632|5.0:1005694632|10.0:1005694632|180.0:1005694632,,
1770341131504_0244_1292_11-002.jpg|Other_SKU|1397|1964|1538|2010,1770341131504_0244_1292_11-002.jpg,1770341131504_0244_1292_11-002.json,56,Other_SKU,,needs_review,,,,1397,1964,1538,2010,research_outputs/golden_dataset_local_tests/crops/1770341131504_0244_1292_11-002/056_Other_SKU_1397_1964_1538_2010.jpg,research_outputs/golden_dataset_local_tests/label_overlays_expected_sku/1770341131504_0244_1292_11-002_labels.jpg,yes,1005694710,-10.0:1005694710|-5.0:1005694710|0.0:1005694710|5.0:1005694710|10.0:1005694710|180.0:1005694710,,
1770341131504_0244_1292_11-002.jpg|Other_SKU|2454|2580|2614|2636,1770341131504_0244_1292_11-002.jpg,1770341131504_0244_1292_11-002.json,72,Other_SKU,,needs_review,,,,2454,2580,2614,2636,research_outputs/golden_dataset_local_tests/crops/1770341131504_0244_1292_11-002/072_Other_SKU_2454_2580_2614_2636.jpg,research_outputs/golden_dataset_local_tests/label_overlays_expected_sku/1770341131504_0244_1292_11-002_labels.jpg,yes,1005686063,-10.0:1005686063|-5.0:1005686063|0.0:1005686063|5.0:1005686063|10.0:1005686063|180.0:1005686063,,
1770341131504_0244_1292_11-002.jpg|Other_SKU|2464|2315|2625|2364,1770341131504_0244_1292_11-002.jpg,1770341131504_0244_1292_11-002.json,74,Other_SKU,,needs_review,,,,2464,2315,2625,2364,research_outputs/golden_dataset_local_tests/crops/1770341131504_0244_1292_11-002/074_Other_SKU_2464_2315_2625_2364.jpg,research_outputs/golden_dataset_local_tests/label_overlays_expected_sku/1770341131504_0244_1292_11-002_labels.jpg,yes,1005686063,-10.0:1005686063|-5.0:1005686063|0.0:1005686063|5.0:1005686063|10.0:1005686063|180.0:1005686063,,
1770341131504_0244_1292_11-002.jpg|Other_SKU|2633|2324|2791|2378,1770341131504_0244_1292_11-002.jpg,1770341131504_0244_1292_11-002.json,76,Other_SKU,,needs_review,,,,2633,2324,2791,2378,research_outputs/golden_dataset_local_tests/crops/1770341131504_0244_1292_11-002/076_Other_SKU_2633_2324_2791_2378.jpg,research_outputs/golden_dataset_local_tests/label_overlays_expected_sku/1770341131504_0244_1292_11-002_labels.jpg,yes,1005694610,-10.0:1005694610|-5.0:1005694610|0.0:1005694610|5.0:1005694610|10.0:1005694610|180.0:1005694610,,
1770341131504_0244_1292_11-002.jpg|Other_SKU|2156|2056|2296|2110,1770341131504_0244_1292_11-002.jpg,1770341131504_0244_1292_11-002.json,80,Other_SKU,,needs_review,,,,2156,2056,2296,2110,research_outputs/golden_dataset_local_tests/crops/1770341131504_0244_1292_11-002/080_Other_SKU_2156_2056_2296_2110.jpg,research_outputs/golden_dataset_local_tests/label_overlays_expected_sku/1770341131504_0244_1292_11-002_labels.jpg,yes,005694,0.0:005694|10.0:005694,,
1770341131504_0244_1292_11-002.jpg|Other_SKU|2800|1543|2951|1603,1770341131504_0244_1292_11-002.jpg,1770341131504_0244_1292_11-002.json,87,Other_SKU,,needs_review,,,,2800,1543,2951,1603,research_outputs/golden_dataset_local_tests/crops/1770341131504_0244_1292_11-002/087_Other_SKU_2800_1543_2951_1603.jpg,research_outputs/golden_dataset_local_tests/label_overlays_expected_sku/1770341131504_0244_1292_11-002_labels.jpg,yes,1005694742,-10.0:1005694742|-5.0:1005694742|0.0:1005694742|5.0:1005694742|10.0:1005694742|180.0:1005694742,,
1770341131504_0244_1292_11-002.jpg|Other_SKU|2648|2044|2808|2088,1770341131504_0244_1292_11-002.jpg,1770341131504_0244_1292_11-002.json,90,Other_SKU,,needs_review,,,,2648,2044,2808,2088,research_outputs/golden_dataset_local_tests/crops/1770341131504_0244_1292_11-002/090_Other_SKU_2648_2044_2808_2088.jpg,research_outputs/golden_dataset_local_tests/label_overlays_expected_sku/1770341131504_0244_1292_11-002_labels.jpg,yes,1005694692,-10.0:1005694692|-5.0:1005694692|0.0:1005694692|5.0:1005694692|10.0:1005694692|180.0:1005694692,,
1770341131504_0244_1292_11-002.jpg|Other_SKU|2617|2579|2776|2632,1770341131504_0244_1292_11-002.jpg,1770341131504_0244_1292_11-002.json,94,Other_SKU,,needs_review,,,,2617,2579,2776,2632,research_outputs/golden_dataset_local_tests/crops/1770341131504_0244_1292_11-002/094_Other_SKU_2617_2579_2776_2632.jpg,research_outputs/golden_dataset_local_tests/label_overlays_expected_sku/1770341131504_0244_1292_11-002_labels.jpg,yes,1005686049,-10.0:1005686049|-5.0:1005686049|0.0:1005686049|5.0:1005686049|10.0:1005686049|180.0:1005686049,,
1770341131504_0244_1292_11-002.jpg|Handwritte_SKU|3185|1892|3548|2163,1770341131504_0244_1292_11-002.jpg,1770341131504_0244_1292_11-002.json,97,Handwritte_SKU,,needs_review,,,,3185,1892,3548,2163,research_outputs/golden_dataset_local_tests/crops/1770341131504_0244_1292_11-002/097_Handwritte_SKU_3185_1892_3548_2163.jpg,research_outputs/golden_dataset_local_tests/label_overlays_expected_sku/1770341131504_0244_1292_11-002_labels.jpg,yes,659026,-10.0:659026|-5.0:659026|0.0:659026|5.0:659026|10.0:659026|180.0:659026,,
1770341131504_0244_1292_11-002.jpg|Other_SKU|3440|2486|3607|2537,1770341131504_0244_1292_11-002.jpg,1770341131504_0244_1292_11-002.json,100,Other_SKU,,needs_review,,,,3440,2486,3607,2537,research_outputs/golden_dataset_local_tests/crops/1770341131504_0244_1292_11-002/100_Other_SKU_3440_2486_3607_2537.jpg,research_outputs/golden_dataset_local_tests/label_overlays_expected_sku/1770341131504_0244_1292_11-002_labels.jpg,yes,1005659055,-10.0:1005659055|-5.0:1005659055|0.0:1005659055|5.0:1005659055|10.0:1005659055|180.0:1005659055,,
1770341131504_0244_1292_11-002.jpg|Other_SKU|3292|1425|3456|1484,1770341131504_0244_1292_11-002.jpg,1770341131504_0244_1292_11-002.json,104,Other_SKU,,needs_review,,,,3292,1425,3456,1484,research_outputs/golden_dataset_local_tests/crops/1770341131504_0244_1292_11-002/104_Other_SKU_3292_1425_3456_1484.jpg,research_outputs/golden_dataset_local_tests/label_overlays_expected_sku/1770341131504_0244_1292_11-002_labels.jpg,yes,1005694602,-10.0:1005694602|-5.0:1005694602|0.0:1005694602|5.0:1005694602|10.0:1005694602|180.0:1005694602,,
1770341131504_0244_1292_11-002.jpg|Other_SKU|931|2097|1056|2137,1770341131504_0244_1292_11-002.jpg,1770341131504_0244_1292_11-002.json,456,Other_SKU,,needs_review,,,,931,2097,1056,2137,research_outputs/golden_dataset_local_tests/crops/1770341131504_0244_1292_11-002/456_Other_SKU_931_2097_1056_2137.jpg,research_outputs/golden_dataset_local_tests/label_overlays_expected_sku/1770341131504_0244_1292_11-002_labels.jpg,yes,1005694756,-10.0:1005694756|-5.0:1005694756|0.0:1005694756|5.0:1005694756|10.0:1005694756|180.0:1005694756,,
1770341131504_0244_1292_11-002.jpg|Other_SKU|1389|1751|1482|1794,1770341131504_0244_1292_11-002.jpg,1770341131504_0244_1292_11-002.json,458,Other_SKU,,needs_review,,,,1389,1751,1482,1794,research_outputs/golden_dataset_local_tests/crops/1770341131504_0244_1292_11-002/458_Other_SKU_1389_1751_1482_1794.jpg,research_outputs/golden_dataset_local_tests/label_overlays_expected_sku/1770341131504_0244_1292_11-002_labels.jpg,yes,151557,-10.0:151557|-5.0:151557|0.0:151557|5.0:151557|10.0:151557|180.0:151557,,
1770341131504_0244_1292_11-002.jpg|Other_SKU|1571|1602|1708|1644,1770341131504_0244_1292_11-002.jpg,1770341131504_0244_1292_11-002.json,460,Other_SKU,,needs_review,,,,1571,1602,1708,1644,research_outputs/golden_dataset_local_tests/crops/1770341131504_0244_1292_11-002/460_Other_SKU_1571_1602_1708_1644.jpg,research_outputs/golden_dataset_local_tests/label_overlays_expected_sku/1770341131504_0244_1292_11-002_labels.jpg,yes,1005694610,-10.0:1005694610|-5.0:1005694610|0.0:1005694610|5.0:1005694610|10.0:1005694610|180.0:1005694610,,
1770341131504_0244_1292_11-002.jpg|Other_SKU|1743|1651|1879|1691,1770341131504_0244_1292_11-002.jpg,1770341131504_0244_1292_11-002.json,462,Other_SKU,,needs_review,,,,1743,1651,1879,1691,research_outputs/golden_dataset_local_tests/crops/1770341131504_0244_1292_11-002/462_Other_SKU_1743_1651_1879_1691.jpg,research_outputs/golden_dataset_local_tests/label_overlays_expected_sku/1770341131504_0244_1292_11-002_labels.jpg,yes,1005694620,-10.0:1005694620|-5.0:1005694620|0.0:1005694620|5.0:1005694620|10.0:1005694620|180.0:1005694620,,
1770341131504_0244_1292_11-002.jpg|Other_SKU|1715|1749|1859|1794,1770341131504_0244_1292_11-002.jpg,1770341131504_0244_1292_11-002.json,464,Other_SKU,,needs_review,,,,1715,1749,1859,1794,research_outputs/golden_dataset_local_tests/crops/1770341131504_0244_1292_11-002/464_Other_SKU_1715_1749_1859_1794.jpg,research_outputs/golden_dataset_local_tests/label_overlays_expected_sku/1770341131504_0244_1292_11-002_labels.jpg,yes,1005694602,-10.0:1005694602|-5.0:1005694602|0.0:1005694602|5.0:1005694602|10.0:1005694602|180.0:1005694602,,
1770341131504_0244_1292_11-002.jpg|Other_SKU|2020|1585|2154|1635,1770341131504_0244_1292_11-002.jpg,1770341131504_0244_1292_11-002.json,466,Other_SKU,,needs_review,,,,2020,1585,2154,1635,research_outputs/golden_dataset_local_tests/crops/1770341131504_0244_1292_11-002/466_Other_SKU_2020_1585_2154_1635.jpg,research_outputs/golden_dataset_local_tests/label_overlays_expected_sku/1770341131504_0244_1292_11-002_labels.jpg,yes,1005694899,0.0:694899|5.0:6681695001|10.0:668169|180.0:694899,,
1770341131504_0244_1292_11-002.jpg|Other_SKU|2015|1764|2154|1811,1770341131504_0244_1292_11-002.jpg,1770341131504_0244_1292_11-002.json,468,Other_SKU,,needs_review,,,,2015,1764,2154,1811,research_outputs/golden_dataset_local_tests/crops/1770341131504_0244_1292_11-002/468_Other_SKU_2015_1764_2154_1811.jpg,research_outputs/golden_dataset_local_tests/label_overlays_expected_sku/1770341131504_0244_1292_11-002_labels.jpg,yes,1005636049,-10.0:1005686049|-5.0:1005686049|0.0:1005686049|5.0:1005686049|10.0:1005686049|180.0:1005636049,,
1770341131504_0244_1292_11-002.jpg|Other_SKU|2006|1956|2150|1999,1770341131504_0244_1292_11-002.jpg,1770341131504_0244_1292_11-002.json,470,Other_SKU,,needs_review,,,,2006,1956,2150,1999,research_outputs/golden_dataset_local_tests/crops/1770341131504_0244_1292_11-002/470_Other_SKU_2006_1956_2150_1999.jpg,research_outputs/golden_dataset_local_tests/label_overlays_expected_sku/1770341131504_0244_1292_11-002_labels.jpg,yes,1005694696,-10.0:1005694696|-5.0:1005694696|0.0:1005694696|5.0:1005694696|10.0:1005694696|180.0:1005694696,,
1770341131504_0244_1292_11-002.jpg|Other_SKU|2199|1627|2343|1674,1770341131504_0244_1292_11-002.jpg,1770341131504_0244_1292_11-002.json,472,Other_SKU,,needs_review,,,,2199,1627,2343,1674,research_outputs/golden_dataset_local_tests/crops/1770341131504_0244_1292_11-002/472_Other_SKU_2199_1627_2343_1674.jpg,research_outputs/golden_dataset_local_tests/label_overlays_expected_sku/1770341131504_0244_1292_11-002_labels.jpg,yes,1005659304,-10.0:1005659304|-5.0:1005659304|0.0:1005659304|5.0:1005659304|10.0:1005659304|180.0:1005659304,,
1770341131504_0244_1292_11-002.jpg|Other_SKU|2428|1450|2568|1490,1770341131504_0244_1292_11-002.jpg,1770341131504_0244_1292_11-002.json,474,Other_SKU,,needs_review,,,,2428,1450,2568,1490,research_outputs/golden_dataset_local_tests/crops/1770341131504_0244_1292_11-002/474_Other_SKU_2428_1450_2568_1490.jpg,research_outputs/golden_dataset_local_tests/label_overlays_expected_sku/1770341131504_0244_1292_11-002_labels.jpg,yes,1005694756,-10.0:1005694756|-5.0:1005694756|0.0:1005694756|5.0:1005694756|10.0:1005694756|180.0:1005694756,,
1770341131504_0244_1293_11-001.jpg|RDC_SKU|1648|1911|1784|1968,1770341131504_0244_1293_11-001.jpg,1770341131504_0244_1293_11-001.json,8,RDC_SKU,,needs_review,,,,1648,1911,1784,1968,research_outputs/golden_dataset_local_tests/crops/1770341131504_0244_1293_11-001/008_RDC_SKU_1648_1911_1784_1968.jpg,research_outputs/golden_dataset_local_tests/label_overlays_expected_sku/1770341131504_0244_1293_11-001_labels.jpg,yes,313054,-10.0:313054|-5.0:313054|0.0:313054|5.0:313054|10.0:313054|180.0:313054,,
1770341131504_0244_1293_11-001.jpg|RDC_SKU|1980|1857|2132|1917,1770341131504_0244_1293_11-001.jpg,1770341131504_0244_1293_11-001.json,11,RDC_SKU,,needs_review,,,,1980,1857,2132,1917,research_outputs/golden_dataset_local_tests/crops/1770341131504_0244_1293_11-001/011_RDC_SKU_1980_1857_2132_1917.jpg,research_outputs/golden_dataset_local_tests/label_overlays_expected_sku/1770341131504_0244_1293_11-001_labels.jpg,yes,980510,-10.0:980510|-5.0:980510|0.0:980510|5.0:980510|10.0:980510|180.0:980510,,
1770341131504_0244_1293_11-001.jpg|RDC_SKU|2229|1817|2386|1876,1770341131504_0244_1293_11-001.jpg,1770341131504_0244_1293_11-001.json,14,RDC_SKU,,needs_review,,,,2229,1817,2386,1876,research_outputs/golden_dataset_local_tests/crops/1770341131504_0244_1293_11-001/014_RDC_SKU_2229_1817_2386_1876.jpg,research_outputs/golden_dataset_local_tests/label_overlays_expected_sku/1770341131504_0244_1293_11-001_labels.jpg,yes,1001073723,-10.0:1001073723|-5.0:1001073723|0.0:1001073723|5.0:1001073723|10.0:1001073723|180.0:1001073723,,
1770341131504_0244_1293_11-001.jpg|RDC_SKU|2010|1507|2154|1562,1770341131504_0244_1293_11-001.jpg,1770341131504_0244_1293_11-001.json,18,RDC_SKU,,needs_review,,,,2010,1507,2154,1562,research_outputs/golden_dataset_local_tests/crops/1770341131504_0244_1293_11-001/018_RDC_SKU_2010_1507_2154_1562.jpg,research_outputs/golden_dataset_local_tests/label_overlays_expected_sku/1770341131504_0244_1293_11-001_labels.jpg,yes,980698,-10.0:980698|-5.0:980698|0.0:980698|5.0:980698|10.0:980698|180.0:980698,,
1770341131504_0244_1293_11-001.jpg|RDC_SKU|2232|1593|2382|1659,1770341131504_0244_1293_11-001.jpg,1770341131504_0244_1293_11-001.json,21,RDC_SKU,,needs_review,,,,2232,1593,2382,1659,research_outputs/golden_dataset_local_tests/crops/1770341131504_0244_1293_11-001/021_RDC_SKU_2232_1593_2382_1659.jpg,research_outputs/golden_dataset_local_tests/label_overlays_expected_sku/1770341131504_0244_1293_11-001_labels.jpg,yes,1004797215,-10.0:1004797215|-5.0:1004797215|0.0:1004797215|5.0:1004797215|10.0:1004797215|180.0:1004797215,,
1770341131504_0244_1293_11-001.jpg|RDC_SKU|2485|2074|2643|2137,1770341131504_0244_1293_11-001.jpg,1770341131504_0244_1293_11-001.json,23,RDC_SKU,,needs_review,,,,2485,2074,2643,2137,research_outputs/golden_dataset_local_tests/crops/1770341131504_0244_1293_11-001/023_RDC_SKU_2485_2074_2643_2137.jpg,research_outputs/golden_dataset_local_tests/label_overlays_expected_sku/1770341131504_0244_1293_11-001_labels.jpg,yes,1004183406,-10.0:1004183406|-5.0:1004183406|0.0:1004183406|5.0:1004183406|10.0:1004183406|180.0:1004183406,,
1770341131504_0244_1293_11-001.jpg|RDC_SKU|2718|1751|2883|1810,1770341131504_0244_1293_11-001.jpg,1770341131504_0244_1293_11-001.json,28,RDC_SKU,,needs_review,,,,2718,1751,2883,1810,research_outputs/golden_dataset_local_tests/crops/1770341131504_0244_1293_11-001/028_RDC_SKU_2718_1751_2883_1810.jpg,research_outputs/golden_dataset_local_tests/label_overlays_expected_sku/1770341131504_0244_1293_11-001_labels.jpg,yes,1004797215,-10.0:1004797215|-5.0:1004797215|0.0:1004797215|5.0:1004797215|10.0:1004797215|180.0:1004797215,,
1770341131504_0244_1293_11-001.jpg|RDC_SKU|3007|1676|3171|1776,1770341131504_0244_1293_11-001.jpg,1770341131504_0244_1293_11-001.json,31,RDC_SKU,,needs_review,,,,3007,1676,3171,1776,research_outputs/golden_dataset_local_tests/crops/1770341131504_0244_1293_11-001/031_RDC_SKU_3007_1676_3171_1776.jpg,research_outputs/golden_dataset_local_tests/label_overlays_expected_sku/1770341131504_0244_1293_11-001_labels.jpg,yes,1008319711,-10.0:1008319711|-5.0:1008319711|0.0:1008319711|5.0:1008319711|10.0:1008319711|180.0:1008319711,,
1770341131504_0244_1293_11-001.jpg|RDC_SKU|2995|1433|3060|1584,1770341131504_0244_1293_11-001.jpg,1770341131504_0244_1293_11-001.json,35,RDC_SKU,,needs_review,,,,2995,1433,3060,1584,research_outputs/golden_dataset_local_tests/crops/1770341131504_0244_1293_11-001/035_RDC_SKU_2995_1433_3060_1584.jpg,research_outputs/golden_dataset_local_tests/label_overlays_expected_sku/1770341131504_0244_1293_11-001_labels.jpg,yes,1011204366,-10.0:1011204366|-5.0:1011204366|0.0:1011204366|5.0:1011204366|10.0:1011204366|180.0:1011204366,,
1770341131504_0244_1293_11-001.jpg|RDC_SKU|3447|1841|3616|1900,1770341131504_0244_1293_11-001.jpg,1770341131504_0244_1293_11-001.json,40,RDC_SKU,,needs_review,,,,3447,1841,3616,1900,research_outputs/golden_dataset_local_tests/crops/1770341131504_0244_1293_11-001/040_RDC_SKU_3447_1841_3616_1900.jpg,research_outputs/golden_dataset_local_tests/label_overlays_expected_sku/1770341131504_0244_1293_11-001_labels.jpg,yes,1008461663,-10.0:1008461663|-5.0:1008461663|0.0:1008461663|5.0:1008461663|10.0:1008461663|180.0:1008461663,,
1770341131504_0244_1293_11-001.jpg|RDC_SKU|3623|1660|3789|1716,1770341131504_0244_1293_11-001.jpg,1770341131504_0244_1293_11-001.json,42,RDC_SKU,,needs_review,,,,3623,1660,3789,1716,research_outputs/golden_dataset_local_tests/crops/1770341131504_0244_1293_11-001/042_RDC_SKU_3623_1660_3789_1716.jpg,research_outputs/golden_dataset_local_tests/label_overlays_expected_sku/1770341131504_0244_1293_11-001_labels.jpg,yes,1008319709,-10.0:1008319709|-5.0:1008319709|0.0:1008319709|5.0:1008319709|10.0:1008319709|180.0:1008319709,,
1770341131504_0244_1293_11-001.jpg|RDC_SKU|3594|1311|3750|1365,1770341131504_0244_1293_11-001.jpg,1770341131504_0244_1293_11-001.json,45,RDC_SKU,,needs_review,,,,3594,1311,3750,1365,research_outputs/golden_dataset_local_tests/crops/1770341131504_0244_1293_11-001/045_RDC_SKU_3594_1311_3750_1365.jpg,research_outputs/golden_dataset_local_tests/label_overlays_expected_sku/1770341131504_0244_1293_11-001_labels.jpg,yes,1011204357,-10.0:1011204357|-5.0:1011204357|0.0:1011204357|5.0:1011204357|10.0:1011204357|180.0:1011204357,,
1770341131504_0244_1293_11-001.jpg|RDC_SKU|4139|1459|4211|1611,1770341131504_0244_1293_11-001.jpg,1770341131504_0244_1293_11-001.json,49,RDC_SKU,,needs_review,,,,4139,1459,4211,1611,research_outputs/golden_dataset_local_tests/crops/1770341131504_0244_1293_11-001/049_RDC_SKU_4139_1459_4211_1611.jpg,research_outputs/golden_dataset_local_tests/label_overlays_expected_sku/1770341131504_0244_1293_11-001_labels.jpg,yes,1009369222,-10.0:1009369222|-5.0:1009369222|0.0:1009369222|5.0:1009369222|10.0:1009369222|180.0:1009369222,,
1770341131504_0244_1293_11-001.jpg|RDC_SKU|4318|1216|4479|1264,1770341131504_0244_1293_11-001.jpg,1770341131504_0244_1293_11-001.json,54,RDC_SKU,,needs_review,,,,4318,1216,4479,1264,research_outputs/golden_dataset_local_tests/crops/1770341131504_0244_1293_11-001/054_RDC_SKU_4318_1216_4479_1264.jpg,research_outputs/golden_dataset_local_tests/label_overlays_expected_sku/1770341131504_0244_1293_11-001_labels.jpg,yes,1005004956,-10.0:1005004956|-5.0:1005004956|0.0:1005094956|5.0:094956|10.0:1005004956|180.0:094956,,
1770341131504_0244_1293_11-001.jpg|RDC_SKU|4220|1878|4395|1931,1770341131504_0244_1293_11-001.jpg,1770341131504_0244_1293_11-001.json,56,RDC_SKU,,needs_review,,,,4220,1878,4395,1931,research_outputs/golden_dataset_local_tests/crops/1770341131504_0244_1293_11-001/056_RDC_SKU_4220_1878_4395_1931.jpg,research_outputs/golden_dataset_local_tests/label_overlays_expected_sku/1770341131504_0244_1293_11-001_labels.jpg,yes,1009368234,-10.0:1009368234|-5.0:1309368234|0.0:1009368234|5.0:1009368234|10.0:1009368234|180.0:1009368234,,
1770341131504_0244_1293_11-001.jpg|RDC_SKU|4480|1492|4540|1646,1770341131504_0244_1293_11-001.jpg,1770341131504_0244_1293_11-001.json,60,RDC_SKU,,needs_review,,,,4480,1492,4540,1646,research_outputs/golden_dataset_local_tests/crops/1770341131504_0244_1293_11-001/060_RDC_SKU_4480_1492_4540_1646.jpg,research_outputs/golden_dataset_local_tests/label_overlays_expected_sku/1770341131504_0244_1293_11-001_labels.jpg,yes,1011204371,-10.0:1011204371|-5.0:1011204371|0.0:1011204371|10.0:101120|180.0:1011204371,,
1770341131504_0244_1293_11-001.jpg|RDC_SKU|4724|1751|4896|1815,1770341131504_0244_1293_11-001.jpg,1770341131504_0244_1293_11-001.json,65,RDC_SKU,,needs_review,,,,4724,1751,4896,1815,research_outputs/golden_dataset_local_tests/crops/1770341131504_0244_1293_11-001/065_RDC_SKU_4724_1751_4896_1815.jpg,research_outputs/golden_dataset_local_tests/label_overlays_expected_sku/1770341131504_0244_1293_11-001_labels.jpg,yes,1001073704,-10.0:1001073704|-5.0:1001073704|0.0:1001073704|5.0:1001073704|10.0:1001073704|180.0:1001073704,,
1770341131504_0244_1293_11-001.jpg|RDC_SKU|4734|1490|4828|1638,1770341131504_0244_1293_11-001.jpg,1770341131504_0244_1293_11-001.json,69,RDC_SKU,,needs_review,,,,4734,1490,4828,1638,research_outputs/golden_dataset_local_tests/crops/1770341131504_0244_1293_11-001/069_RDC_SKU_4734_1490_4828_1638.jpg,research_outputs/golden_dataset_local_tests/label_overlays_expected_sku/1770341131504_0244_1293_11-001_labels.jpg,yes,980698,-10.0:980698|-5.0:980698|0.0:969086|5.0:980698|10.0:980698|180.0:980698,,
1770341131504_0244_1293_11-001.jpg|Pallet_SKU|4243|566|4663|644,1770341131504_0244_1293_11-001.jpg,1770341131504_0244_1293_11-001.json,117,Pallet_SKU,,needs_review,,,,4243,566,4663,644,research_outputs/golden_dataset_local_tests/crops/1770341131504_0244_1293_11-001/117_Pallet_SKU_4243_566_4663_644.jpg,research_outputs/golden_dataset_local_tests/label_overlays_expected_sku/1770341131504_0244_1293_11-001_labels.jpg,yes,1014242943,-10.0:1014242943|-5.0:1014242943|0.0:1014242943|5.0:1014242943|10.0:1014242943|180.0:1014242943,,
1770341131504_0244_1293_11-001.jpg|RDC_SKU|2703|1375|2848|1421,1770341131504_0244_1293_11-001.jpg,1770341131504_0244_1293_11-001.json,121,RDC_SKU,,needs_review,,,,2703,1375,2848,1421,research_outputs/golden_dataset_local_tests/crops/1770341131504_0244_1293_11-001/121_RDC_SKU_2703_1375_2848_1421.jpg,research_outputs/golden_dataset_local_tests/label_overlays_expected_sku/1770341131504_0244_1293_11-001_labels.jpg,yes,1011204368,-10.0:1011204368|-5.0:1011204368|0.0:1011204368|5.0:1011204368|10.0:1011204368|180.0:1011204368,,
1770341131504_0244_1293_11-001.jpg|Printed_on_Box_SKU|3465|1418|3521|1545,1770341131504_0244_1293_11-001.jpg,1770341131504_0244_1293_11-001.json,187,Printed_on_Box_SKU,,needs_review,,,,3465,1418,3521,1545,research_outputs/golden_dataset_local_tests/crops/1770341131504_0244_1293_11-001/187_Printed_on_Box_SKU_3465_1418_3521_1545.jpg,research_outputs/golden_dataset_local_tests/label_overlays_expected_sku/1770341131504_0244_1293_11-001_labels.jpg,yes,,,,
1770341131504_0244_1293_11-001.jpg|Printed_on_Box_SKU|3935|1689|4083|1747,1770341131504_0244_1293_11-001.jpg,1770341131504_0244_1293_11-001.json,189,Printed_on_Box_SKU,,needs_review,,,,3935,1689,4083,1747,research_outputs/golden_dataset_local_tests/crops/1770341131504_0244_1293_11-001/189_Printed_on_Box_SKU_3935_1689_4083_1747.jpg,research_outputs/golden_dataset_local_tests/label_overlays_expected_sku/1770341131504_0244_1293_11-001_labels.jpg,yes,1003623198,-10.0:1003623198|-5.0:1008623198|0.0:1008623198|5.0:1009623198|10.0:1009623198|180.0:1008623198,,
1770341315069_0244_1022_12-001.jpg|RDC_SKU|2049|2209|2119|2241,1770341315069_0244_1022_12-001.jpg,1770341315069_0244_1022_12-001.json,3,RDC_SKU,,needs_review,,,,2049,2209,2119,2241,research_outputs/golden_dataset_local_tests/crops/1770341315069_0244_1022_12-001/003_RDC_SKU_2049_2209_2119_2241.jpg,research_outputs/golden_dataset_local_tests/label_overlays_expected_sku/1770341315069_0244_1022_12-001_labels.jpg,yes,634513,-10.0:634513|-5.0:634513|0.0:634513|5.0:634513|10.0:634513|180.0:634513,,
1770341315069_0244_1022_12-001.jpg|RDC_SKU|2200|2067|2272|2100,1770341315069_0244_1022_12-001.jpg,1770341315069_0244_1022_12-001.json,6,RDC_SKU,,needs_review,,,,2200,2067,2272,2100,research_outputs/golden_dataset_local_tests/crops/1770341315069_0244_1022_12-001/006_RDC_SKU_2200_2067_2272_2100.jpg,research_outputs/golden_dataset_local_tests/label_overlays_expected_sku/1770341315069_0244_1022_12-001_labels.jpg,yes,554595,-10.0:554595|-5.0:554595|0.0:554595|5.0:554595|10.0:554595|180.0:554595,,
1770341315069_0244_1022_12-001.jpg|RDC_SKU|2475|2363|2577|2409,1770341315069_0244_1022_12-001.jpg,1770341315069_0244_1022_12-001.json,10,RDC_SKU,,needs_review,,,,2475,2363,2577,2409,research_outputs/golden_dataset_local_tests/crops/1770341315069_0244_1022_12-001/010_RDC_SKU_2475_2363_2577_2409.jpg,research_outputs/golden_dataset_local_tests/label_overlays_expected_sku/1770341315069_0244_1022_12-001_labels.jpg,yes,1005285475,-10.0:1005285475|-5.0:1005285475|0.0:1005285475|5.0:1005285475|10.0:1005285475|180.0:1005285475,,
1770341315069_0244_1022_12-001.jpg|RDC_SKU|2317|2321|2389|2360,1770341315069_0244_1022_12-001.jpg,1770341315069_0244_1022_12-001.json,12,RDC_SKU,,needs_review,,,,2317,2321,2389,2360,research_outputs/golden_dataset_local_tests/crops/1770341315069_0244_1022_12-001/012_RDC_SKU_2317_2321_2389_2360.jpg,research_outputs/golden_dataset_local_tests/label_overlays_expected_sku/1770341315069_0244_1022_12-001_labels.jpg,yes,634513,-10.0:634513|-5.0:634513|0.0:634513|5.0:634513|10.0:634513|180.0:634513,,
1770341315069_0244_1022_12-001.jpg|RDC_SKU|2342|2161|2446|2196,1770341315069_0244_1022_12-001.jpg,1770341315069_0244_1022_12-001.json,15,RDC_SKU,,needs_review,,,,2342,2161,2446,2196,research_outputs/golden_dataset_local_tests/crops/1770341315069_0244_1022_12-001/015_RDC_SKU_2342_2161_2446_2196.jpg,research_outputs/golden_dataset_local_tests/label_overlays_expected_sku/1770341315069_0244_1022_12-001_labels.jpg,yes,1001295007,-10.0:1001295007|-5.0:1001295007|0.0:1001295007|5.0:1001295007|10.0:1001295007|180.0:1001295007,,
1770341315069_0244_1022_12-001.jpg|RDC_SKU|2496|1898|2562|1933,1770341315069_0244_1022_12-001.jpg,1770341315069_0244_1022_12-001.json,20,RDC_SKU,,needs_review,,,,2496,1898,2562,1933,research_outputs/golden_dataset_local_tests/crops/1770341315069_0244_1022_12-001/020_RDC_SKU_2496_1898_2562_1933.jpg,research_outputs/golden_dataset_local_tests/label_overlays_expected_sku/1770341315069_0244_1022_12-001_labels.jpg,yes,185130,-10.0:185130|-5.0:185130|0.0:185130|5.0:185130|10.0:185130|180.0:185130,,
1770341315069_0244_1022_12-001.jpg|RDC_SKU|2488|2048|2557|2080,1770341315069_0244_1022_12-001.jpg,1770341315069_0244_1022_12-001.json,22,RDC_SKU,,needs_review,,,,2488,2048,2557,2080,research_outputs/golden_dataset_local_tests/crops/1770341315069_0244_1022_12-001/022_RDC_SKU_2488_2048_2557_2080.jpg,research_outputs/golden_dataset_local_tests/label_overlays_expected_sku/1770341315069_0244_1022_12-001_labels.jpg,yes,185269,-10.0:185269|-5.0:185269|0.0:185269|5.0:185269|10.0:185269|180.0:185269,,
1770341315069_0244_1022_12-001.jpg|RDC_SKU|2488|2201|2557|2236,1770341315069_0244_1022_12-001.jpg,1770341315069_0244_1022_12-001.json,24,RDC_SKU,,needs_review,,,,2488,2201,2557,2236,research_outputs/golden_dataset_local_tests/crops/1770341315069_0244_1022_12-001/024_RDC_SKU_2488_2201_2557_2236.jpg,research_outputs/golden_dataset_local_tests/label_overlays_expected_sku/1770341315069_0244_1022_12-001_labels.jpg,yes,189242,-10.0:189242|-5.0:189242|0.0:189242|5.0:189242|10.0:189242|180.0:189242,,
1770341315069_0244_1022_12-001.jpg|RDC_SKU|2629|1999|2697|2033,1770341315069_0244_1022_12-001.jpg,1770341315069_0244_1022_12-001.json,26,RDC_SKU,,needs_review,,,,2629,1999,2697,2033,research_outputs/golden_dataset_local_tests/crops/1770341315069_0244_1022_12-001/026_RDC_SKU_2629_1999_2697_2033.jpg,research_outputs/golden_dataset_local_tests/label_overlays_expected_sku/1770341315069_0244_1022_12-001_labels.jpg,yes,184146,-10.0:184146|-5.0:184146|0.0:184146|5.0:184146|10.0:184146|180.0:184146,,
1770341315069_0244_1022_12-001.jpg|RDC_SKU|2625|2158|2691|2190,1770341315069_0244_1022_12-001.jpg,1770341315069_0244_1022_12-001.json,28,RDC_SKU,,needs_review,,,,2625,2158,2691,2190,research_outputs/golden_dataset_local_tests/crops/1770341315069_0244_1022_12-001/028_RDC_SKU_2625_2158_2691_2190.jpg,research_outputs/golden_dataset_local_tests/label_overlays_expected_sku/1770341315069_0244_1022_12-001_labels.jpg,yes,156906,-10.0:156906|-5.0:156906|0.0:156906|5.0:156906|10.0:156906|180.0:156906,,
1770341315069_0244_1022_12-001.jpg|RDC_SKU|2634|2330|2736|2364,1770341315069_0244_1022_12-001.jpg,1770341315069_0244_1022_12-001.json,30,RDC_SKU,,needs_review,,,,2634,2330,2736,2364,research_outputs/golden_dataset_local_tests/crops/1770341315069_0244_1022_12-001/030_RDC_SKU_2634_2330_2736_2364.jpg,research_outputs/golden_dataset_local_tests/label_overlays_expected_sku/1770341315069_0244_1022_12-001_labels.jpg,yes,1005226558,-10.0:1005226558|-5.0:1005226558|0.0:1005226558|5.0:1005226558|10.0:1005226558|180.0:1005226558,,
1770341315069_0244_1022_12-001.jpg|Other_SKU|2790|2124|2893|2188,1770341315069_0244_1022_12-001.jpg,1770341315069_0244_1022_12-001.json,39,Other_SKU,,needs_review,,,,2790,2124,2893,2188,research_outputs/golden_dataset_local_tests/crops/1770341315069_0244_1022_12-001/039_Other_SKU_2790_2124_2893_2188.jpg,research_outputs/golden_dataset_local_tests/label_overlays_expected_sku/1770341315069_0244_1022_12-001_labels.jpg,yes,383651,-10.0:383651|-5.0:383651|0.0:383651|5.0:383651|10.0:383651|180.0:383651,,
1770341315069_0244_1022_12-001.jpg|Other_SKU|2844|2254|2950|2321,1770341315069_0244_1022_12-001.jpg,1770341315069_0244_1022_12-001.json,42,Other_SKU,,needs_review,,,,2844,2254,2950,2321,research_outputs/golden_dataset_local_tests/crops/1770341315069_0244_1022_12-001/042_Other_SKU_2844_2254_2950_2321.jpg,research_outputs/golden_dataset_local_tests/label_overlays_expected_sku/1770341315069_0244_1022_12-001_labels.jpg,yes,100620,-10.0:383660|-5.0:383660|0.0:383660|5.0:383660|10.0:383660|180.0:383660,,
1770341315069_0244_1022_12-001.jpg|Other_SKU|3108|2051|3214|2114,1770341315069_0244_1022_12-001.jpg,1770341315069_0244_1022_12-001.json,47,Other_SKU,,needs_review,,,,3108,2051,3214,2114,research_outputs/golden_dataset_local_tests/crops/1770341315069_0244_1022_12-001/047_Other_SKU_3108_2051_3214_2114.jpg,research_outputs/golden_dataset_local_tests/label_overlays_expected_sku/1770341315069_0244_1022_12-001_labels.jpg,yes,383667,-10.0:383667|-5.0:383667|0.0:383667|5.0:383667|10.0:383667|180.0:383667,,
1770341315069_0244_1022_12-001.jpg|Other_SKU|3105|2190|3212|2257,1770341315069_0244_1022_12-001.jpg,1770341315069_0244_1022_12-001.json,49,Other_SKU,,needs_review,,,,3105,2190,3212,2257,research_outputs/golden_dataset_local_tests/crops/1770341315069_0244_1022_12-001/049_Other_SKU_3105_2190_3212_2257.jpg,research_outputs/golden_dataset_local_tests/label_overlays_expected_sku/1770341315069_0244_1022_12-001_labels.jpg,yes,383666,-10.0:383666|-5.0:383666|0.0:383666|5.0:383666|10.0:383666|180.0:383666,,
1770341315069_0244_1022_12-001.jpg|Other_SKU|3126|2358|3240|2397,1770341315069_0244_1022_12-001.jpg,1770341315069_0244_1022_12-001.json,51,Other_SKU,,needs_review,,,,3126,2358,3240,2397,research_outputs/golden_dataset_local_tests/crops/1770341315069_0244_1022_12-001/051_Other_SKU_3126_2358_3240_2397.jpg,research_outputs/golden_dataset_local_tests/label_overlays_expected_sku/1770341315069_0244_1022_12-001_labels.jpg,yes,1013649554,-10.0:1013649554|-5.0:1013649554|0.0:1013649554|5.0:1013649554|10.0:1013649554|180.0:1013649554,,
1770341315069_0244_1022_12-001.jpg|RDC_SKU|3239|1977|3310|2015,1770341315069_0244_1022_12-001.jpg,1770341315069_0244_1022_12-001.json,57,RDC_SKU,,needs_review,,,,3239,1977,3310,2015,research_outputs/golden_dataset_local_tests/crops/1770341315069_0244_1022_12-001/057_RDC_SKU_3239_1977_3310_2015.jpg,research_outputs/golden_dataset_local_tests/label_overlays_expected_sku/1770341315069_0244_1022_12-001_labels.jpg,yes,288733,-10.0:288733|-5.0:288733|0.0:288733|5.0:288733|10.0:288733|180.0:288733,,
1770341315069_0244_1022_12-001.jpg|RDC_SKU|3333|1967|3403|2000,1770341315069_0244_1022_12-001.jpg,1770341315069_0244_1022_12-001.json,59,RDC_SKU,,needs_review,,,,3333,1967,3403,2000,research_outputs/golden_dataset_local_tests/crops/1770341315069_0244_1022_12-001/059_RDC_SKU_3333_1967_3403_2000.jpg,research_outputs/golden_dataset_local_tests/label_overlays_expected_sku/1770341315069_0244_1022_12-001_labels.jpg,yes,554727,-10.0:554727|-5.0:554727|0.0:554727|5.0:554727|10.0:554727|180.0:554727,,
1770341315069_0244_1022_12-001.jpg|RDC_SKU|3433|2010|3504|2046,1770341315069_0244_1022_12-001.jpg,1770341315069_0244_1022_12-001.json,66,RDC_SKU,,needs_review,,,,3433,2010,3504,2046,research_outputs/golden_dataset_local_tests/crops/1770341315069_0244_1022_12-001/066_RDC_SKU_3433_2010_3504_2046.jpg,research_outputs/golden_dataset_local_tests/label_overlays_expected_sku/1770341315069_0244_1022_12-001_labels.jpg,yes,184225,-10.0:184225|-5.0:184225|0.0:184225|5.0:184225|10.0:184225|180.0:184225,,
1770341315069_0244_1022_12-001.jpg|RDC_SKU|4091|1925|4158|1957,1770341315069_0244_1022_12-001.jpg,1770341315069_0244_1022_12-001.json,75,RDC_SKU,,needs_review,,,,4091,1925,4158,1957,research_outputs/golden_dataset_local_tests/crops/1770341315069_0244_1022_12-001/075_RDC_SKU_4091_1925_4158_1957.jpg,research_outputs/golden_dataset_local_tests/label_overlays_expected_sku/1770341315069_0244_1022_12-001_labels.jpg,yes,183948,-10.0:183948|-5.0:183948|0.0:183948|5.0:183948|10.0:183948|180.0:183948,,
1770341315069_0244_1022_12-001.jpg|RDC_SKU|3996|1904|4064|1936,1770341315069_0244_1022_12-001.jpg,1770341315069_0244_1022_12-001.json,77,RDC_SKU,,needs_review,,,,3996,1904,4064,1936,research_outputs/golden_dataset_local_tests/crops/1770341315069_0244_1022_12-001/077_RDC_SKU_3996_1904_4064_1936.jpg,research_outputs/golden_dataset_local_tests/label_overlays_expected_sku/1770341315069_0244_1022_12-001_labels.jpg,yes,155417,-10.0:156417|-5.0:156417|0.0:158417|5.0:158417|10.0:156417|180.0:158417,,
1770341315069_0244_1022_12-001.jpg|RDC_SKU|3884|1917|3955|1949,1770341315069_0244_1022_12-001.jpg,1770341315069_0244_1022_12-001.json,79,RDC_SKU,,needs_review,,,,3884,1917,3955,1949,research_outputs/golden_dataset_local_tests/crops/1770341315069_0244_1022_12-001/079_RDC_SKU_3884_1917_3955_1949.jpg,research_outputs/golden_dataset_local_tests/label_overlays_expected_sku/1770341315069_0244_1022_12-001_labels.jpg,yes,184146,-10.0:184146|-5.0:184146|0.0:184146|5.0:184146|10.0:184146|180.0:184146,,
1770341315069_0244_1022_12-001.jpg|RDC_SKU|3771|1913|3837|1940,1770341315069_0244_1022_12-001.jpg,1770341315069_0244_1022_12-001.json,81,RDC_SKU,,needs_review,,,,3771,1913,3837,1940,research_outputs/golden_dataset_local_tests/crops/1770341315069_0244_1022_12-001/081_RDC_SKU_3771_1913_3837_1940.jpg,research_outputs/golden_dataset_local_tests/label_overlays_expected_sku/1770341315069_0244_1022_12-001_labels.jpg,yes,183949,-5.0:183048|0.0:183040|5.0:187049|10.0:187040|180.0:676281,,
1770341315069_0244_1022_12-001.jpg|RDC_SKU|3661|1912|3730|1942,1770341315069_0244_1022_12-001.jpg,1770341315069_0244_1022_12-001.json,83,RDC_SKU,,needs_review,,,,3661,1912,3730,1942,research_outputs/golden_dataset_local_tests/crops/1770341315069_0244_1022_12-001/083_RDC_SKU_3661_1912_3730_1942.jpg,research_outputs/golden_dataset_local_tests/label_overlays_expected_sku/1770341315069_0244_1022_12-001_labels.jpg,yes,185175,-10.0:185175|-5.0:185175|0.0:185175|5.0:185175|10.0:185175|180.0:185175,,
1770341315069_0244_1022_12-001.jpg|RDC_SKU|3550|1879|3651|1911,1770341315069_0244_1022_12-001.jpg,1770341315069_0244_1022_12-001.json,85,RDC_SKU,,needs_review,,,,3550,1879,3651,1911,research_outputs/golden_dataset_local_tests/crops/1770341315069_0244_1022_12-001/085_RDC_SKU_3550_1879_3651_1911.jpg,research_outputs/golden_dataset_local_tests/label_overlays_expected_sku/1770341315069_0244_1022_12-001_labels.jpg,yes,1001412345,-10.0:1001412345|-5.0:1001412345|0.0:1001412345|5.0:1001412345|10.0:1001412345|180.0:1003412345,,
1770341315069_0244_1022_12-001.jpg|RDC_SKU|3887|2078|3991|2114,1770341315069_0244_1022_12-001.jpg,1770341315069_0244_1022_12-001.json,92,RDC_SKU,,needs_review,,,,3887,2078,3991,2114,research_outputs/golden_dataset_local_tests/crops/1770341315069_0244_1022_12-001/092_RDC_SKU_3887_2078_3991_2114.jpg,research_outputs/golden_dataset_local_tests/label_overlays_expected_sku/1770341315069_0244_1022_12-001_labels.jpg,yes,1001412254,-10.0:1001412254|-5.0:1001412254|0.0:1001412254|5.0:1001412254|10.0:1001412254|180.0:1001412254,,
1770341315069_0244_1022_12-001.jpg|RDC_SKU|3684|2141|3785|2174,1770341315069_0244_1022_12-001.jpg,1770341315069_0244_1022_12-001.json,102,RDC_SKU,,needs_review,,,,3684,2141,3785,2174,research_outputs/golden_dataset_local_tests/crops/1770341315069_0244_1022_12-001/102_RDC_SKU_3684_2141_3785_2174.jpg,research_outputs/golden_dataset_local_tests/label_overlays_expected_sku/1770341315069_0244_1022_12-001_labels.jpg,yes,1001412272,-10.0:1001412272|-5.0:1001412272|0.0:1001412272|5.0:1001412272|10.0:1001412272|180.0:1001412272,,
1770341315069_0244_1022_12-001.jpg|RDC_SKU|4249|2231|4321|2265,1770341315069_0244_1022_12-001.jpg,1770341315069_0244_1022_12-001.json,104,RDC_SKU,,needs_review,,,,4249,2231,4321,2265,research_outputs/golden_dataset_local_tests/crops/1770341315069_0244_1022_12-001/104_RDC_SKU_4249_2231_4321_2265.jpg,research_outputs/golden_dataset_local_tests/label_overlays_expected_sku/1770341315069_0244_1022_12-001_labels.jpg,yes,189242,-10.0:189242|-5.0:189242|0.0:189242|5.0:189242|10.0:189242|180.0:189242,,
1770341315069_0244_1022_12-001.jpg|RDC_SKU|4126|2245|4200|2274,1770341315069_0244_1022_12-001.jpg,1770341315069_0244_1022_12-001.json,106,RDC_SKU,,needs_review,,,,4126,2245,4200,2274,research_outputs/golden_dataset_local_tests/crops/1770341315069_0244_1022_12-001/106_RDC_SKU_4126_2245_4200_2274.jpg,research_outputs/golden_dataset_local_tests/label_overlays_expected_sku/1770341315069_0244_1022_12-001_labels.jpg,yes,704826,-10.0:724336|5.0:704326|10.0:724326,,
1770341315069_0244_1022_12-001.jpg|RDC_SKU|4052|2212|4089|2280,1770341315069_0244_1022_12-001.jpg,1770341315069_0244_1022_12-001.json,108,RDC_SKU,,needs_review,,,,4052,2212,4089,2280,research_outputs/golden_dataset_local_tests/crops/1770341315069_0244_1022_12-001/108_RDC_SKU_4052_2212_4089_2280.jpg,research_outputs/golden_dataset_local_tests/label_overlays_expected_sku/1770341315069_0244_1022_12-001_labels.jpg,yes,164663,-10.0:164663|-5.0:164663|0.0:164663|5.0:164663|10.0:164663|180.0:164663,,
1770341315069_0244_1022_12-001.jpg|RDC_SKU|3704|2461|3776|2503,1770341315069_0244_1022_12-001.jpg,1770341315069_0244_1022_12-001.json,117,RDC_SKU,,needs_review,,,,3704,2461,3776,2503,research_outputs/golden_dataset_local_tests/crops/1770341315069_0244_1022_12-001/117_RDC_SKU_3704_2461_3776_2503.jpg,research_outputs/golden_dataset_local_tests/label_overlays_expected_sku/1770341315069_0244_1022_12-001_labels.jpg,yes,168952,-10.0:168952|-5.0:168952|0.0:168952|5.0:168952|10.0:168952|180.0:168952,,
1770341315069_0244_1022_12-001.jpg|Other_SKU|1686|2904|1781|2964,1770341315069_0244_1022_12-001.jpg,1770341315069_0244_1022_12-001.json,120,Other_SKU,,needs_review,,,,1686,2904,1781,2964,research_outputs/golden_dataset_local_tests/crops/1770341315069_0244_1022_12-001/120_Other_SKU_1686_2904_1781_2964.jpg,research_outputs/golden_dataset_local_tests/label_overlays_expected_sku/1770341315069_0244_1022_12-001_labels.jpg,yes,383658,-10.0:383658|-5.0:383658|0.0:383658|5.0:383658|10.0:383658|180.0:383658,,
1770341315069_0244_1022_12-001.jpg|Other_SKU|2592|2955|2703|3019,1770341315069_0244_1022_12-001.jpg,1770341315069_0244_1022_12-001.json,130,Other_SKU,,needs_review,,,,2592,2955,2703,3019,research_outputs/golden_dataset_local_tests/crops/1770341315069_0244_1022_12-001/130_Other_SKU_2592_2955_2703_3019.jpg,research_outputs/golden_dataset_local_tests/label_overlays_expected_sku/1770341315069_0244_1022_12-001_labels.jpg,yes,383658,-10.0:383658|-5.0:383658|0.0:383658|5.0:383658|10.0:383658|180.0:383658,,
1770341315069_0244_1022_12-001.jpg|Other_SKU|2914|2972|3006|3041,1770341315069_0244_1022_12-001.jpg,1770341315069_0244_1022_12-001.json,132,Other_SKU,,needs_review,,,,2914,2972,3006,3041,research_outputs/golden_dataset_local_tests/crops/1770341315069_0244_1022_12-001/132_Other_SKU_2914_2972_3006_3041.jpg,research_outputs/golden_dataset_local_tests/label_overlays_expected_sku/1770341315069_0244_1022_12-001_labels.jpg,yes,049280,-10.0:049280|-5.0:049280|0.0:049280|5.0:049280|10.0:049280|180.0:049280,,
1770341315069_0244_1022_12-001.jpg|RDC_SKU|4288|3060|4392|3095,1770341315069_0244_1022_12-001.jpg,1770341315069_0244_1022_12-001.json,142,RDC_SKU,,needs_review,,,,4288,3060,4392,3095,research_outputs/golden_dataset_local_tests/crops/1770341315069_0244_1022_12-001/142_RDC_SKU_4288_3060_4392_3095.jpg,research_outputs/golden_dataset_local_tests/label_overlays_expected_sku/1770341315069_0244_1022_12-001_labels.jpg,yes,1005285475,-10.0:1005285475|-5.0:1005285475|0.0:1005285475|5.0:1005285475|10.0:1005285475|180.0:1005285475,,
1770341315069_0244_1022_12-001.jpg|Other_SKU|3627|2414|3689|2447,1770341315069_0244_1022_12-001.jpg,1770341315069_0244_1022_12-001.json,144,Other_SKU,,needs_review,,,,3627,2414,3689,2447,research_outputs/golden_dataset_local_tests/crops/1770341315069_0244_1022_12-001/144_Other_SKU_3627_2414_3689_2447.jpg,research_outputs/golden_dataset_local_tests/label_overlays_expected_sku/1770341315069_0244_1022_12-001_labels.jpg,yes,,,,
1770341315069_0244_1022_12-001.jpg|RDC_SKU|1593|3326|1692|3360,1770341315069_0244_1022_12-001.jpg,1770341315069_0244_1022_12-001.json,146,RDC_SKU,,needs_review,,,,1593,3326,1692,3360,research_outputs/golden_dataset_local_tests/crops/1770341315069_0244_1022_12-001/146_RDC_SKU_1593_3326_1692_3360.jpg,research_outputs/golden_dataset_local_tests/label_overlays_expected_sku/1770341315069_0244_1022_12-001_labels.jpg,yes,1013726904,,,
1770341315069_0244_1022_12-001.jpg|RDC_SKU|1591|3378|1690|3413,1770341315069_0244_1022_12-001.jpg,1770341315069_0244_1022_12-001.json,148,RDC_SKU,,needs_review,,,,1591,3378,1690,3413,research_outputs/golden_dataset_local_tests/crops/1770341315069_0244_1022_12-001/148_RDC_SKU_1591_3378_1690_3413.jpg,research_outputs/golden_dataset_local_tests/label_overlays_expected_sku/1770341315069_0244_1022_12-001_labels.jpg,yes,1013726901,-10.0:1013726901|-5.0:1013726901|0.0:1013726901|5.0:1013726901|180.0:1013726901,,
1770341315069_0244_1022_12-001.jpg|RDC_SKU|2860|4531|3048|4575,1770341315069_0244_1022_12-001.jpg,1770341315069_0244_1022_12-001.json,150,RDC_SKU,,needs_review,,,,2860,4531,3048,4575,research_outputs/golden_dataset_local_tests/crops/1770341315069_0244_1022_12-001/150_RDC_SKU_2860_4531_3048_4575.jpg,research_outputs/golden_dataset_local_tests/label_overlays_expected_sku/1770341315069_0244_1022_12-001_labels.jpg,yes,1006685425,-10.0:1006685425|-5.0:1006685425|0.0:1006685425|5.0:1006685425|10.0:1006685425|180.0:1006685425,,
1770341315069_0244_1022_12-001.jpg|Handwritte_SKU|2308|2902|2533|3021,1770341315069_0244_1022_12-001.jpg,1770341315069_0244_1022_12-001.json,262,Handwritte_SKU,,needs_review,,,,2308,2902,2533,3021,research_outputs/golden_dataset_local_tests/crops/1770341315069_0244_1022_12-001/262_Handwritte_SKU_2308_2902_2533_3021.jpg,research_outputs/golden_dataset_local_tests/label_overlays_expected_sku/1770341315069_0244_1022_12-001_labels.jpg,yes,100012,-5.0:100012|0.0:180127|180.0:180127,,
1770341315069_0244_1048_12-004.jpg|Pallet_SKU|1287|670|1592|789,1770341315069_0244_1048_12-004.jpg,1770341315069_0244_1048_12-004.json,0,Pallet_SKU,,needs_review,,,,1287,670,1592,789,research_outputs/golden_dataset_local_tests/crops/1770341315069_0244_1048_12-004/000_Pallet_SKU_1287_670_1592_789.jpg,research_outputs/golden_dataset_local_tests/label_overlays_expected_sku/1770341315069_0244_1048_12-004_labels.jpg,yes,905999,-10.0:905999|-5.0:905999|0.0:905999|5.0:905999|10.0:905999|180.0:905999,,
1770341315069_0244_1048_12-004.jpg|Pallet_SKU|2150|430|2466|520,1770341315069_0244_1048_12-004.jpg,1770341315069_0244_1048_12-004.json,2,Pallet_SKU,,needs_review,,,,2150,430,2466,520,research_outputs/golden_dataset_local_tests/crops/1770341315069_0244_1048_12-004/002_Pallet_SKU_2150_430_2466_520.jpg,research_outputs/golden_dataset_local_tests/label_overlays_expected_sku/1770341315069_0244_1048_12-004_labels.jpg,yes,1005776196,-10.0:1005776196|-5.0:1005776196|0.0:1005776196|5.0:1005776196|10.0:1005776196|180.0:1005776196,,
1770341315069_0244_1048_12-004.jpg|Pallet_SKU|2131|495|2464|589,1770341315069_0244_1048_12-004.jpg,1770341315069_0244_1048_12-004.json,3,Pallet_SKU,,needs_review,,,,2131,495,2464,589,research_outputs/golden_dataset_local_tests/crops/1770341315069_0244_1048_12-004/003_Pallet_SKU_2131_495_2464_589.jpg,research_outputs/golden_dataset_local_tests/label_overlays_expected_sku/1770341315069_0244_1048_12-004_labels.jpg,yes,1005776204,-10.0:1005776204|-5.0:1005776204|0.0:1005776204|5.0:1005776204|10.0:1005776204|180.0:1005776204,,
1770341315069_0244_1048_12-004.jpg|Pallet_SKU|2152|571|2463|644,1770341315069_0244_1048_12-004.jpg,1770341315069_0244_1048_12-004.json,4,Pallet_SKU,,needs_review,,,,2152,571,2463,644,research_outputs/golden_dataset_local_tests/crops/1770341315069_0244_1048_12-004/004_Pallet_SKU_2152_571_2463_644.jpg,research_outputs/golden_dataset_local_tests/label_overlays_expected_sku/1770341315069_0244_1048_12-004_labels.jpg,yes,1010043801,-10.0:1010043801|-5.0:1010043801|0.0:1010043801|5.0:1010043801|10.0:1010043801|180.0:1010043801,,
1770341315069_0244_1048_12-004.jpg|Pallet_SKU|3081|315|3412|423,1770341315069_0244_1048_12-004.jpg,1770341315069_0244_1048_12-004.json,6,Pallet_SKU,,needs_review,,,,3081,315,3412,423,research_outputs/golden_dataset_local_tests/crops/1770341315069_0244_1048_12-004/006_Pallet_SKU_3081_315_3412_423.jpg,research_outputs/golden_dataset_local_tests/label_overlays_expected_sku/1770341315069_0244_1048_12-004_labels.jpg,yes,1001470656,-10.0:1001470656|-5.0:1001470656|0.0:1001470656|5.0:1001470656|10.0:1001470656|180.0:1001470656,,
1770341315069_0244_1048_12-004.jpg|Pallet_SKU|3088|370|3415|476,1770341315069_0244_1048_12-004.jpg,1770341315069_0244_1048_12-004.json,7,Pallet_SKU,,needs_review,,,,3088,370,3415,476,research_outputs/golden_dataset_local_tests/crops/1770341315069_0244_1048_12-004/007_Pallet_SKU_3088_370_3415_476.jpg,research_outputs/golden_dataset_local_tests/label_overlays_expected_sku/1770341315069_0244_1048_12-004_labels.jpg,yes,1001470671,-10.0:1001470671|-5.0:1001470671|0.0:1001470671|5.0:1001470671|10.0:1001470671|180.0:1001470671,,
1770341315069_0244_1048_12-004.jpg|Pallet_SKU|3086|441|3426|548,1770341315069_0244_1048_12-004.jpg,1770341315069_0244_1048_12-004.json,8,Pallet_SKU,,needs_review,,,,3086,441,3426,548,research_outputs/golden_dataset_local_tests/crops/1770341315069_0244_1048_12-004/008_Pallet_SKU_3086_441_3426_548.jpg,research_outputs/golden_dataset_local_tests/label_overlays_expected_sku/1770341315069_0244_1048_12-004_labels.jpg,yes,1001749883,-10.0:1001749883|-5.0:1001749883|0.0:1001749883|5.0:1001749883|10.0:1001749883|180.0:1001749883,,
1770341315069_0244_1048_12-004.jpg|Other_SKU|688|2793|783|2828,1770341315069_0244_1048_12-004.jpg,1770341315069_0244_1048_12-004.json,150,Other_SKU,,needs_review,,,,688,2793,783,2828,research_outputs/golden_dataset_local_tests/crops/1770341315069_0244_1048_12-004/150_Other_SKU_688_2793_783_2828.jpg,research_outputs/golden_dataset_local_tests/label_overlays_expected_sku/1770341315069_0244_1048_12-004_labels.jpg,yes,500959,-10.0:503959|10.0:503959,,
1770341315069_0244_1048_12-004.jpg|Other_SKU|1045|2809|1142|2844,1770341315069_0244_1048_12-004.jpg,1770341315069_0244_1048_12-004.json,152,Other_SKU,,needs_review,,,,1045,2809,1142,2844,research_outputs/golden_dataset_local_tests/crops/1770341315069_0244_1048_12-004/152_Other_SKU_1045_2809_1142_2844.jpg,research_outputs/golden_dataset_local_tests/label_overlays_expected_sku/1770341315069_0244_1048_12-004_labels.jpg,yes,257503,-10.0:257503|-5.0:257513|0.0:257503|5.0:257503|10.0:257503|180.0:257503,,
1770341315069_0244_1048_12-004.jpg|Other_SKU|1467|2936|1566|2975,1770341315069_0244_1048_12-004.jpg,1770341315069_0244_1048_12-004.json,154,Other_SKU,,needs_review,,,,1467,2936,1566,2975,research_outputs/golden_dataset_local_tests/crops/1770341315069_0244_1048_12-004/154_Other_SKU_1467_2936_1566_2975.jpg,research_outputs/golden_dataset_local_tests/label_overlays_expected_sku/1770341315069_0244_1048_12-004_labels.jpg,yes,640332,-10.0:640332|-5.0:640332|0.0:640332|5.0:640332|10.0:640332|180.0:640332,,
1770341315069_0244_1048_12-004.jpg|Other_SKU|1468|2783|1557|2820,1770341315069_0244_1048_12-004.jpg,1770341315069_0244_1048_12-004.json,156,Other_SKU,,needs_review,,,,1468,2783,1557,2820,research_outputs/golden_dataset_local_tests/crops/1770341315069_0244_1048_12-004/156_Other_SKU_1468_2783_1557_2820.jpg,research_outputs/golden_dataset_local_tests/label_overlays_expected_sku/1770341315069_0244_1048_12-004_labels.jpg,yes,247928,-10.0:247908|-5.0:247928|0.0:247928|5.0:247926|10.0:247908|180.0:247928,,
1770341315069_0244_1048_12-004.jpg|Other_SKU|1699|2844|1801|2882,1770341315069_0244_1048_12-004.jpg,1770341315069_0244_1048_12-004.json,158,Other_SKU,,needs_review,,,,1699,2844,1801,2882,research_outputs/golden_dataset_local_tests/crops/1770341315069_0244_1048_12-004/158_Other_SKU_1699_2844_1801_2882.jpg,research_outputs/golden_dataset_local_tests/label_overlays_expected_sku/1770341315069_0244_1048_12-004_labels.jpg,yes,689599,-10.0:600599|-5.0:609599|0.0:609599|5.0:609599|10.0:609599|180.0:665609,,
1770341315069_0244_1048_12-004.jpg|Other_SKU|1922|2780|2018|2822,1770341315069_0244_1048_12-004.jpg,1770341315069_0244_1048_12-004.json,160,Other_SKU,,needs_review,,,,1922,2780,2018,2822,research_outputs/golden_dataset_local_tests/crops/1770341315069_0244_1048_12-004/160_Other_SKU_1922_2780_2018_2822.jpg,research_outputs/golden_dataset_local_tests/label_overlays_expected_sku/1770341315069_0244_1048_12-004_labels.jpg,yes,152507,0.0:152507|180.0:152507,,
1770341315069_0244_1052_12-003.jpg|RDC_SKU|1605|959|1677|992,1770341315069_0244_1052_12-003.jpg,1770341315069_0244_1052_12-003.json,0,RDC_SKU,,needs_review,,,,1605,959,1677,992,research_outputs/golden_dataset_local_tests/crops/1770341315069_0244_1052_12-003/000_RDC_SKU_1605_959_1677_992.jpg,research_outputs/golden_dataset_local_tests/label_overlays_expected_sku/1770341315069_0244_1052_12-003_labels.jpg,yes,,,,
1770341315069_0244_1052_12-003.jpg|RDC_SKU|1571|1071|1650|1107,1770341315069_0244_1052_12-003.jpg,1770341315069_0244_1052_12-003.json,5,RDC_SKU,,needs_review,,,,1571,1071,1650,1107,research_outputs/golden_dataset_local_tests/crops/1770341315069_0244_1052_12-003/005_RDC_SKU_1571_1071_1650_1107.jpg,research_outputs/golden_dataset_local_tests/label_overlays_expected_sku/1770341315069_0244_1052_12-003_labels.jpg,yes,554732,-5.0:554732|0.0:554132|180.0:554732,,
1770341315069_0244_1052_12-003.jpg|RDC_SKU|1534|1244|1637|1279,1770341315069_0244_1052_12-003.jpg,1770341315069_0244_1052_12-003.json,7,RDC_SKU,,needs_review,,,,1534,1244,1637,1279,research_outputs/golden_dataset_local_tests/crops/1770341315069_0244_1052_12-003/007_RDC_SKU_1534_1244_1637_1279.jpg,research_outputs/golden_dataset_local_tests/label_overlays_expected_sku/1770341315069_0244_1052_12-003_labels.jpg,yes,,,,
1770341315069_0244_1052_12-003.jpg|RDC_SKU|1649|1228|1760|1267,1770341315069_0244_1052_12-003.jpg,1770341315069_0244_1052_12-003.json,9,RDC_SKU,,needs_review,,,,1649,1228,1760,1267,research_outputs/golden_dataset_local_tests/crops/1770341315069_0244_1052_12-003/009_RDC_SKU_1649_1228_1760_1267.jpg,research_outputs/golden_dataset_local_tests/label_overlays_expected_sku/1770341315069_0244_1052_12-003_labels.jpg,yes,1005752712,-10.0:1005752712|-5.0:1005752712|0.0:1005752712|10.0:1005752712|180.0:1005752712,,
1770341315069_0244_1052_12-003.jpg|RDC_SKU|1826|1333|1905|1366,1770341315069_0244_1052_12-003.jpg,1770341315069_0244_1052_12-003.json,13,RDC_SKU,,needs_review,,,,1826,1333,1905,1366,research_outputs/golden_dataset_local_tests/crops/1770341315069_0244_1052_12-003/013_RDC_SKU_1826_1333_1905_1366.jpg,research_outputs/golden_dataset_local_tests/label_overlays_expected_sku/1770341315069_0244_1052_12-003_labels.jpg,yes,,,,
1770341315069_0244_1052_12-003.jpg|RDC_SKU|2261|1128|2337|1179,1770341315069_0244_1052_12-003.jpg,1770341315069_0244_1052_12-003.json,17,RDC_SKU,,needs_review,,,,2261,1128,2337,1179,research_outputs/golden_dataset_local_tests/crops/1770341315069_0244_1052_12-003/017_RDC_SKU_2261_1128_2337_1179.jpg,research_outputs/golden_dataset_local_tests/label_overlays_expected_sku/1770341315069_0244_1052_12-003_labels.jpg,yes,468093,10.0:460093,,
1770341315069_0244_1052_12-003.jpg|RDC_SKU|2481|937|2590|971,1770341315069_0244_1052_12-003.jpg,1770341315069_0244_1052_12-003.json,20,RDC_SKU,,needs_review,,,,2481,937,2590,971,research_outputs/golden_dataset_local_tests/crops/1770341315069_0244_1052_12-003/020_RDC_SKU_2481_937_2590_971.jpg,research_outputs/golden_dataset_local_tests/label_overlays_expected_sku/1770341315069_0244_1052_12-003_labels.jpg,yes,100002,0.0:100002|180.0:100002,,
1770341315069_0244_1052_12-003.jpg|RDC_SKU|2482|1109|2594|1140,1770341315069_0244_1052_12-003.jpg,1770341315069_0244_1052_12-003.json,23,RDC_SKU,,needs_review,,,,2482,1109,2594,1140,research_outputs/golden_dataset_local_tests/crops/1770341315069_0244_1052_12-003/023_RDC_SKU_2482_1109_2594_1140.jpg,research_outputs/golden_dataset_local_tests/label_overlays_expected_sku/1770341315069_0244_1052_12-003_labels.jpg,yes,1005752967,-5.0:1005752967|0.0:1005752967|5.0:1005752967|180.0:1005752967,,
1770341315069_0244_1052_12-003.jpg|RDC_SKU|2493|1272|2605|1309,1770341315069_0244_1052_12-003.jpg,1770341315069_0244_1052_12-003.json,26,RDC_SKU,,needs_review,,,,2493,1272,2605,1309,research_outputs/golden_dataset_local_tests/crops/1770341315069_0244_1052_12-003/026_RDC_SKU_2493_1272_2605_1309.jpg,research_outputs/golden_dataset_local_tests/label_overlays_expected_sku/1770341315069_0244_1052_12-003_labels.jpg,yes,1005752699,-10.0:1005752699|-5.0:1005752699|0.0:1005752699|5.0:1005752699|10.0:1005752699|180.0:1005752699,,
1770341315069_0244_1052_12-003.jpg|RDC_SKU|2610|949|2719|984,1770341315069_0244_1052_12-003.jpg,1770341315069_0244_1052_12-003.json,29,RDC_SKU,,needs_review,,,,2610,949,2719,984,research_outputs/golden_dataset_local_tests/crops/1770341315069_0244_1052_12-003/029_RDC_SKU_2610_949_2719_984.jpg,research_outputs/golden_dataset_local_tests/label_overlays_expected_sku/1770341315069_0244_1052_12-003_labels.jpg,yes,1005752655,-10.0:1005752655|-5.0:1005752655|0.0:1005752655|5.0:1005752655|10.0:1005752655|180.0:1005752655,,
1770341315069_0244_1052_12-003.jpg|RDC_SKU|2606|1116|2717|1151,1770341315069_0244_1052_12-003.jpg,1770341315069_0244_1052_12-003.json,32,RDC_SKU,,needs_review,,,,2606,1116,2717,1151,research_outputs/golden_dataset_local_tests/crops/1770341315069_0244_1052_12-003/032_RDC_SKU_2606_1116_2717_1151.jpg,research_outputs/golden_dataset_local_tests/label_overlays_expected_sku/1770341315069_0244_1052_12-003_labels.jpg,yes,1005732561,-10.0:1005752561|-5.0:1005752561,,
1770341315069_0244_1052_12-003.jpg|RDC_SKU|2725|880|2830|909,1770341315069_0244_1052_12-003.jpg,1770341315069_0244_1052_12-003.json,36,RDC_SKU,,needs_review,,,,2725,880,2830,909,research_outputs/golden_dataset_local_tests/crops/1770341315069_0244_1052_12-003/036_RDC_SKU_2725_880_2830_909.jpg,research_outputs/golden_dataset_local_tests/label_overlays_expected_sku/1770341315069_0244_1052_12-003_labels.jpg,yes,1005752830,-10.0:157526,,
1770341315069_0244_1052_12-003.jpg|RDC_SKU|2724|1009|2830|1049,1770341315069_0244_1052_12-003.jpg,1770341315069_0244_1052_12-003.json,39,RDC_SKU,,needs_review,,,,2724,1009,2830,1049,research_outputs/golden_dataset_local_tests/crops/1770341315069_0244_1052_12-003/039_RDC_SKU_2724_1009_2830_1049.jpg,research_outputs/golden_dataset_local_tests/label_overlays_expected_sku/1770341315069_0244_1052_12-003_labels.jpg,yes,1005782621,-10.0:1005782621|-5.0:1005782621|0.0:1005782621|5.0:1005782621|180.0:123282,,
1770341315069_0244_1052_12-003.jpg|RDC_SKU|2784|1170|2825|1245,1770341315069_0244_1052_12-003.jpg,1770341315069_0244_1052_12-003.json,42,RDC_SKU,,needs_review,,,,2784,1170,2825,1245,research_outputs/golden_dataset_local_tests/crops/1770341315069_0244_1052_12-003/042_RDC_SKU_2784_1170_2825_1245.jpg,research_outputs/golden_dataset_local_tests/label_overlays_expected_sku/1770341315069_0244_1052_12-003_labels.jpg,yes,752617,-5.0:752617|5.0:752617|10.0:752612,,
1770341315069_0244_1052_12-003.jpg|RDC_SKU|2791|1315|2827|1388,1770341315069_0244_1052_12-003.jpg,1770341315069_0244_1052_12-003.json,45,RDC_SKU,,needs_review,,,,2791,1315,2827,1388,research_outputs/golden_dataset_local_tests/crops/1770341315069_0244_1052_12-003/045_RDC_SKU_2791_1315_2827_1388.jpg,research_outputs/golden_dataset_local_tests/label_overlays_expected_sku/1770341315069_0244_1052_12-003_labels.jpg,yes,762617,0.0:762617|180.0:762617,,
1770341315069_0244_1052_12-003.jpg|RDC_SKU|2883|914|2959|952,1770341315069_0244_1052_12-003.jpg,1770341315069_0244_1052_12-003.json,48,RDC_SKU,,needs_review,,,,2883,914,2959,952,research_outputs/golden_dataset_local_tests/crops/1770341315069_0244_1052_12-003/048_RDC_SKU_2883_914_2959_952.jpg,research_outputs/golden_dataset_local_tests/label_overlays_expected_sku/1770341315069_0244_1052_12-003_labels.jpg,yes,553729,-10.0:553729|-5.0:553729|0.0:553729|5.0:553729|10.0:553729|180.0:553729,,
1770341315069_0244_1052_12-003.jpg|RDC_SKU|2888|1306|3003|1339,1770341315069_0244_1052_12-003.jpg,1770341315069_0244_1052_12-003.json,54,RDC_SKU,,needs_review,,,,2888,1306,3003,1339,research_outputs/golden_dataset_local_tests/crops/1770341315069_0244_1052_12-003/054_RDC_SKU_2888_1306_3003_1339.jpg,research_outputs/golden_dataset_local_tests/label_overlays_expected_sku/1770341315069_0244_1052_12-003_labels.jpg,yes,1000034539,0.0:1000034539|180.0:1000034539,,
1770341315069_0244_1052_12-003.jpg|RDC_SKU|3050|969|3155|1000,1770341315069_0244_1052_12-003.jpg,1770341315069_0244_1052_12-003.json,58,RDC_SKU,,needs_review,,,,3050,969,3155,1000,research_outputs/golden_dataset_local_tests/crops/1770341315069_0244_1052_12-003/058_RDC_SKU_3050_969_3155_1000.jpg,research_outputs/golden_dataset_local_tests/label_overlays_expected_sku/1770341315069_0244_1052_12-003_labels.jpg,yes,,,,
1770341315069_0244_1052_12-003.jpg|RDC_SKU|3406|1291|3514|1322,1770341315069_0244_1052_12-003.jpg,1770341315069_0244_1052_12-003.json,69,RDC_SKU,,needs_review,,,,3406,1291,3514,1322,research_outputs/golden_dataset_local_tests/crops/1770341315069_0244_1052_12-003/069_RDC_SKU_3406_1291_3514_1322.jpg,research_outputs/golden_dataset_local_tests/label_overlays_expected_sku/1770341315069_0244_1052_12-003_labels.jpg,yes,1012247580,0.0:1012247587|180.0:1012247587,,
1770341315069_0244_1052_12-003.jpg|RDC_SKU|3537|933|3635|964,1770341315069_0244_1052_12-003.jpg,1770341315069_0244_1052_12-003.json,72,RDC_SKU,,needs_review,,,,3537,933,3635,964,research_outputs/golden_dataset_local_tests/crops/1770341315069_0244_1052_12-003/072_RDC_SKU_3537_933_3635_964.jpg,research_outputs/golden_dataset_local_tests/label_overlays_expected_sku/1770341315069_0244_1052_12-003_labels.jpg,yes,,,,
1770341315069_0244_1052_12-003.jpg|RDC_SKU|3579|1257|3684|1299,1770341315069_0244_1052_12-003.jpg,1770341315069_0244_1052_12-003.json,77,RDC_SKU,,needs_review,,,,3579,1257,3684,1299,research_outputs/golden_dataset_local_tests/crops/1770341315069_0244_1052_12-003/077_RDC_SKU_3579_1257_3684_1299.jpg,research_outputs/golden_dataset_local_tests/label_overlays_expected_sku/1770341315069_0244_1052_12-003_labels.jpg,yes,,,,
1770341315069_0244_1052_12-003.jpg|RDC_SKU|3715|1076|3820|1115,1770341315069_0244_1052_12-003.jpg,1770341315069_0244_1052_12-003.json,81,RDC_SKU,,needs_review,,,,3715,1076,3820,1115,research_outputs/golden_dataset_local_tests/crops/1770341315069_0244_1052_12-003/081_RDC_SKU_3715_1076_3820_1115.jpg,research_outputs/golden_dataset_local_tests/label_overlays_expected_sku/1770341315069_0244_1052_12-003_labels.jpg,yes,,,,
1770341315069_0244_1052_12-003.jpg|RDC_SKU|3738|1275|3843|1313,1770341315069_0244_1052_12-003.jpg,1770341315069_0244_1052_12-003.json,85,RDC_SKU,,needs_review,,,,3738,1275,3843,1313,research_outputs/golden_dataset_local_tests/crops/1770341315069_0244_1052_12-003/085_RDC_SKU_3738_1275_3843_1313.jpg,research_outputs/golden_dataset_local_tests/label_overlays_expected_sku/1770341315069_0244_1052_12-003_labels.jpg,yes,1013560845,-10.0:1013560845|-5.0:1013560845|0.0:1013560845|5.0:1013560845|10.0:1013560845|180.0:1013560845,,
1770341315069_0244_1052_12-003.jpg|RDC_SKU|3992|986|4090|1029,1770341315069_0244_1052_12-003.jpg,1770341315069_0244_1052_12-003.json,92,RDC_SKU,,needs_review,,,,3992,986,4090,1029,research_outputs/golden_dataset_local_tests/crops/1770341315069_0244_1052_12-003/092_RDC_SKU_3992_986_4090_1029.jpg,research_outputs/golden_dataset_local_tests/label_overlays_expected_sku/1770341315069_0244_1052_12-003_labels.jpg,yes,722475,-10.0:722475,,
1770341315069_0244_1052_12-003.jpg|RDC_SKU|1376|1593|1491|1628,1770341315069_0244_1052_12-003.jpg,1770341315069_0244_1052_12-003.json,102,RDC_SKU,,needs_review,,,,1376,1593,1491,1628,research_outputs/golden_dataset_local_tests/crops/1770341315069_0244_1052_12-003/102_RDC_SKU_1376_1593_1491_1628.jpg,research_outputs/golden_dataset_local_tests/label_overlays_expected_sku/1770341315069_0244_1052_12-003_labels.jpg,yes,,,,
1770341315069_0244_1052_12-003.jpg|RDC_SKU|1306|1961|1423|2005,1770341315069_0244_1052_12-003.jpg,1770341315069_0244_1052_12-003.json,106,RDC_SKU,,needs_review,,,,1306,1961,1423,2005,research_outputs/golden_dataset_local_tests/crops/1770341315069_0244_1052_12-003/106_RDC_SKU_1306_1961_1423_2005.jpg,research_outputs/golden_dataset_local_tests/label_overlays_expected_sku/1770341315069_0244_1052_12-003_labels.jpg,yes,,,,
1770341315069_0244_1052_12-003.jpg|RDC_SKU|1292|2177|1422|2228,1770341315069_0244_1052_12-003.jpg,1770341315069_0244_1052_12-003.json,109,RDC_SKU,,needs_review,,,,1292,2177,1422,2228,research_outputs/golden_dataset_local_tests/crops/1770341315069_0244_1052_12-003/109_RDC_SKU_1292_2177_1422_2228.jpg,research_outputs/golden_dataset_local_tests/label_overlays_expected_sku/1770341315069_0244_1052_12-003_labels.jpg,yes,1005752658,-10.0:1005752658|-5.0:1005752658|0.0:1005752658|5.0:1005752658|10.0:1005752658|180.0:1005752658,,
1770341315069_0244_1052_12-003.jpg|RDC_SKU|1452|1839|1537|1875,1770341315069_0244_1052_12-003.jpg,1770341315069_0244_1052_12-003.json,115,RDC_SKU,,needs_review,,,,1452,1839,1537,1875,research_outputs/golden_dataset_local_tests/crops/1770341315069_0244_1052_12-003/115_RDC_SKU_1452_1839_1537_1875.jpg,research_outputs/golden_dataset_local_tests/label_overlays_expected_sku/1770341315069_0244_1052_12-003_labels.jpg,yes,460106,-10.0:460106|-5.0:460106|0.0:460106|5.0:460106|10.0:460106|180.0:901097,,
1770341315069_0244_1052_12-003.jpg|RDC_SKU|1589|1763|1706|1796,1770341315069_0244_1052_12-003.jpg,1770341315069_0244_1052_12-003.json,117,RDC_SKU,,needs_review,,,,1589,1763,1706,1796,research_outputs/golden_dataset_local_tests/crops/1770341315069_0244_1052_12-003/117_RDC_SKU_1589_1763_1706_1796.jpg,research_outputs/golden_dataset_local_tests/label_overlays_expected_sku/1770341315069_0244_1052_12-003_labels.jpg,yes,1005752697,-10.0:1005752697|-5.0:1005752697|0.0:1005752697|5.0:1005752697|10.0:1005752697|180.0:519001,,
1770341315069_0244_1052_12-003.jpg|RDC_SKU|1461|2017|1506|2109,1770341315069_0244_1052_12-003.jpg,1770341315069_0244_1052_12-003.json,121,RDC_SKU,,needs_review,,,,1461,2017,1506,2109,research_outputs/golden_dataset_local_tests/crops/1770341315069_0244_1052_12-003/121_RDC_SKU_1461_2017_1506_2109.jpg,research_outputs/golden_dataset_local_tests/label_overlays_expected_sku/1770341315069_0244_1052_12-003_labels.jpg,yes,752065,-10.0:752065|-5.0:752065,,
1770341315069_0244_1052_12-003.jpg|RDC_SKU|1625|2001|1664|2063,1770341315069_0244_1052_12-003.jpg,1770341315069_0244_1052_12-003.json,124,RDC_SKU,,needs_review,,,,1625,2001,1664,2063,research_outputs/golden_dataset_local_tests/crops/1770341315069_0244_1052_12-003/124_RDC_SKU_1625_2001_1664_2063.jpg,research_outputs/golden_dataset_local_tests/label_overlays_expected_sku/1770341315069_0244_1052_12-003_labels.jpg,yes,,,,
1770341315069_0244_1052_12-003.jpg|RDC_SKU|1419|2275|1543|2312,1770341315069_0244_1052_12-003.jpg,1770341315069_0244_1052_12-003.json,127,RDC_SKU,,needs_review,,,,1419,2275,1543,2312,research_outputs/golden_dataset_local_tests/crops/1770341315069_0244_1052_12-003/127_RDC_SKU_1419_2275_1543_2312.jpg,research_outputs/golden_dataset_local_tests/label_overlays_expected_sku/1770341315069_0244_1052_12-003_labels.jpg,yes,1005752665,-10.0:9992319001|-5.0:1005752565|0.0:1005752565|5.0:1005752565|10.0:1005752665|180.0:9992519001,,
1770341315069_0244_1052_12-003.jpg|RDC_SKU|1798|1580|1879|1625,1770341315069_0244_1052_12-003.jpg,1770341315069_0244_1052_12-003.json,130,RDC_SKU,,needs_review,,,,1798,1580,1879,1625,research_outputs/golden_dataset_local_tests/crops/1770341315069_0244_1052_12-003/130_RDC_SKU_1798_1580_1879_1625.jpg,research_outputs/golden_dataset_local_tests/label_overlays_expected_sku/1770341315069_0244_1052_12-003_labels.jpg,yes,482757,-10.0:462757|-5.0:462757|0.0:462757|5.0:462757|10.0:462757|180.0:462757,,
1770341315069_0244_1052_12-003.jpg|RDC_SKU|1688|2215|1776|2258,1770341315069_0244_1052_12-003.jpg,1770341315069_0244_1052_12-003.json,135,RDC_SKU,,needs_review,,,,1688,2215,1776,2258,research_outputs/golden_dataset_local_tests/crops/1770341315069_0244_1052_12-003/135_RDC_SKU_1688_2215_1776_2258.jpg,research_outputs/golden_dataset_local_tests/label_overlays_expected_sku/1770341315069_0244_1052_12-003_labels.jpg,yes,897032,-10.0:897032|-5.0:897032|0.0:897032|5.0:897032|10.0:897032|180.0:897032,,
1770341315069_0244_1052_12-003.jpg|RDC_SKU|1892|1591|1977|1627,1770341315069_0244_1052_12-003.jpg,1770341315069_0244_1052_12-003.json,138,RDC_SKU,,needs_review,,,,1892,1591,1977,1627,research_outputs/golden_dataset_local_tests/crops/1770341315069_0244_1052_12-003/138_RDC_SKU_1892_1591_1977_1627.jpg,research_outputs/golden_dataset_local_tests/label_overlays_expected_sku/1770341315069_0244_1052_12-003_labels.jpg,yes,462757,-10.0:462757|-5.0:462757|0.0:462757|5.0:462757|10.0:462757|180.0:462757,,
1770341315069_0244_1052_12-003.jpg|RDC_SKU|1844|1993|1966|2037,1770341315069_0244_1052_12-003.jpg,1770341315069_0244_1052_12-003.json,142,RDC_SKU,,needs_review,,,,1844,1993,1966,2037,research_outputs/golden_dataset_local_tests/crops/1770341315069_0244_1052_12-003/142_RDC_SKU_1844_1993_1966_2037.jpg,research_outputs/golden_dataset_local_tests/label_overlays_expected_sku/1770341315069_0244_1052_12-003_labels.jpg,yes,1005752690,-10.0:1005752690|-5.0:1005752690|0.0:1005752690|5.0:1005752690|10.0:1005752690|180.0:1005752690,,
1770341315069_0244_1052_12-003.jpg|RDC_SKU|1976|1842|2094|1876,1770341315069_0244_1052_12-003.jpg,1770341315069_0244_1052_12-003.json,147,RDC_SKU,,needs_review,,,,1976,1842,2094,1876,research_outputs/golden_dataset_local_tests/crops/1770341315069_0244_1052_12-003/147_RDC_SKU_1976_1842_2094_1876.jpg,research_outputs/golden_dataset_local_tests/label_overlays_expected_sku/1770341315069_0244_1052_12-003_labels.jpg,yes,,,,
1770341315069_0244_1052_12-003.jpg|RDC_SKU|1960|1983|2084|2019,1770341315069_0244_1052_12-003.jpg,1770341315069_0244_1052_12-003.json,150,RDC_SKU,,needs_review,,,,1960,1983,2084,2019,research_outputs/golden_dataset_local_tests/crops/1770341315069_0244_1052_12-003/150_RDC_SKU_1960_1983_2084_2019.jpg,research_outputs/golden_dataset_local_tests/label_overlays_expected_sku/1770341315069_0244_1052_12-003_labels.jpg,yes,1000094952,0.0:1000094952|5.0:1000094952|180.0:1000094952,,
1770341315069_0244_1052_12-003.jpg|RDC_SKU|1969|2217|2054|2257,1770341315069_0244_1052_12-003.jpg,1770341315069_0244_1052_12-003.json,153,RDC_SKU,,needs_review,,,,1969,2217,2054,2257,research_outputs/golden_dataset_local_tests/crops/1770341315069_0244_1052_12-003/153_RDC_SKU_1969_2217_2054_2257.jpg,research_outputs/golden_dataset_local_tests/label_overlays_expected_sku/1770341315069_0244_1052_12-003_labels.jpg,yes,460105,-10.0:460106|-5.0:460106|0.0:460106|5.0:460106|10.0:460106|180.0:460106,,
1770341315069_0244_1052_12-003.jpg|RDC_SKU|2116|1786|2201|1824,1770341315069_0244_1052_12-003.jpg,1770341315069_0244_1052_12-003.json,157,RDC_SKU,,needs_review,,,,2116,1786,2201,1824,research_outputs/golden_dataset_local_tests/crops/1770341315069_0244_1052_12-003/157_RDC_SKU_2116_1786_2201_1824.jpg,research_outputs/golden_dataset_local_tests/label_overlays_expected_sku/1770341315069_0244_1052_12-003_labels.jpg,yes,156124,-10.0:156124|-5.0:156124|0.0:156124|5.0:156124|10.0:156124|180.0:156124,,
1770341315069_0244_1052_12-003.jpg|RDC_SKU|2119|2008|2240|2051,1770341315069_0244_1052_12-003.jpg,1770341315069_0244_1052_12-003.json,160,RDC_SKU,,needs_review,,,,2119,2008,2240,2051,research_outputs/golden_dataset_local_tests/crops/1770341315069_0244_1052_12-003/160_RDC_SKU_2119_2008_2240_2051.jpg,research_outputs/golden_dataset_local_tests/label_overlays_expected_sku/1770341315069_0244_1052_12-003_labels.jpg,yes,102555,-10.0:100002|10.0:102555,,
1770341315069_0244_1052_12-003.jpg|RDC_SKU|2086|2218|2210|2259,1770341315069_0244_1052_12-003.jpg,1770341315069_0244_1052_12-003.json,163,RDC_SKU,,needs_review,,,,2086,2218,2210,2259,research_outputs/golden_dataset_local_tests/crops/1770341315069_0244_1052_12-003/163_RDC_SKU_2086_2218_2210_2259.jpg,research_outputs/golden_dataset_local_tests/label_overlays_expected_sku/1770341315069_0244_1052_12-003_labels.jpg,yes,1000025652,-5.0:1000025652,,
1770341315069_0244_1052_12-003.jpg|RDC_SKU|2250|1797|2340|1835,1770341315069_0244_1052_12-003.jpg,1770341315069_0244_1052_12-003.json,167,RDC_SKU,,needs_review,,,,2250,1797,2340,1835,research_outputs/golden_dataset_local_tests/crops/1770341315069_0244_1052_12-003/167_RDC_SKU_2250_1797_2340_1835.jpg,research_outputs/golden_dataset_local_tests/label_overlays_expected_sku/1770341315069_0244_1052_12-003_labels.jpg,yes,229817,-5.0:229847|0.0:229817|5.0:229817|180.0:229817,,
1770341315069_0244_1052_12-003.jpg|RDC_SKU|2254|2121|2368|2185,1770341315069_0244_1052_12-003.jpg,1770341315069_0244_1052_12-003.json,171,RDC_SKU,,needs_review,,,,2254,2121,2368,2185,research_outputs/golden_dataset_local_tests/crops/1770341315069_0244_1052_12-003/171_RDC_SKU_2254_2121_2368_2185.jpg,research_outputs/golden_dataset_local_tests/label_overlays_expected_sku/1770341315069_0244_1052_12-003_labels.jpg,yes,1992519001,-10.0:1992519001,,
1770341315069_0244_1052_12-003.jpg|RDC_SKU|2224|2246|2350|2289,1770341315069_0244_1052_12-003.jpg,1770341315069_0244_1052_12-003.json,173,RDC_SKU,,needs_review,,,,2224,2246,2350,2289,research_outputs/golden_dataset_local_tests/crops/1770341315069_0244_1052_12-003/173_RDC_SKU_2224_2246_2350_2289.jpg,research_outputs/golden_dataset_local_tests/label_overlays_expected_sku/1770341315069_0244_1052_12-003_labels.jpg,yes,1005752713,-10.0:1005752713|-5.0:1005752713|0.0:1005752713|5.0:1005752713|10.0:1005752713|180.0:1005752713,,
1770341315069_0244_1052_12-003.jpg|RDC_SKU|2374|1933|2494|1974,1770341315069_0244_1052_12-003.jpg,1770341315069_0244_1052_12-003.json,178,RDC_SKU,,needs_review,,,,2374,1933,2494,1974,research_outputs/golden_dataset_local_tests/crops/1770341315069_0244_1052_12-003/178_RDC_SKU_2374_1933_2494_1974.jpg,research_outputs/golden_dataset_local_tests/label_overlays_expected_sku/1770341315069_0244_1052_12-003_labels.jpg,yes,1005752678,-10.0:1005752678|-5.0:1005752678|0.0:1005752678|5.0:1005752678|10.0:1005752678|180.0:1006752678,,
1770341315069_0244_1052_12-003.jpg|RDC_SKU|2367|2334|2454|2375,1770341315069_0244_1052_12-003.jpg,1770341315069_0244_1052_12-003.json,182,RDC_SKU,,needs_review,,,,2367,2334,2454,2375,research_outputs/golden_dataset_local_tests/crops/1770341315069_0244_1052_12-003/182_RDC_SKU_2367_2334_2454_2375.jpg,research_outputs/golden_dataset_local_tests/label_overlays_expected_sku/1770341315069_0244_1052_12-003_labels.jpg,yes,155764,-10.0:155764|-5.0:155764|0.0:155764|5.0:155764|10.0:155764|180.0:155764,,
1770341315069_0244_1052_12-003.jpg|RDC_SKU|2671|1728|2712|1804,1770341315069_0244_1052_12-003.jpg,1770341315069_0244_1052_12-003.json,185,RDC_SKU,,needs_review,,,,2671,1728,2712,1804,research_outputs/golden_dataset_local_tests/crops/1770341315069_0244_1052_12-003/185_RDC_SKU_2671_1728_2712_1804.jpg,research_outputs/golden_dataset_local_tests/label_overlays_expected_sku/1770341315069_0244_1052_12-003_labels.jpg,yes,716353,-5.0:716353|0.0:716353|5.0:716353|10.0:716353|180.0:716353,,
1770341315069_0244_1052_12-003.jpg|RDC_SKU|2660|1841|2709|1918,1770341315069_0244_1052_12-003.jpg,1770341315069_0244_1052_12-003.json,188,RDC_SKU,,needs_review,,,,2660,1841,2709,1918,research_outputs/golden_dataset_local_tests/crops/1770341315069_0244_1052_12-003/188_RDC_SKU_2660_1841_2709_1918.jpg,research_outputs/golden_dataset_local_tests/label_overlays_expected_sku/1770341315069_0244_1052_12-003_labels.jpg,yes,715353,-10.0:715353|-5.0:715353|0.0:715353|5.0:715353|10.0:715353|180.0:715353,,
1770341315069_0244_1052_12-003.jpg|RDC_SKU|2665|1951|2708|2029,1770341315069_0244_1052_12-003.jpg,1770341315069_0244_1052_12-003.json,191,RDC_SKU,,needs_review,,,,2665,1951,2708,2029,research_outputs/golden_dataset_local_tests/crops/1770341315069_0244_1052_12-003/191_RDC_SKU_2665_1951_2708_2029.jpg,research_outputs/golden_dataset_local_tests/label_overlays_expected_sku/1770341315069_0244_1052_12-003_labels.jpg,yes,715353,-10.0:715353|-5.0:715353|0.0:715353|5.0:715353|10.0:715353|180.0:715353,,
1770341315069_0244_1052_12-003.jpg|RDC_SKU|2674|2082|2721|2164,1770341315069_0244_1052_12-003.jpg,1770341315069_0244_1052_12-003.json,194,RDC_SKU,,needs_review,,,,2674,2082,2721,2164,research_outputs/golden_dataset_local_tests/crops/1770341315069_0244_1052_12-003/194_RDC_SKU_2674_2082_2721_2164.jpg,research_outputs/golden_dataset_local_tests/label_overlays_expected_sku/1770341315069_0244_1052_12-003_labels.jpg,yes,715353,-10.0:715353|-5.0:715353|0.0:715353|5.0:715353|10.0:715353|180.0:715353,,
1770341315069_0244_1052_12-003.jpg|RDC_SKU|2681|2202|2719|2284,1770341315069_0244_1052_12-003.jpg,1770341315069_0244_1052_12-003.json,197,RDC_SKU,,needs_review,,,,2681,2202,2719,2284,research_outputs/golden_dataset_local_tests/crops/1770341315069_0244_1052_12-003/197_RDC_SKU_2681_2202_2719_2284.jpg,research_outputs/golden_dataset_local_tests/label_overlays_expected_sku/1770341315069_0244_1052_12-003_labels.jpg,yes,716353,,,
1770341315069_0244_1052_12-003.jpg|RDC_SKU|2679|2331|2719|2411,1770341315069_0244_1052_12-003.jpg,1770341315069_0244_1052_12-003.json,200,RDC_SKU,,needs_review,,,,2679,2331,2719,2411,research_outputs/golden_dataset_local_tests/crops/1770341315069_0244_1052_12-003/200_RDC_SKU_2679_2331_2719_2411.jpg,research_outputs/golden_dataset_local_tests/label_overlays_expected_sku/1770341315069_0244_1052_12-003_labels.jpg,yes,715353,-5.0:715353|0.0:715353|5.0:715353|10.0:715353|180.0:715353,,
1770341315069_0244_1052_12-003.jpg|RDC_SKU|2792|1785|2880|1824,1770341315069_0244_1052_12-003.jpg,1770341315069_0244_1052_12-003.json,202,RDC_SKU,,needs_review,,,,2792,1785,2880,1824,research_outputs/golden_dataset_local_tests/crops/1770341315069_0244_1052_12-003/202_RDC_SKU_2792_1785_2880_1824.jpg,research_outputs/golden_dataset_local_tests/label_overlays_expected_sku/1770341315069_0244_1052_12-003_labels.jpg,yes,152034,-10.0:152084|-5.0:152084|0.0:152084|5.0:152084|10.0:152084|180.0:152084,,
1770341315069_0244_1052_12-003.jpg|RDC_SKU|2896|1802|2978|1841,1770341315069_0244_1052_12-003.jpg,1770341315069_0244_1052_12-003.json,204,RDC_SKU,,needs_review,,,,2896,1802,2978,1841,research_outputs/golden_dataset_local_tests/crops/1770341315069_0244_1052_12-003/204_RDC_SKU_2896_1802_2978_1841.jpg,research_outputs/golden_dataset_local_tests/label_overlays_expected_sku/1770341315069_0244_1052_12-003_labels.jpg,yes,144365,-10.0:144366|-5.0:144366|0.0:144366|5.0:144065|10.0:144366|180.0:144366,,
1770341315069_0244_1052_12-003.jpg|RDC_SKU|3030|1736|3090|1846,1770341315069_0244_1052_12-003.jpg,1770341315069_0244_1052_12-003.json,206,RDC_SKU,,needs_review,,,,3030,1736,3090,1846,research_outputs/golden_dataset_local_tests/crops/1770341315069_0244_1052_12-003/206_RDC_SKU_3030_1736_3090_1846.jpg,research_outputs/golden_dataset_local_tests/label_overlays_expected_sku/1770341315069_0244_1052_12-003_labels.jpg,yes,1000028552,-10.0:1000026552|-5.0:1000025552|0.0:1000025552|5.0:1000025552|10.0:1000025552|180.0:1000025552,,
1770341315069_0244_1052_12-003.jpg|RDC_SKU|3033|1879|3073|1960,1770341315069_0244_1052_12-003.jpg,1770341315069_0244_1052_12-003.json,208,RDC_SKU,,needs_review,,,,3033,1879,3073,1960,research_outputs/golden_dataset_local_tests/crops/1770341315069_0244_1052_12-003/208_RDC_SKU_3033_1879_3073_1960.jpg,research_outputs/golden_dataset_local_tests/label_overlays_expected_sku/1770341315069_0244_1052_12-003_labels.jpg,yes,715353,-10.0:715353|-5.0:715353|0.0:715353|5.0:715353|10.0:715353|180.0:715383,,
1770341315069_0244_1052_12-003.jpg|RDC_SKU|2817|1949|2859|2064,1770341315069_0244_1052_12-003.jpg,1770341315069_0244_1052_12-003.json,213,RDC_SKU,,needs_review,,,,2817,1949,2859,2064,research_outputs/golden_dataset_local_tests/crops/1770341315069_0244_1052_12-003/213_RDC_SKU_2817_1949_2859_2064.jpg,research_outputs/golden_dataset_local_tests/label_overlays_expected_sku/1770341315069_0244_1052_12-003_labels.jpg,yes,1013910245,-10.0:1013910245|-5.0:1013910245|0.0:1013910245|5.0:1013910245|10.0:1013910245|180.0:1013910245,,
1770341315069_0244_1052_12-003.jpg|RDC_SKU|3019|1973|3058|2052,1770341315069_0244_1052_12-003.jpg,1770341315069_0244_1052_12-003.json,221,RDC_SKU,,needs_review,,,,3019,1973,3058,2052,research_outputs/golden_dataset_local_tests/crops/1770341315069_0244_1052_12-003/221_RDC_SKU_3019_1973_3058_2052.jpg,research_outputs/golden_dataset_local_tests/label_overlays_expected_sku/1770341315069_0244_1052_12-003_labels.jpg,yes,034518,-10.0:034518|-5.0:034518|0.0:034518|5.0:034518|10.0:034518|180.0:034518,,
1770341315069_0244_1052_12-003.jpg|RDC_SKU|3159|2219|3201|2335,1770341315069_0244_1052_12-003.jpg,1770341315069_0244_1052_12-003.json,226,RDC_SKU,,needs_review,,,,3159,2219,3201,2335,research_outputs/golden_dataset_local_tests/crops/1770341315069_0244_1052_12-003/226_RDC_SKU_3159_2219_3201_2335.jpg,research_outputs/golden_dataset_local_tests/label_overlays_expected_sku/1770341315069_0244_1052_12-003_labels.jpg,yes,1005752700,-10.0:1005752700|-5.0:1005752700|0.0:1005752700|5.0:1005752700|10.0:1005752700|180.0:1005752700,,
1770341315069_0244_1052_12-003.jpg|RDC_SKU|3141|2345|3181|2466,1770341315069_0244_1052_12-003.jpg,1770341315069_0244_1052_12-003.json,229,RDC_SKU,,needs_review,,,,3141,2345,3181,2466,research_outputs/golden_dataset_local_tests/crops/1770341315069_0244_1052_12-003/229_RDC_SKU_3141_2345_3181_2466.jpg,research_outputs/golden_dataset_local_tests/label_overlays_expected_sku/1770341315069_0244_1052_12-003_labels.jpg,yes,1005752700,0.0:1005752700|5.0:1005752700|10.0:1005752700|180.0:057527,,
1770341315069_0244_1052_12-003.jpg|RDC_SKU|3289|1836|3351|1873,1770341315069_0244_1052_12-003.jpg,1770341315069_0244_1052_12-003.json,231,RDC_SKU,,needs_review,,,,3289,1836,3351,1873,research_outputs/golden_dataset_local_tests/crops/1770341315069_0244_1052_12-003/231_RDC_SKU_3289_1836_3351_1873.jpg,research_outputs/golden_dataset_local_tests/label_overlays_expected_sku/1770341315069_0244_1052_12-003_labels.jpg,yes,,,,
1770341315069_0244_1052_12-003.jpg|RDC_SKU|3234|1880|3275|1993,1770341315069_0244_1052_12-003.jpg,1770341315069_0244_1052_12-003.json,233,RDC_SKU,,needs_review,,,,3234,1880,3275,1993,research_outputs/golden_dataset_local_tests/crops/1770341315069_0244_1052_12-003/233_RDC_SKU_3234_1880_3275_1993.jpg,research_outputs/golden_dataset_local_tests/label_overlays_expected_sku/1770341315069_0244_1052_12-003_labels.jpg,yes,1005752660,-10.0:1005752660|-5.0:1005752660|0.0:1005752660|10.0:1005752660|180.0:1005752660,,
1770341315069_0244_1052_12-003.jpg|RDC_SKU|3240|2001|3277|2113,1770341315069_0244_1052_12-003.jpg,1770341315069_0244_1052_12-003.json,235,RDC_SKU,,needs_review,,,,3240,2001,3277,2113,research_outputs/golden_dataset_local_tests/crops/1770341315069_0244_1052_12-003/235_RDC_SKU_3240_2001_3277_2113.jpg,research_outputs/golden_dataset_local_tests/label_overlays_expected_sku/1770341315069_0244_1052_12-003_labels.jpg,yes,1005752660,-5.0:057526,,
1770341315069_0244_1052_12-003.jpg|RDC_SKU|3239|2110|3274|2224,1770341315069_0244_1052_12-003.jpg,1770341315069_0244_1052_12-003.json,237,RDC_SKU,,needs_review,,,,3239,2110,3274,2224,research_outputs/golden_dataset_local_tests/crops/1770341315069_0244_1052_12-003/237_RDC_SKU_3239_2110_3274_2224.jpg,research_outputs/golden_dataset_local_tests/label_overlays_expected_sku/1770341315069_0244_1052_12-003_labels.jpg,yes,1005752660,0.0:1005752660|10.0:005752|180.0:1005752660,,
1770341315069_0244_1052_12-003.jpg|RDC_SKU|3454|2067|3536|2106,1770341315069_0244_1052_12-003.jpg,1770341315069_0244_1052_12-003.json,254,RDC_SKU,,needs_review,,,,3454,2067,3536,2106,research_outputs/golden_dataset_local_tests/crops/1770341315069_0244_1052_12-003/254_RDC_SKU_3454_2067_3536_2106.jpg,research_outputs/golden_dataset_local_tests/label_overlays_expected_sku/1770341315069_0244_1052_12-003_labels.jpg,yes,100575,5.0:100575,,
1770341315069_0244_1052_12-003.jpg|RDC_SKU|3489|2371|3531|2489,1770341315069_0244_1052_12-003.jpg,1770341315069_0244_1052_12-003.json,257,RDC_SKU,,needs_review,,,,3489,2371,3531,2489,research_outputs/golden_dataset_local_tests/crops/1770341315069_0244_1052_12-003/257_RDC_SKU_3489_2371_3531_2489.jpg,research_outputs/golden_dataset_local_tests/label_overlays_expected_sku/1770341315069_0244_1052_12-003_labels.jpg,yes,1005752600,-5.0:1005752600|0.0:1005752600|5.0:1005752600|10.0:1005752600|180.0:1005752600,,
1770341315069_0244_1052_12-003.jpg|RDC_SKU|3784|1768|3821|1840,1770341315069_0244_1052_12-003.jpg,1770341315069_0244_1052_12-003.json,259,RDC_SKU,,needs_review,,,,3784,1768,3821,1840,research_outputs/golden_dataset_local_tests/crops/1770341315069_0244_1052_12-003/259_RDC_SKU_3784_1768_3821_1840.jpg,research_outputs/golden_dataset_local_tests/label_overlays_expected_sku/1770341315069_0244_1052_12-003_labels.jpg,yes,459923,-10.0:459923|-5.0:459923|0.0:459923|5.0:459923|10.0:459923|180.0:459923,,
1770341315069_0244_1052_12-003.jpg|RDC_SKU|4097|2088|4175|2121,1770341315069_0244_1052_12-003.jpg,1770341315069_0244_1052_12-003.json,261,RDC_SKU,,needs_review,,,,4097,2088,4175,2121,research_outputs/golden_dataset_local_tests/crops/1770341315069_0244_1052_12-003/261_RDC_SKU_4097_2088_4175_2121.jpg,research_outputs/golden_dataset_local_tests/label_overlays_expected_sku/1770341315069_0244_1052_12-003_labels.jpg,yes,,,,
1770341315069_0244_1052_12-003.jpg|RDC_SKU|4106|2238|4216|2276,1770341315069_0244_1052_12-003.jpg,1770341315069_0244_1052_12-003.json,263,RDC_SKU,,needs_review,,,,4106,2238,4216,2276,research_outputs/golden_dataset_local_tests/crops/1770341315069_0244_1052_12-003/263_RDC_SKU_4106_2238_4216_2276.jpg,research_outputs/golden_dataset_local_tests/label_overlays_expected_sku/1770341315069_0244_1052_12-003_labels.jpg,yes,575263,-5.0:100575,,
1770341315069_0244_1052_12-003.jpg|RDC_SKU|4121|2353|4213|2393,1770341315069_0244_1052_12-003.jpg,1770341315069_0244_1052_12-003.json,265,RDC_SKU,,needs_review,,,,4121,2353,4213,2393,research_outputs/golden_dataset_local_tests/crops/1770341315069_0244_1052_12-003/265_RDC_SKU_4121_2353_4213_2393.jpg,research_outputs/golden_dataset_local_tests/label_overlays_expected_sku/1770341315069_0244_1052_12-003_labels.jpg,yes,159523,-10.0:159923|-5.0:159923|0.0:159523|5.0:159523|10.0:159523|180.0:159523,,
1770341315069_0244_1052_12-003.jpg|RDC_SKU|4247|1992|4284|2061,1770341315069_0244_1052_12-003.jpg,1770341315069_0244_1052_12-003.json,268,RDC_SKU,,needs_review,,,,4247,1992,4284,2061,research_outputs/golden_dataset_local_tests/crops/1770341315069_0244_1052_12-003/268_RDC_SKU_4247_1992_4284_2061.jpg,research_outputs/golden_dataset_local_tests/label_overlays_expected_sku/1770341315069_0244_1052_12-003_labels.jpg,yes,100575,,,
1770341315069_0244_1052_12-003.jpg|RDC_SKU|4259|1757|4333|1789,1770341315069_0244_1052_12-003.jpg,1770341315069_0244_1052_12-003.json,271,RDC_SKU,,needs_review,,,,4259,1757,4333,1789,research_outputs/golden_dataset_local_tests/crops/1770341315069_0244_1052_12-003/271_RDC_SKU_4259_1757_4333_1789.jpg,research_outputs/golden_dataset_local_tests/label_overlays_expected_sku/1770341315069_0244_1052_12-003_labels.jpg,yes,,,,
1770341315069_0244_1052_12-003.jpg|RDC_SKU|4329|2203|4384|2238,1770341315069_0244_1052_12-003.jpg,1770341315069_0244_1052_12-003.json,273,RDC_SKU,,needs_review,,,,4329,2203,4384,2238,research_outputs/golden_dataset_local_tests/crops/1770341315069_0244_1052_12-003/273_RDC_SKU_4329_2203_4384_2238.jpg,research_outputs/golden_dataset_local_tests/label_overlays_expected_sku/1770341315069_0244_1052_12-003_labels.jpg,yes,316445,10.0:316445,,
1770341315069_0244_1052_12-003.jpg|RDC_SKU|4333|2411|4400|2448,1770341315069_0244_1052_12-003.jpg,1770341315069_0244_1052_12-003.json,275,RDC_SKU,,needs_review,,,,4333,2411,4400,2448,research_outputs/golden_dataset_local_tests/crops/1770341315069_0244_1052_12-003/275_RDC_SKU_4333_2411_4400_2448.jpg,research_outputs/golden_dataset_local_tests/label_overlays_expected_sku/1770341315069_0244_1052_12-003_labels.jpg,yes,,,,
1770341315069_0244_1052_12-003.jpg|RDC_SKU|1868|2994|1934|3033,1770341315069_0244_1052_12-003.jpg,1770341315069_0244_1052_12-003.json,310,RDC_SKU,,needs_review,,,,1868,2994,1934,3033,research_outputs/golden_dataset_local_tests/crops/1770341315069_0244_1052_12-003/310_RDC_SKU_1868_2994_1934_3033.jpg,research_outputs/golden_dataset_local_tests/label_overlays_expected_sku/1770341315069_0244_1052_12-003_labels.jpg,yes,451996,0.0:451996|10.0:451996|180.0:451996,,
1770341315069_0244_1052_12-003.jpg|RDC_SKU|1937|3084|2034|3129,1770341315069_0244_1052_12-003.jpg,1770341315069_0244_1052_12-003.json,314,RDC_SKU,,needs_review,,,,1937,3084,2034,3129,research_outputs/golden_dataset_local_tests/crops/1770341315069_0244_1052_12-003/314_RDC_SKU_1937_3084_2034_3129.jpg,research_outputs/golden_dataset_local_tests/label_overlays_expected_sku/1770341315069_0244_1052_12-003_labels.jpg,yes,,,,
1770341315069_0244_1052_12-003.jpg|RDC_SKU|2061|2975|2195|3015,1770341315069_0244_1052_12-003.jpg,1770341315069_0244_1052_12-003.json,316,RDC_SKU,,needs_review,,,,2061,2975,2195,3015,research_outputs/golden_dataset_local_tests/crops/1770341315069_0244_1052_12-003/316_RDC_SKU_2061_2975_2195_3015.jpg,research_outputs/golden_dataset_local_tests/label_overlays_expected_sku/1770341315069_0244_1052_12-003_labels.jpg,yes,1013910245,-10.0:1013910245|-5.0:1013910246|0.0:1013910246|5.0:1013910246|10.0:1013910245|180.0:1013910245,,
1770341315069_0244_1052_12-003.jpg|RDC_SKU|2453|3009|2544|3059,1770341315069_0244_1052_12-003.jpg,1770341315069_0244_1052_12-003.json,321,RDC_SKU,,needs_review,,,,2453,3009,2544,3059,research_outputs/golden_dataset_local_tests/crops/1770341315069_0244_1052_12-003/321_RDC_SKU_2453_3009_2544_3059.jpg,research_outputs/golden_dataset_local_tests/label_overlays_expected_sku/1770341315069_0244_1052_12-003_labels.jpg,yes,459922,-10.0:459922|-5.0:459922|0.0:459922|5.0:459922|10.0:459922|180.0:459922,,
1770341315069_0244_1052_12-003.jpg|RDC_SKU|2543|3091|2631|3138,1770341315069_0244_1052_12-003.jpg,1770341315069_0244_1052_12-003.json,325,RDC_SKU,,needs_review,,,,2543,3091,2631,3138,research_outputs/golden_dataset_local_tests/crops/1770341315069_0244_1052_12-003/325_RDC_SKU_2543_3091_2631_3138.jpg,research_outputs/golden_dataset_local_tests/label_overlays_expected_sku/1770341315069_0244_1052_12-003_labels.jpg,yes,752495,10.0:752495,,
1770341315069_0244_1052_12-003.jpg|RDC_SKU|2983|3104|3069|3144,1770341315069_0244_1052_12-003.jpg,1770341315069_0244_1052_12-003.json,330,RDC_SKU,,needs_review,,,,2983,3104,3069,3144,research_outputs/golden_dataset_local_tests/crops/1770341315069_0244_1052_12-003/330_RDC_SKU_2983_3104_3069_3144.jpg,research_outputs/golden_dataset_local_tests/label_overlays_expected_sku/1770341315069_0244_1052_12-003_labels.jpg,yes,,,,
1770341315069_0244_1052_12-003.jpg|RDC_SKU|3002|3013|3071|3061,1770341315069_0244_1052_12-003.jpg,1770341315069_0244_1052_12-003.json,332,RDC_SKU,,needs_review,,,,3002,3013,3071,3061,research_outputs/golden_dataset_local_tests/crops/1770341315069_0244_1052_12-003/332_RDC_SKU_3002_3013_3071_3061.jpg,research_outputs/golden_dataset_local_tests/label_overlays_expected_sku/1770341315069_0244_1052_12-003_labels.jpg,yes,114653,-10.0:114653|-5.0:114653,,
1770341315069_0244_1052_12-003.jpg|RDC_SKU|3373|3109|3454|3155,1770341315069_0244_1052_12-003.jpg,1770341315069_0244_1052_12-003.json,335,RDC_SKU,,needs_review,,,,3373,3109,3454,3155,research_outputs/golden_dataset_local_tests/crops/1770341315069_0244_1052_12-003/335_RDC_SKU_3373_3109_3454_3155.jpg,research_outputs/golden_dataset_local_tests/label_overlays_expected_sku/1770341315069_0244_1052_12-003_labels.jpg,yes,,,,
1770341315069_0244_1052_12-003.jpg|RDC_SKU|3980|3044|4082|3078,1770341315069_0244_1052_12-003.jpg,1770341315069_0244_1052_12-003.json,344,RDC_SKU,,needs_review,,,,3980,3044,4082,3078,research_outputs/golden_dataset_local_tests/crops/1770341315069_0244_1052_12-003/344_RDC_SKU_3980_3044_4082_3078.jpg,research_outputs/golden_dataset_local_tests/label_overlays_expected_sku/1770341315069_0244_1052_12-003_labels.jpg,yes,,,,
1770341315069_0244_1052_12-003.jpg|RDC_SKU|4093|3051|4193|3080,1770341315069_0244_1052_12-003.jpg,1770341315069_0244_1052_12-003.json,346,RDC_SKU,,needs_review,,,,4093,3051,4193,3080,research_outputs/golden_dataset_local_tests/crops/1770341315069_0244_1052_12-003/346_RDC_SKU_4093_3051_4193_3080.jpg,research_outputs/golden_dataset_local_tests/label_overlays_expected_sku/1770341315069_0244_1052_12-003_labels.jpg,yes,167174,-5.0:167174|0.0:167174|5.0:167174|180.0:167174,,
1770341315069_0244_1073_12-006.jpg|Other_SKU|3203|2715|3340|2769,1770341315069_0244_1073_12-006.jpg,1770341315069_0244_1073_12-006.json,53,Other_SKU,,needs_review,,,,3203,2715,3340,2769,research_outputs/golden_dataset_local_tests/crops/1770341315069_0244_1073_12-006/053_Other_SKU_3203_2715_3340_2769.jpg,research_outputs/golden_dataset_local_tests/label_overlays_expected_sku/1770341315069_0244_1073_12-006_labels.jpg,yes,231230,-10.0:231230|-5.0:231230|0.0:231230|5.0:231230|10.0:231230|180.0:231230,,
1770341315069_0244_1073_12-006.jpg|Other_SKU|3362|2812|3525|2864,1770341315069_0244_1073_12-006.jpg,1770341315069_0244_1073_12-006.json,54,Other_SKU,,needs_review,,,,3362,2812,3525,2864,research_outputs/golden_dataset_local_tests/crops/1770341315069_0244_1073_12-006/054_Other_SKU_3362_2812_3525_2864.jpg,research_outputs/golden_dataset_local_tests/label_overlays_expected_sku/1770341315069_0244_1073_12-006_labels.jpg,yes,538787,-10.0:538787|-5.0:538787|0.0:538787|5.0:538787|10.0:538787|180.0:538787,,
1770341315069_0244_1073_12-006.jpg|Other_SKU|3846|2706|3983|2759,1770341315069_0244_1073_12-006.jpg,1770341315069_0244_1073_12-006.json,59,Other_SKU,,needs_review,,,,3846,2706,3983,2759,research_outputs/golden_dataset_local_tests/crops/1770341315069_0244_1073_12-006/059_Other_SKU_3846_2706_3983_2759.jpg,research_outputs/golden_dataset_local_tests/label_overlays_expected_sku/1770341315069_0244_1073_12-006_labels.jpg,yes,248711,-10.0:248711|-5.0:248711|0.0:248711|5.0:248711|10.0:248711|180.0:248711,,
1770341315069_0244_1073_12-006.jpg|Other_SKU|2043|2205|2131|2238,1770341315069_0244_1073_12-006.jpg,1770341315069_0244_1073_12-006.json,83,Other_SKU,,needs_review,,,,2043,2205,2131,2238,research_outputs/golden_dataset_local_tests/crops/1770341315069_0244_1073_12-006/083_Other_SKU_2043_2205_2131_2238.jpg,research_outputs/golden_dataset_local_tests/label_overlays_expected_sku/1770341315069_0244_1073_12-006_labels.jpg,yes,530255,-10.0:530255|-5.0:530255|0.0:530255|5.0:530255|10.0:530255|180.0:530255,,
1770341315069_0244_1073_12-006.jpg|Other_SKU|2048|2326|2135|2362,1770341315069_0244_1073_12-006.jpg,1770341315069_0244_1073_12-006.json,85,Other_SKU,,needs_review,,,,2048,2326,2135,2362,research_outputs/golden_dataset_local_tests/crops/1770341315069_0244_1073_12-006/085_Other_SKU_2048_2326_2135_2362.jpg,research_outputs/golden_dataset_local_tests/label_overlays_expected_sku/1770341315069_0244_1073_12-006_labels.jpg,yes,885706,-10.0:185705|-5.0:185705|5.0:885705|10.0:885705,,
1770341315069_0244_1073_12-006.jpg|Other_SKU|1860|2342|1944|2375,1770341315069_0244_1073_12-006.jpg,1770341315069_0244_1073_12-006.json,87,Other_SKU,,needs_review,,,,1860,2342,1944,2375,research_outputs/golden_dataset_local_tests/crops/1770341315069_0244_1073_12-006/087_Other_SKU_1860_2342_1944_2375.jpg,research_outputs/golden_dataset_local_tests/label_overlays_expected_sku/1770341315069_0244_1073_12-006_labels.jpg,yes,158779,-10.0:158779|-5.0:158779|0.0:138779|5.0:158779|10.0:158779|180.0:138779,,
1770341315069_0244_1073_12-006.jpg|Other_SKU|2587|2286|2678|2325,1770341315069_0244_1073_12-006.jpg,1770341315069_0244_1073_12-006.json,89,Other_SKU,,needs_review,,,,2587,2286,2678,2325,research_outputs/golden_dataset_local_tests/crops/1770341315069_0244_1073_12-006/089_Other_SKU_2587_2286_2678_2325.jpg,research_outputs/golden_dataset_local_tests/label_overlays_expected_sku/1770341315069_0244_1073_12-006_labels.jpg,yes,506400,-10.0:506400|-5.0:506400|0.0:506400|5.0:506400|10.0:506400|180.0:505400,,
1770341315069_0244_1073_12-006.jpg|Other_SKU|1942|2781|2033|2818,1770341315069_0244_1073_12-006.jpg,1770341315069_0244_1073_12-006.json,91,Other_SKU,,needs_review,,,,1942,2781,2033,2818,research_outputs/golden_dataset_local_tests/crops/1770341315069_0244_1073_12-006/091_Other_SKU_1942_2781_2033_2818.jpg,research_outputs/golden_dataset_local_tests/label_overlays_expected_sku/1770341315069_0244_1073_12-006_labels.jpg,yes,530781,-10.0:530781,,
1770341315069_0244_1073_12-006.jpg|Other_SKU|2134|2769|2225|2811,1770341315069_0244_1073_12-006.jpg,1770341315069_0244_1073_12-006.json,93,Other_SKU,,needs_review,,,,2134,2769,2225,2811,research_outputs/golden_dataset_local_tests/crops/1770341315069_0244_1073_12-006/093_Other_SKU_2134_2769_2225_2811.jpg,research_outputs/golden_dataset_local_tests/label_overlays_expected_sku/1770341315069_0244_1073_12-006_labels.jpg,yes,542846,-10.0:542846|-5.0:542846|0.0:542846|5.0:542846|10.0:542846|180.0:542846,,
1770341315069_0244_1073_12-006.jpg|Other_SKU|2151|2909|2237|2945,1770341315069_0244_1073_12-006.jpg,1770341315069_0244_1073_12-006.json,95,Other_SKU,,needs_review,,,,2151,2909,2237,2945,research_outputs/golden_dataset_local_tests/crops/1770341315069_0244_1073_12-006/095_Other_SKU_2151_2909_2237_2945.jpg,research_outputs/golden_dataset_local_tests/label_overlays_expected_sku/1770341315069_0244_1073_12-006_labels.jpg,yes,086771,-5.0:085771|0.0:886771|180.0:886771,,
1770341315069_0244_1073_12-006.jpg|Other_SKU|2400|2993|2493|3037,1770341315069_0244_1073_12-006.jpg,1770341315069_0244_1073_12-006.json,97,Other_SKU,,needs_review,,,,2400,2993,2493,3037,research_outputs/golden_dataset_local_tests/crops/1770341315069_0244_1073_12-006/097_Other_SKU_2400_2993_2493_3037.jpg,research_outputs/golden_dataset_local_tests/label_overlays_expected_sku/1770341315069_0244_1073_12-006_labels.jpg,yes,755939,-10.0:755939|-5.0:755939|0.0:755939|5.0:755939|10.0:755939|180.0:755939,,
1770341315069_0244_1073_12-006.jpg|Other_SKU|2653|2982|2746|3018,1770341315069_0244_1073_12-006.jpg,1770341315069_0244_1073_12-006.json,99,Other_SKU,,needs_review,,,,2653,2982,2746,3018,research_outputs/golden_dataset_local_tests/crops/1770341315069_0244_1073_12-006/099_Other_SKU_2653_2982_2746_3018.jpg,research_outputs/golden_dataset_local_tests/label_overlays_expected_sku/1770341315069_0244_1073_12-006_labels.jpg,yes,,,,
1770341315069_0244_1073_12-006.jpg|Pallet_SKU|1890|768|2275|910,1770341315069_0244_1073_12-006.jpg,1770341315069_0244_1073_12-006.json,101,Pallet_SKU,,needs_review,,,,1890,768,2275,910,research_outputs/golden_dataset_local_tests/crops/1770341315069_0244_1073_12-006/101_Pallet_SKU_1890_768_2275_910.jpg,research_outputs/golden_dataset_local_tests/label_overlays_expected_sku/1770341315069_0244_1073_12-006_labels.jpg,yes,1014926545,-10.0:1014926545|-5.0:1014926545|0.0:1014926545|5.0:1014926545|10.0:1014926545|180.0:1014926545,,
1770341315069_0244_1073_12-006.jpg|Pallet_SKU|2585|693|2997|804,1770341315069_0244_1073_12-006.jpg,1770341315069_0244_1073_12-006.json,104,Pallet_SKU,,needs_review,,,,2585,693,2997,804,research_outputs/golden_dataset_local_tests/crops/1770341315069_0244_1073_12-006/104_Pallet_SKU_2585_693_2997_804.jpg,research_outputs/golden_dataset_local_tests/label_overlays_expected_sku/1770341315069_0244_1073_12-006_labels.jpg,yes,1014926545,-10.0:1014926545|-5.0:1014926545|0.0:1014926545|5.0:1014926545|10.0:1014926545|180.0:1014926545,,
1770341315069_0244_1073_12-006.jpg|Pallet_SKU|3387|688|3805|803,1770341315069_0244_1073_12-006.jpg,1770341315069_0244_1073_12-006.json,105,Pallet_SKU,,needs_review,,,,3387,688,3805,803,research_outputs/golden_dataset_local_tests/crops/1770341315069_0244_1073_12-006/105_Pallet_SKU_3387_688_3805_803.jpg,research_outputs/golden_dataset_local_tests/label_overlays_expected_sku/1770341315069_0244_1073_12-006_labels.jpg,yes,1014926545,-10.0:1014926545|-5.0:1014926545|0.0:1014926545|5.0:1014926545|10.0:1014926545|180.0:1014926545,,
1770341315069_0244_1073_12-006.jpg|Pallet_SKU|4169|611|4586|700,1770341315069_0244_1073_12-006.jpg,1770341315069_0244_1073_12-006.json,107,Pallet_SKU,,needs_review,,,,4169,611,4586,700,research_outputs/golden_dataset_local_tests/crops/1770341315069_0244_1073_12-006/107_Pallet_SKU_4169_611_4586_700.jpg,research_outputs/golden_dataset_local_tests/label_overlays_expected_sku/1770341315069_0244_1073_12-006_labels.jpg,yes,1014926545,-10.0:1014926545|-5.0:1014926545|0.0:1014926545|5.0:1014926545|10.0:1014926545|180.0:1014926545,,
1770341315069_0244_1073_12-006.jpg|Pallet_SKU|4835|348|5072|416,1770341315069_0244_1073_12-006.jpg,1770341315069_0244_1073_12-006.json,109,Pallet_SKU,,needs_review,,,,4835,348,5072,416,research_outputs/golden_dataset_local_tests/crops/1770341315069_0244_1073_12-006/109_Pallet_SKU_4835_348_5072_416.jpg,research_outputs/golden_dataset_local_tests/label_overlays_expected_sku/1770341315069_0244_1073_12-006_labels.jpg,yes,318435,-10.0:318435|-5.0:318435|0.0:318435|5.0:318435|10.0:318435|180.0:318435,,
1770341315069_0244_1077_12-005.jpg|RDC_SKU|3207|765|3285|797,1770341315069_0244_1077_12-005.jpg,1770341315069_0244_1077_12-005.json,18,RDC_SKU,,needs_review,,,,3207,765,3285,797,research_outputs/golden_dataset_local_tests/crops/1770341315069_0244_1077_12-005/018_RDC_SKU_3207_765_3285_797.jpg,research_outputs/golden_dataset_local_tests/label_overlays_expected_sku/1770341315069_0244_1077_12-005_labels.jpg,yes,677832,-10.0:677882|-5.0:677832|0.0:677832|5.0:677832|10.0:677832|180.0:677832,,
1770341315069_0244_1077_12-005.jpg|RDC_SKU|3557|942|3638|980,1770341315069_0244_1077_12-005.jpg,1770341315069_0244_1077_12-005.json,23,RDC_SKU,,needs_review,,,,3557,942,3638,980,research_outputs/golden_dataset_local_tests/crops/1770341315069_0244_1077_12-005/023_RDC_SKU_3557_942_3638_980.jpg,research_outputs/golden_dataset_local_tests/label_overlays_expected_sku/1770341315069_0244_1077_12-005_labels.jpg,yes,,,,
1770341315069_0244_1077_12-005.jpg|RDC_SKU|3845|994|3952|1036,1770341315069_0244_1077_12-005.jpg,1770341315069_0244_1077_12-005.json,27,RDC_SKU,,needs_review,,,,3845,994,3952,1036,research_outputs/golden_dataset_local_tests/crops/1770341315069_0244_1077_12-005/027_RDC_SKU_3845_994_3952_1036.jpg,research_outputs/golden_dataset_local_tests/label_overlays_expected_sku/1770341315069_0244_1077_12-005_labels.jpg,yes,,,,
1770341315069_0244_1077_12-005.jpg|RDC_SKU|968|2188|1056|2225,1770341315069_0244_1077_12-005.jpg,1770341315069_0244_1077_12-005.json,32,RDC_SKU,,needs_review,,,,968,2188,1056,2225,research_outputs/golden_dataset_local_tests/crops/1770341315069_0244_1077_12-005/032_RDC_SKU_968_2188_1056_2225.jpg,research_outputs/golden_dataset_local_tests/label_overlays_expected_sku/1770341315069_0244_1077_12-005_labels.jpg,yes,,,,
1770341315069_0244_1077_12-005.jpg|RDC_SKU|1196|2176|1282|2221,1770341315069_0244_1077_12-005.jpg,1770341315069_0244_1077_12-005.json,36,RDC_SKU,,needs_review,,,,1196,2176,1282,2221,research_outputs/golden_dataset_local_tests/crops/1770341315069_0244_1077_12-005/036_RDC_SKU_1196_2176_1282_2221.jpg,research_outputs/golden_dataset_local_tests/label_overlays_expected_sku/1770341315069_0244_1077_12-005_labels.jpg,yes,466131,-10.0:466131|-5.0:466131|0.0:466131|5.0:466131|10.0:466131|180.0:466131,,
1770341315069_0244_1077_12-005.jpg|RDC_SKU|1840|1807|1883|1888,1770341315069_0244_1077_12-005.jpg,1770341315069_0244_1077_12-005.json,44,RDC_SKU,,needs_review,,,,1840,1807,1883,1888,research_outputs/golden_dataset_local_tests/crops/1770341315069_0244_1077_12-005/044_RDC_SKU_1840_1807_1883_1888.jpg,research_outputs/golden_dataset_local_tests/label_overlays_expected_sku/1770341315069_0244_1077_12-005_labels.jpg,yes,220261,-10.0:220261|-5.0:220261|0.0:220261|5.0:220261|10.0:220261|180.0:220201,,
1770341315069_0244_1077_12-005.jpg|RDC_SKU|2271|1584|2326|1672,1770341315069_0244_1077_12-005.jpg,1770341315069_0244_1077_12-005.json,50,RDC_SKU,,needs_review,,,,2271,1584,2326,1672,research_outputs/golden_dataset_local_tests/crops/1770341315069_0244_1077_12-005/050_RDC_SKU_2271_1584_2326_1672.jpg,research_outputs/golden_dataset_local_tests/label_overlays_expected_sku/1770341315069_0244_1077_12-005_labels.jpg,yes,454494,-10.0:454494|-5.0:454494|0.0:454494|5.0:454494|10.0:454494|180.0:454494,,
1770341315069_0244_1077_12-005.jpg|RDC_SKU|2257|1838|2296|1919,1770341315069_0244_1077_12-005.jpg,1770341315069_0244_1077_12-005.json,53,RDC_SKU,,needs_review,,,,2257,1838,2296,1919,research_outputs/golden_dataset_local_tests/crops/1770341315069_0244_1077_12-005/053_RDC_SKU_2257_1838_2296_1919.jpg,research_outputs/golden_dataset_local_tests/label_overlays_expected_sku/1770341315069_0244_1077_12-005_labels.jpg,yes,,,,
1770341315069_0244_1077_12-005.jpg|RDC_SKU|2235|2233|2281|2334,1770341315069_0244_1077_12-005.jpg,1770341315069_0244_1077_12-005.json,57,RDC_SKU,,needs_review,,,,2235,2233,2281,2334,research_outputs/golden_dataset_local_tests/crops/1770341315069_0244_1077_12-005/057_RDC_SKU_2235_2233_2281_2334.jpg,research_outputs/golden_dataset_local_tests/label_overlays_expected_sku/1770341315069_0244_1077_12-005_labels.jpg,yes,728073,,,
1770341315069_0244_1077_12-005.jpg|RDC_SKU|2540|1622|2583|1704,1770341315069_0244_1077_12-005.jpg,1770341315069_0244_1077_12-005.json,60,RDC_SKU,,needs_review,,,,2540,1622,2583,1704,research_outputs/golden_dataset_local_tests/crops/1770341315069_0244_1077_12-005/060_RDC_SKU_2540_1622_2583_1704.jpg,research_outputs/golden_dataset_local_tests/label_overlays_expected_sku/1770341315069_0244_1077_12-005_labels.jpg,yes,454494,-10.0:454494|-5.0:454494|0.0:454494|5.0:454494|10.0:454494|180.0:454494,,
1770341315069_0244_1077_12-005.jpg|RDC_SKU|2796|1645|2836|1729,1770341315069_0244_1077_12-005.jpg,1770341315069_0244_1077_12-005.json,66,RDC_SKU,,needs_review,,,,2796,1645,2836,1729,research_outputs/golden_dataset_local_tests/crops/1770341315069_0244_1077_12-005/066_RDC_SKU_2796_1645_2836_1729.jpg,research_outputs/golden_dataset_local_tests/label_overlays_expected_sku/1770341315069_0244_1077_12-005_labels.jpg,yes,574622,-10.0:674622|-5.0:574622|0.0:574622|5.0:574822|10.0:574622|180.0:574822,,
1770341315069_0244_1077_12-005.jpg|RDC_SKU|3530|1696|3568|1776,1770341315069_0244_1077_12-005.jpg,1770341315069_0244_1077_12-005.json,80,RDC_SKU,,needs_review,,,,3530,1696,3568,1776,research_outputs/golden_dataset_local_tests/crops/1770341315069_0244_1077_12-005/080_RDC_SKU_3530_1696_3568_1776.jpg,research_outputs/golden_dataset_local_tests/label_overlays_expected_sku/1770341315069_0244_1077_12-005_labels.jpg,yes,,,,
1770341315069_0244_1077_12-005.jpg|RDC_SKU|3825|1894|3873|1979,1770341315069_0244_1077_12-005.jpg,1770341315069_0244_1077_12-005.json,86,RDC_SKU,,needs_review,,,,3825,1894,3873,1979,research_outputs/golden_dataset_local_tests/crops/1770341315069_0244_1077_12-005/086_RDC_SKU_3825_1894_3873_1979.jpg,research_outputs/golden_dataset_local_tests/label_overlays_expected_sku/1770341315069_0244_1077_12-005_labels.jpg,yes,574622,-10.0:574622|0.0:574622|5.0:574622|180.0:574622,,
1770341315069_0244_1077_12-005.jpg|RDC_SKU|837|2887|940|2932,1770341315069_0244_1077_12-005.jpg,1770341315069_0244_1077_12-005.json,94,RDC_SKU,,needs_review,,,,837,2887,940,2932,research_outputs/golden_dataset_local_tests/crops/1770341315069_0244_1077_12-005/094_RDC_SKU_837_2887_940_2932.jpg,research_outputs/golden_dataset_local_tests/label_overlays_expected_sku/1770341315069_0244_1077_12-005_labels.jpg,yes,347051,-10.0:347051|10.0:347051,,
1770341315069_0244_1077_12-005.jpg|RDC_SKU|1796|3049|1890|3084,1770341315069_0244_1077_12-005.jpg,1770341315069_0244_1077_12-005.json,100,RDC_SKU,,needs_review,,,,1796,3049,1890,3084,research_outputs/golden_dataset_local_tests/crops/1770341315069_0244_1077_12-005/100_RDC_SKU_1796_3049_1890_3084.jpg,research_outputs/golden_dataset_local_tests/label_overlays_expected_sku/1770341315069_0244_1077_12-005_labels.jpg,yes,107573,,,
1770341315069_0244_1077_12-005.jpg|Handwritte_SKU|2066|1132|2219|1174,1770341315069_0244_1077_12-005.jpg,1770341315069_0244_1077_12-005.json,175,Handwritte_SKU,,needs_review,,,,2066,1132,2219,1174,research_outputs/golden_dataset_local_tests/crops/1770341315069_0244_1077_12-005/175_Handwritte_SKU_2066_1132_2219_1174.jpg,research_outputs/golden_dataset_local_tests/label_overlays_expected_sku/1770341315069_0244_1077_12-005_labels.jpg,yes,235672,-10.0:235672|-5.0:235672|0.0:235672|5.0:235672|10.0:235672|180.0:235672,,
1770341315069_0244_1077_12-005.jpg|Handwritte_SKU|2431|1126|2590|1178,1770341315069_0244_1077_12-005.jpg,1770341315069_0244_1077_12-005.json,177,Handwritte_SKU,,needs_review,,,,2431,1126,2590,1178,research_outputs/golden_dataset_local_tests/crops/1770341315069_0244_1077_12-005/177_Handwritte_SKU_2431_1126_2590_1178.jpg,research_outputs/golden_dataset_local_tests/label_overlays_expected_sku/1770341315069_0244_1077_12-005_labels.jpg,yes,235056,-10.0:235156|5.0:235156,,
1770341315069_0244_1077_12-005.jpg|Handwritte_SKU|2464|889|2594|933,1770341315069_0244_1077_12-005.jpg,1770341315069_0244_1077_12-005.json,179,Handwritte_SKU,,needs_review,,,,2464,889,2594,933,research_outputs/golden_dataset_local_tests/crops/1770341315069_0244_1077_12-005/179_Handwritte_SKU_2464_889_2594_933.jpg,research_outputs/golden_dataset_local_tests/label_overlays_expected_sku/1770341315069_0244_1077_12-005_labels.jpg,yes,233649,-10.0:233649|-5.0:233649|0.0:233649|10.0:233649|180.0:233649,,
1770341315069_0244_1077_12-005.jpg|Handwritte_SKU|2806|1161|2956|1210,1770341315069_0244_1077_12-005.jpg,1770341315069_0244_1077_12-005.json,181,Handwritte_SKU,,needs_review,,,,2806,1161,2956,1210,research_outputs/golden_dataset_local_tests/crops/1770341315069_0244_1077_12-005/181_Handwritte_SKU_2806_1161_2956_1210.jpg,research_outputs/golden_dataset_local_tests/label_overlays_expected_sku/1770341315069_0244_1077_12-005_labels.jpg,yes,233569,-5.0:233569|0.0:233569|5.0:233569|10.0:233569|180.0:233569,,
1770341315069_0244_1077_12-005.jpg|Handwritte_SKU|3163|1164|3303|1219,1770341315069_0244_1077_12-005.jpg,1770341315069_0244_1077_12-005.json,183,Handwritte_SKU,,needs_review,,,,3163,1164,3303,1219,research_outputs/golden_dataset_local_tests/crops/1770341315069_0244_1077_12-005/183_Handwritte_SKU_3163_1164_3303_1219.jpg,research_outputs/golden_dataset_local_tests/label_overlays_expected_sku/1770341315069_0244_1077_12-005_labels.jpg,yes,236052,-10.0:236052|-5.0:236052|0.0:236052|5.0:236052|10.0:236052|180.0:236052,,
1770341315069_0244_1077_12-005.jpg|Handwritte_SKU|3151|942|3284|983,1770341315069_0244_1077_12-005.jpg,1770341315069_0244_1077_12-005.json,262,Handwritte_SKU,,needs_review,,,,3151,942,3284,983,research_outputs/golden_dataset_local_tests/crops/1770341315069_0244_1077_12-005/262_Handwritte_SKU_3151_942_3284_983.jpg,research_outputs/golden_dataset_local_tests/label_overlays_expected_sku/1770341315069_0244_1077_12-005_labels.jpg,yes,233052,-10.0:236052|-5.0:236052|0.0:236052|5.0:236052|10.0:236052|180.0:236052,,
1770341315069_0244_1077_12-005.jpg|Handwritte_SKU|3593|1181|3720|1244,1770341315069_0244_1077_12-005.jpg,1770341315069_0244_1077_12-005.json,264,Handwritte_SKU,,needs_review,,,,3593,1181,3720,1244,research_outputs/golden_dataset_local_tests/crops/1770341315069_0244_1077_12-005/264_Handwritte_SKU_3593_1181_3720_1244.jpg,research_outputs/golden_dataset_local_tests/label_overlays_expected_sku/1770341315069_0244_1077_12-005_labels.jpg,yes,,,,
1770341315069_0244_1077_12-005.jpg|Handwritte_SKU|3850|1205|3971|1256,1770341315069_0244_1077_12-005.jpg,1770341315069_0244_1077_12-005.json,266,Handwritte_SKU,,needs_review,,,,3850,1205,3971,1256,research_outputs/golden_dataset_local_tests/crops/1770341315069_0244_1077_12-005/266_Handwritte_SKU_3850_1205_3971_1256.jpg,research_outputs/golden_dataset_local_tests/label_overlays_expected_sku/1770341315069_0244_1077_12-005_labels.jpg,yes,234052,-10.0:236052|-5.0:236052|0.0:236052|5.0:236052|10.0:236052|180.0:236052,,
1770341315069_0244_1108_12-007.jpg|RDC_SKU|3470|950|3591|985,1770341315069_0244_1108_12-007.jpg,1770341315069_0244_1108_12-007.json,3,RDC_SKU,,needs_review,,,,3470,950,3591,985,research_outputs/golden_dataset_local_tests/crops/1770341315069_0244_1108_12-007/003_RDC_SKU_3470_950_3591_985.jpg,research_outputs/golden_dataset_local_tests/label_overlays_expected_sku/1770341315069_0244_1108_12-007_labels.jpg,yes,1006305847,-10.0:1005305847|-5.0:1006305847|0.0:1005305847|10.0:1005305847|180.0:1005306847,,
1770341315069_0244_1108_12-007.jpg|RDC_SKU|3509|1156|3628|1208,1770341315069_0244_1108_12-007.jpg,1770341315069_0244_1108_12-007.json,6,RDC_SKU,,needs_review,,,,3509,1156,3628,1208,research_outputs/golden_dataset_local_tests/crops/1770341315069_0244_1108_12-007/006_RDC_SKU_3509_1156_3628_1208.jpg,research_outputs/golden_dataset_local_tests/label_overlays_expected_sku/1770341315069_0244_1108_12-007_labels.jpg,yes,1006396847,-10.0:1006306847|-5.0:1006306847|0.0:1006306847|5.0:1006306847|10.0:1006306847|180.0:1006306847,,
1770341315069_0244_1108_12-007.jpg|RDC_SKU|1498|1648|1582|1686,1770341315069_0244_1108_12-007.jpg,1770341315069_0244_1108_12-007.json,25,RDC_SKU,,needs_review,,,,1498,1648,1582,1686,research_outputs/golden_dataset_local_tests/crops/1770341315069_0244_1108_12-007/025_RDC_SKU_1498_1648_1582_1686.jpg,research_outputs/golden_dataset_local_tests/label_overlays_expected_sku/1770341315069_0244_1108_12-007_labels.jpg,yes,831637,-10.0:831630|-5.0:831630|0.0:831630|5.0:831630|10.0:831630|180.0:831530,,
1770341315069_0244_1108_12-007.jpg|RDC_SKU|1557|1866|1682|1909,1770341315069_0244_1108_12-007.jpg,1770341315069_0244_1108_12-007.json,27,RDC_SKU,,needs_review,,,,1557,1866,1682,1909,research_outputs/golden_dataset_local_tests/crops/1770341315069_0244_1108_12-007/027_RDC_SKU_1557_1866_1682_1909.jpg,research_outputs/golden_dataset_local_tests/label_overlays_expected_sku/1770341315069_0244_1108_12-007_labels.jpg,yes,1085748260,-10.0:1085748260|-5.0:1005748260|0.0:1085748260|5.0:1085748260|10.0:1085748260|180.0:1085748260,,
1770341315069_0244_1108_12-007.jpg|RDC_SKU|1816|1634|1860|1714,1770341315069_0244_1108_12-007.jpg,1770341315069_0244_1108_12-007.json,30,RDC_SKU,,needs_review,,,,1816,1634,1860,1714,research_outputs/golden_dataset_local_tests/crops/1770341315069_0244_1108_12-007/030_RDC_SKU_1816_1634_1860_1714.jpg,research_outputs/golden_dataset_local_tests/label_overlays_expected_sku/1770341315069_0244_1108_12-007_labels.jpg,yes,133969,-10.0:133009|-5.0:133009|0.0:133009|5.0:133009|10.0:133069|180.0:133009,,
1770341315069_0244_1108_12-007.jpg|RDC_SKU|1823|1837|1865|1919,1770341315069_0244_1108_12-007.jpg,1770341315069_0244_1108_12-007.json,32,RDC_SKU,,needs_review,,,,1823,1837,1865,1919,research_outputs/golden_dataset_local_tests/crops/1770341315069_0244_1108_12-007/032_RDC_SKU_1823_1837_1865_1919.jpg,research_outputs/golden_dataset_local_tests/label_overlays_expected_sku/1770341315069_0244_1108_12-007_labels.jpg,yes,131537,-10.0:131637|-5.0:131637|0.0:131637|5.0:131637|10.0:131537|180.0:131637,,
1770341315069_0244_1108_12-007.jpg|RDC_SKU|2640|1834|2686|1956,1770341315069_0244_1108_12-007.jpg,1770341315069_0244_1108_12-007.json,42,RDC_SKU,,needs_review,,,,2640,1834,2686,1956,research_outputs/golden_dataset_local_tests/crops/1770341315069_0244_1108_12-007/042_RDC_SKU_2640_1834_2686_1956.jpg,research_outputs/golden_dataset_local_tests/label_overlays_expected_sku/1770341315069_0244_1108_12-007_labels.jpg,yes,1007471790,-10.0:1007471790|-5.0:1007471790|0.0:1007471790|5.0:1007471790|10.0:1007471790|180.0:1007471790,,
1770341315069_0244_1108_12-007.jpg|RDC_SKU|2619|2035|2667|2165,1770341315069_0244_1108_12-007.jpg,1770341315069_0244_1108_12-007.json,45,RDC_SKU,,needs_review,,,,2619,2035,2667,2165,research_outputs/golden_dataset_local_tests/crops/1770341315069_0244_1108_12-007/045_RDC_SKU_2619_2035_2667_2165.jpg,research_outputs/golden_dataset_local_tests/label_overlays_expected_sku/1770341315069_0244_1108_12-007_labels.jpg,yes,588178,-5.0:588178|0.0:588178|180.0:588178,,
1770341315069_0244_1108_12-007.jpg|RDC_SKU|2875|1824|2920|1942,1770341315069_0244_1108_12-007.jpg,1770341315069_0244_1108_12-007.json,48,RDC_SKU,,needs_review,,,,2875,1824,2920,1942,research_outputs/golden_dataset_local_tests/crops/1770341315069_0244_1108_12-007/048_RDC_SKU_2875_1824_2920_1942.jpg,research_outputs/golden_dataset_local_tests/label_overlays_expected_sku/1770341315069_0244_1108_12-007_labels.jpg,yes,,,,
1770341315069_0244_1108_12-007.jpg|RDC_SKU|2863|2018|2909|2143,1770341315069_0244_1108_12-007.jpg,1770341315069_0244_1108_12-007.json,51,RDC_SKU,,needs_review,,,,2863,2018,2909,2143,research_outputs/golden_dataset_local_tests/crops/1770341315069_0244_1108_12-007/051_RDC_SKU_2863_2018_2909_2143.jpg,research_outputs/golden_dataset_local_tests/label_overlays_expected_sku/1770341315069_0244_1108_12-007_labels.jpg,yes,,,,
1770341315069_0244_1108_12-007.jpg|RDC_SKU|3104|1836|3157|1963,1770341315069_0244_1108_12-007.jpg,1770341315069_0244_1108_12-007.json,54,RDC_SKU,,needs_review,,,,3104,1836,3157,1963,research_outputs/golden_dataset_local_tests/crops/1770341315069_0244_1108_12-007/054_RDC_SKU_3104_1836_3157_1963.jpg,research_outputs/golden_dataset_local_tests/label_overlays_expected_sku/1770341315069_0244_1108_12-007_labels.jpg,yes,4927471793,-10.0:4827471793,,
1770341315069_0244_1108_12-007.jpg|RDC_SKU|3104|2047|3145|2177,1770341315069_0244_1108_12-007.jpg,1770341315069_0244_1108_12-007.json,57,RDC_SKU,,needs_review,,,,3104,2047,3145,2177,research_outputs/golden_dataset_local_tests/crops/1770341315069_0244_1108_12-007/057_RDC_SKU_3104_2047_3145_2177.jpg,research_outputs/golden_dataset_local_tests/label_overlays_expected_sku/1770341315069_0244_1108_12-007_labels.jpg,yes,,,,
1770341315069_0244_1108_12-007.jpg|RDC_SKU|3371|2053|3442|2185,1770341315069_0244_1108_12-007.jpg,1770341315069_0244_1108_12-007.json,61,RDC_SKU,,needs_review,,,,3371,2053,3442,2185,research_outputs/golden_dataset_local_tests/crops/1770341315069_0244_1108_12-007/061_RDC_SKU_3371_2053_3442_2185.jpg,research_outputs/golden_dataset_local_tests/label_overlays_expected_sku/1770341315069_0244_1108_12-007_labels.jpg,yes,1007688178,-10.0:1007588178|-5.0:1007588178|0.0:1007588178|5.0:1007588178|10.0:1007588178|180.0:1007588178,,
1770341315069_0244_1108_12-007.jpg|RDC_SKU|3610|1763|3699|1805,1770341315069_0244_1108_12-007.jpg,1770341315069_0244_1108_12-007.json,64,RDC_SKU,,needs_review,,,,3610,1763,3699,1805,research_outputs/golden_dataset_local_tests/crops/1770341315069_0244_1108_12-007/064_RDC_SKU_3610_1763_3699_1805.jpg,research_outputs/golden_dataset_local_tests/label_overlays_expected_sku/1770341315069_0244_1108_12-007_labels.jpg,yes,133025,-10.0:133025|-5.0:133025|0.0:133025|5.0:133025|10.0:133025|180.0:133025,,
1770341315069_0244_1108_12-007.jpg|RDC_SKU|3649|1856|3695|1939,1770341315069_0244_1108_12-007.jpg,1770341315069_0244_1108_12-007.json,67,RDC_SKU,,needs_review,,,,3649,1856,3695,1939,research_outputs/golden_dataset_local_tests/crops/1770341315069_0244_1108_12-007/067_RDC_SKU_3649_1856_3695_1939.jpg,research_outputs/golden_dataset_local_tests/label_overlays_expected_sku/1770341315069_0244_1108_12-007_labels.jpg,yes,,,,
1770341315069_0244_1108_12-007.jpg|RDC_SKU|3694|2039|3747|2126,1770341315069_0244_1108_12-007.jpg,1770341315069_0244_1108_12-007.json,70,RDC_SKU,,needs_review,,,,3694,2039,3747,2126,research_outputs/golden_dataset_local_tests/crops/1770341315069_0244_1108_12-007/070_RDC_SKU_3694_2039_3747_2126.jpg,research_outputs/golden_dataset_local_tests/label_overlays_expected_sku/1770341315069_0244_1108_12-007_labels.jpg,yes,135238,-10.0:135238|-5.0:135238|0.0:135238|5.0:135238|10.0:135238|180.0:135238,,
1770341315069_0244_1108_12-007.jpg|RDC_SKU|3836|1763|3929|1803,1770341315069_0244_1108_12-007.jpg,1770341315069_0244_1108_12-007.json,73,RDC_SKU,,needs_review,,,,3836,1763,3929,1803,research_outputs/golden_dataset_local_tests/crops/1770341315069_0244_1108_12-007/073_RDC_SKU_3836_1763_3929_1803.jpg,research_outputs/golden_dataset_local_tests/label_overlays_expected_sku/1770341315069_0244_1108_12-007_labels.jpg,yes,133025,-10.0:133025|-5.0:133025|0.0:133025|5.0:133025|10.0:133025|180.0:133025,,
1770341315069_0244_1108_12-007.jpg|RDC_SKU|3838|1968|3964|2024,1770341315069_0244_1108_12-007.jpg,1770341315069_0244_1108_12-007.json,76,RDC_SKU,,needs_review,,,,3838,1968,3964,2024,research_outputs/golden_dataset_local_tests/crops/1770341315069_0244_1108_12-007/076_RDC_SKU_3838_1968_3964_2024.jpg,research_outputs/golden_dataset_local_tests/label_overlays_expected_sku/1770341315069_0244_1108_12-007_labels.jpg,yes,1007471793,-10.0:1007471793|-5.0:1007471793|0.0:1007471793|5.0:1007471793|10.0:1007471793|180.0:1007471793,,
1770341315069_0244_1108_12-007.jpg|RDC_SKU|4099|1767|4190|1814,1770341315069_0244_1108_12-007.jpg,1770341315069_0244_1108_12-007.json,80,RDC_SKU,,needs_review,,,,4099,1767,4190,1814,research_outputs/golden_dataset_local_tests/crops/1770341315069_0244_1108_12-007/080_RDC_SKU_4099_1767_4190_1814.jpg,research_outputs/golden_dataset_local_tests/label_overlays_expected_sku/1770341315069_0244_1108_12-007_labels.jpg,yes,134380,-10.0:134380|-5.0:134380|0.0:134380|5.0:134380|10.0:134380|180.0:134380,,
1770341315069_0244_1108_12-007.jpg|RDC_SKU|4288|1673|4349|1798,1770341315069_0244_1108_12-007.jpg,1770341315069_0244_1108_12-007.json,84,RDC_SKU,,needs_review,,,,4288,1673,4349,1798,research_outputs/golden_dataset_local_tests/crops/1770341315069_0244_1108_12-007/084_RDC_SKU_4288_1673_4349_1798.jpg,research_outputs/golden_dataset_local_tests/label_overlays_expected_sku/1770341315069_0244_1108_12-007_labels.jpg,yes,1003274843,-10.0:1003274843|-5.0:1003274843|0.0:1003274843|5.0:1003274843|10.0:1003274843|180.0:1003274843,,
1770341315069_0244_1108_12-007.jpg|RDC_SKU|4425|2065|4471|2145,1770341315069_0244_1108_12-007.jpg,1770341315069_0244_1108_12-007.json,89,RDC_SKU,,needs_review,,,,4425,2065,4471,2145,research_outputs/golden_dataset_local_tests/crops/1770341315069_0244_1108_12-007/089_RDC_SKU_4425_2065_4471_2145.jpg,research_outputs/golden_dataset_local_tests/label_overlays_expected_sku/1770341315069_0244_1108_12-007_labels.jpg,yes,135230,-10.0:135230|-5.0:135230|0.0:135230|5.0:135230|10.0:135230|180.0:135230,,
1770341315069_0244_1108_12-007.jpg|RDC_SKU|1509|2711|1637|2752,1770341315069_0244_1108_12-007.jpg,1770341315069_0244_1108_12-007.json,92,RDC_SKU,,needs_review,,,,1509,2711,1637,2752,research_outputs/golden_dataset_local_tests/crops/1770341315069_0244_1108_12-007/092_RDC_SKU_1509_2711_1637_2752.jpg,research_outputs/golden_dataset_local_tests/label_overlays_expected_sku/1770341315069_0244_1108_12-007_labels.jpg,yes,1007437248,-10.0:1007437248|-5.0:1007437248|0.0:1007437248|5.0:1007437248|10.0:1007437248|180.0:1007437248,,
1770341315069_0244_1108_12-007.jpg|RDC_SKU|2036|2406|2082|2535,1770341315069_0244_1108_12-007.jpg,1770341315069_0244_1108_12-007.json,98,RDC_SKU,,needs_review,,,,2036,2406,2082,2535,research_outputs/golden_dataset_local_tests/crops/1770341315069_0244_1108_12-007/098_RDC_SKU_2036_2406_2082_2535.jpg,research_outputs/golden_dataset_local_tests/label_overlays_expected_sku/1770341315069_0244_1108_12-007_labels.jpg,yes,1007437264,0.0:1007437264|5.0:1007437264|10.0:1007437264|180.0:1007437264,,
1770341315069_0244_1108_12-007.jpg|RDC_SKU|2065|2542|2114|2674,1770341315069_0244_1108_12-007.jpg,1770341315069_0244_1108_12-007.json,100,RDC_SKU,,needs_review,,,,2065,2542,2114,2674,research_outputs/golden_dataset_local_tests/crops/1770341315069_0244_1108_12-007/100_RDC_SKU_2065_2542_2114_2674.jpg,research_outputs/golden_dataset_local_tests/label_overlays_expected_sku/1770341315069_0244_1108_12-007_labels.jpg,yes,1007437240,-10.0:1007437240|-5.0:1007437240|0.0:1007437240|5.0:1007437240|10.0:1007437240|180.0:1007437240,,
1770341315069_0244_1108_12-007.jpg|RDC_SKU|1920|2690|1964|2827,1770341315069_0244_1108_12-007.jpg,1770341315069_0244_1108_12-007.json,103,RDC_SKU,,needs_review,,,,1920,2690,1964,2827,research_outputs/golden_dataset_local_tests/crops/1770341315069_0244_1108_12-007/103_RDC_SKU_1920_2690_1964_2827.jpg,research_outputs/golden_dataset_local_tests/label_overlays_expected_sku/1770341315069_0244_1108_12-007_labels.jpg,yes,1007437203,5.0:437203,,
1770341315069_0244_1108_12-007.jpg|RDC_SKU|1900|2859|1961|2990,1770341315069_0244_1108_12-007.jpg,1770341315069_0244_1108_12-007.json,105,RDC_SKU,,needs_review,,,,1900,2859,1961,2990,research_outputs/golden_dataset_local_tests/crops/1770341315069_0244_1108_12-007/105_RDC_SKU_1900_2859_1961_2990.jpg,research_outputs/golden_dataset_local_tests/label_overlays_expected_sku/1770341315069_0244_1108_12-007_labels.jpg,yes,1007437248,-10.0:1007437248|-5.0:1007437248|0.0:1007437248|5.0:1007437248|10.0:1007437248|180.0:1007437248,,
1770341315069_0244_1108_12-007.jpg|RDC_SKU|2237|2804|2377|2862,1770341315069_0244_1108_12-007.jpg,1770341315069_0244_1108_12-007.json,109,RDC_SKU,,needs_review,,,,2237,2804,2377,2862,research_outputs/golden_dataset_local_tests/crops/1770341315069_0244_1108_12-007/109_RDC_SKU_2237_2804_2377_2862.jpg,research_outputs/golden_dataset_local_tests/label_overlays_expected_sku/1770341315069_0244_1108_12-007_labels.jpg,yes,1007471796,-10.0:1007471796|-5.0:1007471796|0.0:1007471796|5.0:1007471796|10.0:1007471796|180.0:1007471796,,
1770341315069_0244_1108_12-007.jpg|RDC_SKU|3165|2566|3212|2704,1770341315069_0244_1108_12-007.jpg,1770341315069_0244_1108_12-007.json,124,RDC_SKU,,needs_review,,,,3165,2566,3212,2704,research_outputs/golden_dataset_local_tests/crops/1770341315069_0244_1108_12-007/124_RDC_SKU_3165_2566_3212_2704.jpg,research_outputs/golden_dataset_local_tests/label_overlays_expected_sku/1770341315069_0244_1108_12-007_labels.jpg,yes,1007471001,5.0:1007471801|10.0:1007471801,,
1770341315069_0244_1108_12-007.jpg|RDC_SKU|2944|2804|2989|2878,1770341315069_0244_1108_12-007.jpg,1770341315069_0244_1108_12-007.json,129,RDC_SKU,,needs_review,,,,2944,2804,2989,2878,research_outputs/golden_dataset_local_tests/crops/1770341315069_0244_1108_12-007/129_RDC_SKU_2944_2804_2989_2878.jpg,research_outputs/golden_dataset_local_tests/label_overlays_expected_sku/1770341315069_0244_1108_12-007_labels.jpg,yes,,,,
1770341315069_0244_1108_12-007.jpg|RDC_SKU|3204|2735|3250|2872,1770341315069_0244_1108_12-007.jpg,1770341315069_0244_1108_12-007.json,133,RDC_SKU,,needs_review,,,,3204,2735,3250,2872,research_outputs/golden_dataset_local_tests/crops/1770341315069_0244_1108_12-007/133_RDC_SKU_3204_2735_3250_2872.jpg,research_outputs/golden_dataset_local_tests/label_overlays_expected_sku/1770341315069_0244_1108_12-007_labels.jpg,yes,1007471796,-5.0:1007471796|0.0:1007471796|5.0:1007471796|10.0:1007471796|180.0:1007471796,,
1770341315069_0244_1108_12-007.jpg|RDC_SKU|3182|2898|3227|3037,1770341315069_0244_1108_12-007.jpg,1770341315069_0244_1108_12-007.json,135,RDC_SKU,,needs_review,,,,3182,2898,3227,3037,research_outputs/golden_dataset_local_tests/crops/1770341315069_0244_1108_12-007/135_RDC_SKU_3182_2898_3227_3037.jpg,research_outputs/golden_dataset_local_tests/label_overlays_expected_sku/1770341315069_0244_1108_12-007_labels.jpg,yes,1007471801,,,
1770341315069_0244_1108_12-007.jpg|RDC_SKU|3364|2573|3422|2710,1770341315069_0244_1108_12-007.jpg,1770341315069_0244_1108_12-007.json,139,RDC_SKU,,needs_review,,,,3364,2573,3422,2710,research_outputs/golden_dataset_local_tests/crops/1770341315069_0244_1108_12-007/139_RDC_SKU_3364_2573_3422_2710.jpg,research_outputs/golden_dataset_local_tests/label_overlays_expected_sku/1770341315069_0244_1108_12-007_labels.jpg,yes,1007471830,,,
1770341315069_0244_1108_12-007.jpg|RDC_SKU|3342|2812|3387|2898,1770341315069_0244_1108_12-007.jpg,1770341315069_0244_1108_12-007.json,142,RDC_SKU,,needs_review,,,,3342,2812,3387,2898,research_outputs/golden_dataset_local_tests/crops/1770341315069_0244_1108_12-007/142_RDC_SKU_3342_2812_3387_2898.jpg,research_outputs/golden_dataset_local_tests/label_overlays_expected_sku/1770341315069_0244_1108_12-007_labels.jpg,yes,,,,
1770341315069_0244_1108_12-007.jpg|RDC_SKU|3964|2716|4008|2807,1770341315069_0244_1108_12-007.jpg,1770341315069_0244_1108_12-007.json,151,RDC_SKU,,needs_review,,,,3964,2716,4008,2807,research_outputs/golden_dataset_local_tests/crops/1770341315069_0244_1108_12-007/151_RDC_SKU_3964_2716_4008_2807.jpg,research_outputs/golden_dataset_local_tests/label_overlays_expected_sku/1770341315069_0244_1108_12-007_labels.jpg,yes,134228,-5.0:134228|0.0:134228|5.0:134228|10.0:134228|180.0:134220,,
1770341315069_0244_1108_12-007.jpg|RDC_SKU|4110|2897|4149|3003,1770341315069_0244_1108_12-007.jpg,1770341315069_0244_1108_12-007.json,154,RDC_SKU,,needs_review,,,,4110,2897,4149,3003,research_outputs/golden_dataset_local_tests/crops/1770341315069_0244_1108_12-007/154_RDC_SKU_4110_2897_4149_3003.jpg,research_outputs/golden_dataset_local_tests/label_overlays_expected_sku/1770341315069_0244_1108_12-007_labels.jpg,yes,134228,,,
1770341315069_0244_1108_12-007.jpg|RDC_SKU|4271|3916|4402|3956,1770341315069_0244_1108_12-007.jpg,1770341315069_0244_1108_12-007.json,161,RDC_SKU,,needs_review,,,,4271,3916,4402,3956,research_outputs/golden_dataset_local_tests/crops/1770341315069_0244_1108_12-007/161_RDC_SKU_4271_3916_4402_3956.jpg,research_outputs/golden_dataset_local_tests/label_overlays_expected_sku/1770341315069_0244_1108_12-007_labels.jpg,yes,540678,-5.0:540678,,
1770341315069_0244_1108_12-007.jpg|RDC_SKU|4276|4054|4411|4102,1770341315069_0244_1108_12-007.jpg,1770341315069_0244_1108_12-007.json,163,RDC_SKU,,needs_review,,,,4276,4054,4411,4102,research_outputs/golden_dataset_local_tests/crops/1770341315069_0244_1108_12-007/163_RDC_SKU_4276_4054_4411_4102.jpg,research_outputs/golden_dataset_local_tests/label_overlays_expected_sku/1770341315069_0244_1108_12-007_labels.jpg,yes,1005406781,-10.0:1005401781|0.0:1005406781|10.0:1005406781|180.0:1005406781,,
1770341315069_0244_1108_12-007.jpg|RDC_SKU|4510|3815|4652|3855,1770341315069_0244_1108_12-007.jpg,1770341315069_0244_1108_12-007.json,165,RDC_SKU,,needs_review,,,,4510,3815,4652,3855,research_outputs/golden_dataset_local_tests/crops/1770341315069_0244_1108_12-007/165_RDC_SKU_4510_3815_4652_3855.jpg,research_outputs/golden_dataset_local_tests/label_overlays_expected_sku/1770341315069_0244_1108_12-007_labels.jpg,yes,100540,0.0:100540|180.0:100540,,
1770341315069_0244_1108_12-007.jpg|RDC_SKU|4504|3943|4641|3995,1770341315069_0244_1108_12-007.jpg,1770341315069_0244_1108_12-007.json,167,RDC_SKU,,needs_review,,,,4504,3943,4641,3995,research_outputs/golden_dataset_local_tests/crops/1770341315069_0244_1108_12-007/167_RDC_SKU_4504_3943_4641_3995.jpg,research_outputs/golden_dataset_local_tests/label_overlays_expected_sku/1770341315069_0244_1108_12-007_labels.jpg,yes,,,,
1770341315069_0244_1108_12-007.jpg|RDC_SKU|4485|4010|4608|4058,1770341315069_0244_1108_12-007.jpg,1770341315069_0244_1108_12-007.json,169,RDC_SKU,,needs_review,,,,4485,4010,4608,4058,research_outputs/golden_dataset_local_tests/crops/1770341315069_0244_1108_12-007/169_RDC_SKU_4485_4010_4608_4058.jpg,research_outputs/golden_dataset_local_tests/label_overlays_expected_sku/1770341315069_0244_1108_12-007_labels.jpg,yes,,,,
1770341315069_0244_1108_12-007.jpg|RDC_SKU|4195|4463|4342|4510,1770341315069_0244_1108_12-007.jpg,1770341315069_0244_1108_12-007.json,171,RDC_SKU,,needs_review,,,,4195,4463,4342,4510,research_outputs/golden_dataset_local_tests/crops/1770341315069_0244_1108_12-007/171_RDC_SKU_4195_4463_4342_4510.jpg,research_outputs/golden_dataset_local_tests/label_overlays_expected_sku/1770341315069_0244_1108_12-007_labels.jpg,yes,1007437247,-10.0:1007437247|-5.0:1007437247|0.0:1007437247|5.0:1007437247|10.0:1007437247|180.0:1007437247,,
1770341315069_0244_1108_12-007.jpg|Handwritte_SKU|3161|1171|3349|1237,1770341315069_0244_1108_12-007.jpg,1770341315069_0244_1108_12-007.json,178,Handwritte_SKU,,needs_review,,,,3161,1171,3349,1237,research_outputs/golden_dataset_local_tests/crops/1770341315069_0244_1108_12-007/178_Handwritte_SKU_3161_1171_3349_1237.jpg,research_outputs/golden_dataset_local_tests/label_overlays_expected_sku/1770341315069_0244_1108_12-007_labels.jpg,yes,233076,-10.0:233076|5.0:233076,,
1770341315069_0244_1108_12-007.jpg|Handwritte_SKU|3061|1001|3391|1086,1770341315069_0244_1108_12-007.jpg,1770341315069_0244_1108_12-007.json,186,Handwritte_SKU,,needs_review,,,,3061,1001,3391,1086,research_outputs/golden_dataset_local_tests/crops/1770341315069_0244_1108_12-007/186_Handwritte_SKU_3061_1001_3391_1086.jpg,research_outputs/golden_dataset_local_tests/label_overlays_expected_sku/1770341315069_0244_1108_12-007_labels.jpg,yes,0000233672,-10.0:0000233672|5.0:233672,,
1770341315069_0244_1108_12-007.jpg|Handwritte_SKU|4171|1838|4256|1983,1770341315069_0244_1108_12-007.jpg,1770341315069_0244_1108_12-007.json,321,Handwritte_SKU,,needs_review,,,,4171,1838,4256,1983,research_outputs/golden_dataset_local_tests/crops/1770341315069_0244_1108_12-007/321_Handwritte_SKU_4171_1838_4256_1983.jpg,research_outputs/golden_dataset_local_tests/label_overlays_expected_sku/1770341315069_0244_1108_12-007_labels.jpg,yes,,,,
1770341315069_0244_1108_12-007.jpg|Handwritte_SKU|4197|2042|4271|2209,1770341315069_0244_1108_12-007.jpg,1770341315069_0244_1108_12-007.json,323,Handwritte_SKU,,needs_review,,,,4197,2042,4271,2209,research_outputs/golden_dataset_local_tests/crops/1770341315069_0244_1108_12-007/323_Handwritte_SKU_4197_2042_4271_2209.jpg,research_outputs/golden_dataset_local_tests/label_overlays_expected_sku/1770341315069_0244_1108_12-007_labels.jpg,yes,,,,
1770341315069_0244_1108_12-007.jpg|Handwritte_SKU|3983|2054|4037|2179,1770341315069_0244_1108_12-007.jpg,1770341315069_0244_1108_12-007.json,325,Handwritte_SKU,,needs_review,,,,3983,2054,4037,2179,research_outputs/golden_dataset_local_tests/crops/1770341315069_0244_1108_12-007/325_Handwritte_SKU_3983_2054_4037_2179.jpg,research_outputs/golden_dataset_local_tests/label_overlays_expected_sku/1770341315069_0244_1108_12-007_labels.jpg,yes,,,,
1770341315069_0244_1108_12-007.jpg|RDC_SKU|2941|2957|2992|3039,1770341315069_0244_1108_12-007.jpg,1770341315069_0244_1108_12-007.json,387,RDC_SKU,,needs_review,,,,2941,2957,2992,3039,research_outputs/golden_dataset_local_tests/crops/1770341315069_0244_1108_12-007/387_RDC_SKU_2941_2957_2992_3039.jpg,research_outputs/golden_dataset_local_tests/label_overlays_expected_sku/1770341315069_0244_1108_12-007_labels.jpg,yes,,,,
1770341315069_0244_1108_12-007.jpg|RDC_SKU|3395|2409|3442|2485,1770341315069_0244_1108_12-007.jpg,1770341315069_0244_1108_12-007.json,420,RDC_SKU,,needs_review,,,,3395,2409,3442,2485,research_outputs/golden_dataset_local_tests/crops/1770341315069_0244_1108_12-007/420_RDC_SKU_3395_2409_3442_2485.jpg,research_outputs/golden_dataset_local_tests/label_overlays_expected_sku/1770341315069_0244_1108_12-007_labels.jpg,yes,,,,
1770341315069_0244_1111_12-008.jpg|Pallet_SKU|2549|767|2994|914,1770341315069_0244_1111_12-008.jpg,1770341315069_0244_1111_12-008.json,0,Pallet_SKU,,needs_review,,,,2549,767,2994,914,research_outputs/golden_dataset_local_tests/crops/1770341315069_0244_1111_12-008/000_Pallet_SKU_2549_767_2994_914.jpg,research_outputs/golden_dataset_local_tests/label_overlays_expected_sku/1770341315069_0244_1111_12-008_labels.jpg,yes,1000055374,-10.0:1000055374|-5.0:1000055374|0.0:1000055374|5.0:1000055374|10.0:1000055374|180.0:1000055374,,
1770341315069_0244_1111_12-008.jpg|Pallet_SKU|3500|607|3798|672,1770341315069_0244_1111_12-008.jpg,1770341315069_0244_1111_12-008.json,2,Pallet_SKU,,needs_review,,,,3500,607,3798,672,research_outputs/golden_dataset_local_tests/crops/1770341315069_0244_1111_12-008/002_Pallet_SKU_3500_607_3798_672.jpg,research_outputs/golden_dataset_local_tests/label_overlays_expected_sku/1770341315069_0244_1111_12-008_labels.jpg,yes,1013597644,-10.0:1013597644|-5.0:1013597644|0.0:1013597644|5.0:1013597644|10.0:1013597644|180.0:1013597644,,
1770341315069_0244_1111_12-008.jpg|Pallet_SKU|3513|669|3807|744,1770341315069_0244_1111_12-008.jpg,1770341315069_0244_1111_12-008.json,3,Pallet_SKU,,needs_review,,,,3513,669,3807,744,research_outputs/golden_dataset_local_tests/crops/1770341315069_0244_1111_12-008/003_Pallet_SKU_3513_669_3807_744.jpg,research_outputs/golden_dataset_local_tests/label_overlays_expected_sku/1770341315069_0244_1111_12-008_labels.jpg,yes,1014585145,-10.0:1014585145|-5.0:1014585145|0.0:1014585145|5.0:1014585145|10.0:1014585145|180.0:1014585145,,
1770341315069_0244_1111_12-008.jpg|Pallet_SKU|3451|0|3711|50,1770341315069_0244_1111_12-008.jpg,1770341315069_0244_1111_12-008.json,41,Pallet_SKU,,needs_review,,,,3451,0,3711,50,research_outputs/golden_dataset_local_tests/crops/1770341315069_0244_1111_12-008/041_Pallet_SKU_3451_0_3711_50.jpg,research_outputs/golden_dataset_local_tests/label_overlays_expected_sku/1770341315069_0244_1111_12-008_labels.jpg,yes,1013955113,-10.0:1013955113|-5.0:1013955113|0.0:101395|5.0:1013955113|10.0:1013955113|180.0:1013955113,,
1770341315069_0244_1111_12-008.jpg|Other_SKU|4160|2742|4312|2813,1770341315069_0244_1111_12-008.jpg,1770341315069_0244_1111_12-008.json,51,Other_SKU,,needs_review,,,,4160,2742,4312,2813,research_outputs/golden_dataset_local_tests/crops/1770341315069_0244_1111_12-008/051_Other_SKU_4160_2742_4312_2813.jpg,research_outputs/golden_dataset_local_tests/label_overlays_expected_sku/1770341315069_0244_1111_12-008_labels.jpg,yes,927562,-10.0:927562|-5.0:927562|0.0:927562|5.0:927562|10.0:927562|180.0:927562,,
1770341315069_0244_1111_12-008.jpg|Other_SKU|1975|2939|2103|2995,1770341315069_0244_1111_12-008.jpg,1770341315069_0244_1111_12-008.json,54,Other_SKU,,needs_review,,,,1975,2939,2103,2995,research_outputs/golden_dataset_local_tests/crops/1770341315069_0244_1111_12-008/054_Other_SKU_1975_2939_2103_2995.jpg,research_outputs/golden_dataset_local_tests/label_overlays_expected_sku/1770341315069_0244_1111_12-008_labels.jpg,yes,544189,-10.0:544189|-5.0:544189|0.0:544189|5.0:544189|10.0:544189|180.0:544189,,
1770341315069_0244_1111_12-008.jpg|Other_SKU|1818|2892|1951|2948,1770341315069_0244_1111_12-008.jpg,1770341315069_0244_1111_12-008.json,56,Other_SKU,,needs_review,,,,1818,2892,1951,2948,research_outputs/golden_dataset_local_tests/crops/1770341315069_0244_1111_12-008/056_Other_SKU_1818_2892_1951_2948.jpg,research_outputs/golden_dataset_local_tests/label_overlays_expected_sku/1770341315069_0244_1111_12-008_labels.jpg,yes,544189,-10.0:544189|-5.0:544189|0.0:544189|5.0:544189|10.0:544189|180.0:544189,,
1770341315069_0244_1138_12-009.jpg|RDC_SKU|2364|1090|2435|1126,1770341315069_0244_1138_12-009.jpg,1770341315069_0244_1138_12-009.json,4,RDC_SKU,,needs_review,,,,2364,1090,2435,1126,research_outputs/golden_dataset_local_tests/crops/1770341315069_0244_1138_12-009/004_RDC_SKU_2364_1090_2435_1126.jpg,research_outputs/golden_dataset_local_tests/label_overlays_expected_sku/1770341315069_0244_1138_12-009_labels.jpg,yes,,,,
1770341315069_0244_1138_12-009.jpg|RDC_SKU|3361|1068|3483|1112,1770341315069_0244_1138_12-009.jpg,1770341315069_0244_1138_12-009.json,9,RDC_SKU,,needs_review,,,,3361,1068,3483,1112,research_outputs/golden_dataset_local_tests/crops/1770341315069_0244_1138_12-009/009_RDC_SKU_3361_1068_3483_1112.jpg,research_outputs/golden_dataset_local_tests/label_overlays_expected_sku/1770341315069_0244_1138_12-009_labels.jpg,yes,,,,
1770341315069_0244_1138_12-009.jpg|RDC_SKU|3701|1101|3829|1152,1770341315069_0244_1138_12-009.jpg,1770341315069_0244_1138_12-009.json,12,RDC_SKU,,needs_review,,,,3701,1101,3829,1152,research_outputs/golden_dataset_local_tests/crops/1770341315069_0244_1138_12-009/012_RDC_SKU_3701_1101_3829_1152.jpg,research_outputs/golden_dataset_local_tests/label_overlays_expected_sku/1770341315069_0244_1138_12-009_labels.jpg,yes,,,,
1770341315069_0244_1138_12-009.jpg|Handwritte_SKU|3978|1158|4132|1198,1770341315069_0244_1138_12-009.jpg,1770341315069_0244_1138_12-009.json,17,Handwritte_SKU,,needs_review,,,,3978,1158,4132,1198,research_outputs/golden_dataset_local_tests/crops/1770341315069_0244_1138_12-009/017_Handwritte_SKU_3978_1158_4132_1198.jpg,research_outputs/golden_dataset_local_tests/label_overlays_expected_sku/1770341315069_0244_1138_12-009_labels.jpg,yes,,,,
1770341315069_0244_1138_12-009.jpg|Handwritte_SKU|3927|939|4089|979,1770341315069_0244_1138_12-009.jpg,1770341315069_0244_1138_12-009.json,19,Handwritte_SKU,,needs_review,,,,3927,939,4089,979,research_outputs/golden_dataset_local_tests/crops/1770341315069_0244_1138_12-009/019_Handwritte_SKU_3927_939_4089_979.jpg,research_outputs/golden_dataset_local_tests/label_overlays_expected_sku/1770341315069_0244_1138_12-009_labels.jpg,yes,,,,
1770341315069_0244_1138_12-009.jpg|RDC_SKU|1568|1478|1622|1609,1770341315069_0244_1138_12-009.jpg,1770341315069_0244_1138_12-009.json,27,RDC_SKU,,needs_review,,,,1568,1478,1622,1609,research_outputs/golden_dataset_local_tests/crops/1770341315069_0244_1138_12-009/027_RDC_SKU_1568_1478_1622_1609.jpg,research_outputs/golden_dataset_local_tests/label_overlays_expected_sku/1770341315069_0244_1138_12-009_labels.jpg,yes,1003274030,0.0:1003274030|5.0:1003274030|10.0:1003274030|180.0:1003274030,,
1770341315069_0244_1138_12-009.jpg|Other_SKU|3635|2932|3747|2986,1770341315069_0244_1138_12-009.jpg,1770341315069_0244_1138_12-009.json,72,Other_SKU,,needs_review,,,,3635,2932,3747,2986,research_outputs/golden_dataset_local_tests/crops/1770341315069_0244_1138_12-009/072_Other_SKU_3635_2932_3747_2986.jpg,research_outputs/golden_dataset_local_tests/label_overlays_expected_sku/1770341315069_0244_1138_12-009_labels.jpg,yes,290059,-10.0:290059|-5.0:290059|0.0:290059|5.0:290059|10.0:290059|180.0:290059,,
1770341315069_0244_1138_12-009.jpg|RDC_SKU|750|2744|841|2787,1770341315069_0244_1138_12-009.jpg,1770341315069_0244_1138_12-009.json,74,RDC_SKU,,needs_review,,,,750,2744,841,2787,research_outputs/golden_dataset_local_tests/crops/1770341315069_0244_1138_12-009/074_RDC_SKU_750_2744_841_2787.jpg,research_outputs/golden_dataset_local_tests/label_overlays_expected_sku/1770341315069_0244_1138_12-009_labels.jpg,yes,,,,
1770341315069_0244_1138_12-009.jpg|RDC_SKU|1992|2706|2146|2752,1770341315069_0244_1138_12-009.jpg,1770341315069_0244_1138_12-009.json,76,RDC_SKU,,needs_review,,,,1992,2706,2146,2752,research_outputs/golden_dataset_local_tests/crops/1770341315069_0244_1138_12-009/076_RDC_SKU_1992_2706_2146_2752.jpg,research_outputs/golden_dataset_local_tests/label_overlays_expected_sku/1770341315069_0244_1138_12-009_labels.jpg,yes,,,,
1770341315069_0244_1138_12-009.jpg|RDC_SKU|2287|2906|2331|2995,1770341315069_0244_1138_12-009.jpg,1770341315069_0244_1138_12-009.json,78,RDC_SKU,,needs_review,,,,2287,2906,2331,2995,research_outputs/golden_dataset_local_tests/crops/1770341315069_0244_1138_12-009/078_RDC_SKU_2287_2906_2331_2995.jpg,research_outputs/golden_dataset_local_tests/label_overlays_expected_sku/1770341315069_0244_1138_12-009_labels.jpg,yes,193758,,,
1770341315069_0244_1138_12-009.jpg|RDC_SKU|2315|2698|2358|2794,1770341315069_0244_1138_12-009.jpg,1770341315069_0244_1138_12-009.json,80,RDC_SKU,,needs_review,,,,2315,2698,2358,2794,research_outputs/golden_dataset_local_tests/crops/1770341315069_0244_1138_12-009/080_RDC_SKU_2315_2698_2358_2794.jpg,research_outputs/golden_dataset_local_tests/label_overlays_expected_sku/1770341315069_0244_1138_12-009_labels.jpg,yes,,,,
1770341315069_0244_1138_12-009.jpg|RDC_SKU|3165|2819|3307|2886,1770341315069_0244_1138_12-009.jpg,1770341315069_0244_1138_12-009.json,82,RDC_SKU,,needs_review,,,,3165,2819,3307,2886,research_outputs/golden_dataset_local_tests/crops/1770341315069_0244_1138_12-009/082_RDC_SKU_3165_2819_3307_2886.jpg,research_outputs/golden_dataset_local_tests/label_overlays_expected_sku/1770341315069_0244_1138_12-009_labels.jpg,yes,1005274837,-10.0:1003274837|-5.0:1003274837|0.0:1003274837|5.0:1003274837|10.0:1003274837|180.0:1003274837,,
1770341315069_0244_1138_12-009.jpg|RDC_SKU|3397|3019|3539|3062,1770341315069_0244_1138_12-009.jpg,1770341315069_0244_1138_12-009.json,84,RDC_SKU,,needs_review,,,,3397,3019,3539,3062,research_outputs/golden_dataset_local_tests/crops/1770341315069_0244_1138_12-009/084_RDC_SKU_3397_3019_3539_3062.jpg,research_outputs/golden_dataset_local_tests/label_overlays_expected_sku/1770341315069_0244_1138_12-009_labels.jpg,yes,1005193762,-10.0:1005193762|-5.0:1005193762|0.0:1005193762|5.0:1005193762|10.0:1005193762|180.0:2946619001,,
1770341315069_0244_1138_12-009.jpg|RDC_SKU|3416|2710|3560|2762,1770341315069_0244_1138_12-009.jpg,1770341315069_0244_1138_12-009.json,86,RDC_SKU,,needs_review,,,,3416,2710,3560,2762,research_outputs/golden_dataset_local_tests/crops/1770341315069_0244_1138_12-009/086_RDC_SKU_3416_2710_3560_2762.jpg,research_outputs/golden_dataset_local_tests/label_overlays_expected_sku/1770341315069_0244_1138_12-009_labels.jpg,yes,1083274861,-10.0:1003274861|-5.0:1003274861|0.0:1083274861|5.0:1083274861|10.0:1003274861|180.0:1083274861,,
1770341315069_0244_1138_12-009.jpg|RDC_SKU|3626|2732|3721|2786,1770341315069_0244_1138_12-009.jpg,1770341315069_0244_1138_12-009.json,88,RDC_SKU,,needs_review,,,,3626,2732,3721,2786,research_outputs/golden_dataset_local_tests/crops/1770341315069_0244_1138_12-009/088_RDC_SKU_3626_2732_3721_2786.jpg,research_outputs/golden_dataset_local_tests/label_overlays_expected_sku/1770341315069_0244_1138_12-009_labels.jpg,yes,290859,-10.0:290059|-5.0:290059|0.0:290059|5.0:290059|10.0:290059|180.0:290059,,
1770341315069_0244_1138_12-009.jpg|RDC_SKU|3559|2011|3614|2161,1770341315069_0244_1138_12-009.jpg,1770341315069_0244_1138_12-009.json,90,RDC_SKU,,needs_review,,,,3559,2011,3614,2161,research_outputs/golden_dataset_local_tests/crops/1770341315069_0244_1138_12-009/090_RDC_SKU_3559_2011_3614_2161.jpg,research_outputs/golden_dataset_local_tests/label_overlays_expected_sku/1770341315069_0244_1138_12-009_labels.jpg,yes,1003274861,-5.0:1003274861|0.0:1003274861|5.0:1003274851|10.0:1003274851|180.0:1003274861,,
1770341315069_0244_1138_12-009.jpg|RDC_SKU|3435|1751|3576|1803,1770341315069_0244_1138_12-009.jpg,1770341315069_0244_1138_12-009.json,92,RDC_SKU,,needs_review,,,,3435,1751,3576,1803,research_outputs/golden_dataset_local_tests/crops/1770341315069_0244_1138_12-009/092_RDC_SKU_3435_1751_3576_1803.jpg,research_outputs/golden_dataset_local_tests/label_overlays_expected_sku/1770341315069_0244_1138_12-009_labels.jpg,yes,,,,
1770341315069_0244_1138_12-009.jpg|Other_SKU|3111|2054|3154|2142,1770341315069_0244_1138_12-009.jpg,1770341315069_0244_1138_12-009.json,94,Other_SKU,,needs_review,,,,3111,2054,3154,2142,research_outputs/golden_dataset_local_tests/crops/1770341315069_0244_1138_12-009/094_Other_SKU_3111_2054_3154_2142.jpg,research_outputs/golden_dataset_local_tests/label_overlays_expected_sku/1770341315069_0244_1138_12-009_labels.jpg,yes,100327,,,
1770341315069_0244_1138_12-009.jpg|RDC_SKU|2941|2010|3017|2151,1770341315069_0244_1138_12-009.jpg,1770341315069_0244_1138_12-009.json,96,RDC_SKU,,needs_review,,,,2941,2010,3017,2151,research_outputs/golden_dataset_local_tests/crops/1770341315069_0244_1138_12-009/096_RDC_SKU_2941_2010_3017_2151.jpg,research_outputs/golden_dataset_local_tests/label_overlays_expected_sku/1770341315069_0244_1138_12-009_labels.jpg,yes,1003274830,-10.0:1003274830|-5.0:1003274830|0.0:1003274830|5.0:1003274830|10.0:1003274830|180.0:1003274830,,
1770341315069_0244_1138_12-009.jpg|RDC_SKU|2846|1885|2985|1929,1770341315069_0244_1138_12-009.jpg,1770341315069_0244_1138_12-009.json,98,RDC_SKU,,needs_review,,,,2846,1885,2985,1929,research_outputs/golden_dataset_local_tests/crops/1770341315069_0244_1138_12-009/098_RDC_SKU_2846_1885_2985_1929.jpg,research_outputs/golden_dataset_local_tests/label_overlays_expected_sku/1770341315069_0244_1138_12-009_labels.jpg,yes,,,,
1770341315069_0244_1138_12-009.jpg|RDC_SKU|2684|1987|2736|2117,1770341315069_0244_1138_12-009.jpg,1770341315069_0244_1138_12-009.json,100,RDC_SKU,,needs_review,,,,2684,1987,2736,2117,research_outputs/golden_dataset_local_tests/crops/1770341315069_0244_1138_12-009/100_RDC_SKU_2684_1987_2736_2117.jpg,research_outputs/golden_dataset_local_tests/label_overlays_expected_sku/1770341315069_0244_1138_12-009_labels.jpg,yes,1003274861,-5.0:332746|5.0:1003274861,,
1770341315069_0244_1138_12-009.jpg|RDC_SKU|2567|1825|2706|1870,1770341315069_0244_1138_12-009.jpg,1770341315069_0244_1138_12-009.json,102,RDC_SKU,,needs_review,,,,2567,1825,2706,1870,research_outputs/golden_dataset_local_tests/crops/1770341315069_0244_1138_12-009/102_RDC_SKU_2567_1825_2706_1870.jpg,research_outputs/golden_dataset_local_tests/label_overlays_expected_sku/1770341315069_0244_1138_12-009_labels.jpg,yes,,,,
1770341315069_0244_1138_12-009.jpg|RDC_SKU|2343|1717|2485|1757,1770341315069_0244_1138_12-009.jpg,1770341315069_0244_1138_12-009.json,104,RDC_SKU,,needs_review,,,,2343,1717,2485,1757,research_outputs/golden_dataset_local_tests/crops/1770341315069_0244_1138_12-009/104_RDC_SKU_2343_1717_2485_1757.jpg,research_outputs/golden_dataset_local_tests/label_overlays_expected_sku/1770341315069_0244_1138_12-009_labels.jpg,yes,,,,
1770341315069_0244_1138_12-009.jpg|RDC_SKU|2321|2014|2460|2052,1770341315069_0244_1138_12-009.jpg,1770341315069_0244_1138_12-009.json,106,RDC_SKU,,needs_review,,,,2321,2014,2460,2052,research_outputs/golden_dataset_local_tests/crops/1770341315069_0244_1138_12-009/106_RDC_SKU_2321_2014_2460_2052.jpg,research_outputs/golden_dataset_local_tests/label_overlays_expected_sku/1770341315069_0244_1138_12-009_labels.jpg,yes,,,,
1770341315069_0244_1138_12-009.jpg|Other_SKU|2337|1654|2484|1695,1770341315069_0244_1138_12-009.jpg,1770341315069_0244_1138_12-009.json,108,Other_SKU,,needs_review,,,,2337,1654,2484,1695,research_outputs/golden_dataset_local_tests/crops/1770341315069_0244_1138_12-009/108_Other_SKU_2337_1654_2484_1695.jpg,research_outputs/golden_dataset_local_tests/label_overlays_expected_sku/1770341315069_0244_1138_12-009_labels.jpg,yes,745301,,,
1770341315069_0244_1138_12-009.jpg|RDC_SKU|2049|1779|2187|1820,1770341315069_0244_1138_12-009.jpg,1770341315069_0244_1138_12-009.json,110,RDC_SKU,,needs_review,,,,2049,1779,2187,1820,research_outputs/golden_dataset_local_tests/crops/1770341315069_0244_1138_12-009/110_RDC_SKU_2049_1779_2187_1820.jpg,research_outputs/golden_dataset_local_tests/label_overlays_expected_sku/1770341315069_0244_1138_12-009_labels.jpg,yes,,,,
1770341315069_0244_1138_12-009.jpg|RDC_SKU|1785|1831|1879|1878,1770341315069_0244_1138_12-009.jpg,1770341315069_0244_1138_12-009.json,112,RDC_SKU,,needs_review,,,,1785,1831,1879,1878,research_outputs/golden_dataset_local_tests/crops/1770341315069_0244_1138_12-009/112_RDC_SKU_1785_1831_1879_1878.jpg,research_outputs/golden_dataset_local_tests/label_overlays_expected_sku/1770341315069_0244_1138_12-009_labels.jpg,yes,,,,
1770341315069_0244_1138_12-009.jpg|Other_SKU|1520|1925|1568|2017,1770341315069_0244_1138_12-009.jpg,1770341315069_0244_1138_12-009.json,114,Other_SKU,,needs_review,,,,1520,1925,1568,2017,research_outputs/golden_dataset_local_tests/crops/1770341315069_0244_1138_12-009/114_Other_SKU_1520_1925_1568_2017.jpg,research_outputs/golden_dataset_local_tests/label_overlays_expected_sku/1770341315069_0244_1138_12-009_labels.jpg,yes,100327,,,
1770341315069_0244_1140_12-010.jpg|Pallet_SKU|1147|304|1468|423,1770341315069_0244_1140_12-010.jpg,1770341315069_0244_1140_12-010.json,0,Pallet_SKU,,needs_review,,,,1147,304,1468,423,research_outputs/golden_dataset_local_tests/crops/1770341315069_0244_1140_12-010/000_Pallet_SKU_1147_304_1468_423.jpg,research_outputs/golden_dataset_local_tests/label_overlays_expected_sku/1770341315069_0244_1140_12-010_labels.jpg,yes,1000300224,-10.0:1000300224|-5.0:1000300224|0.0:1000300224|5.0:1000300224|10.0:1000300224|180.0:1000300224,,
1770341315069_0244_1140_12-010.jpg|Pallet_SKU|1772|169|2123|278,1770341315069_0244_1140_12-010.jpg,1770341315069_0244_1140_12-010.json,2,Pallet_SKU,,needs_review,,,,1772,169,2123,278,research_outputs/golden_dataset_local_tests/crops/1770341315069_0244_1140_12-010/002_Pallet_SKU_1772_169_2123_278.jpg,research_outputs/golden_dataset_local_tests/label_overlays_expected_sku/1770341315069_0244_1140_12-010_labels.jpg,yes,1000300224,-10.0:1000300224|-5.0:1000300224|0.0:1000300224|5.0:1000300224|10.0:1000300224|180.0:1000300224,,
1770341315069_0244_1140_12-010.jpg|Other_SKU|947|2918|1064|2963,1770341315069_0244_1140_12-010.jpg,1770341315069_0244_1140_12-010.json,45,Other_SKU,,needs_review,,,,947,2918,1064,2963,research_outputs/golden_dataset_local_tests/crops/1770341315069_0244_1140_12-010/045_Other_SKU_947_2918_1064_2963.jpg,research_outputs/golden_dataset_local_tests/label_overlays_expected_sku/1770341315069_0244_1140_12-010_labels.jpg,yes,,,,
1770341315069_0244_1140_12-010.jpg|Other_SKU|1340|2795|1454|2842,1770341315069_0244_1140_12-010.jpg,1770341315069_0244_1140_12-010.json,49,Other_SKU,,needs_review,,,,1340,2795,1454,2842,research_outputs/golden_dataset_local_tests/crops/1770341315069_0244_1140_12-010/049_Other_SKU_1340_2795_1454_2842.jpg,research_outputs/golden_dataset_local_tests/label_overlays_expected_sku/1770341315069_0244_1140_12-010_labels.jpg,yes,543804,-10.0:543804|-5.0:543804|0.0:543804|5.0:543804|10.0:543804|180.0:543804,,
1770341315069_0244_1140_12-010.jpg|Pallet_SKU|2467|94|2827|195,1770341315069_0244_1140_12-010.jpg,1770341315069_0244_1140_12-010.json,118,Pallet_SKU,,needs_review,,,,2467,94,2827,195,research_outputs/golden_dataset_local_tests/crops/1770341315069_0244_1140_12-010/118_Pallet_SKU_2467_94_2827_195.jpg,research_outputs/golden_dataset_local_tests/label_overlays_expected_sku/1770341315069_0244_1140_12-010_labels.jpg,yes,1000300224,-10.0:1000300224|-5.0:1000300224|0.0:1000300224|5.0:1000300224|10.0:1000300224|180.0:1000300224,,
1770341315069_0244_1140_12-010.jpg|Pallet_SKU|1065|959|1412|1077,1770341315069_0244_1140_12-010.jpg,1770341315069_0244_1140_12-010.json,120,Pallet_SKU,,needs_review,,,,1065,959,1412,1077,research_outputs/golden_dataset_local_tests/crops/1770341315069_0244_1140_12-010/120_Pallet_SKU_1065_959_1412_1077.jpg,research_outputs/golden_dataset_local_tests/label_overlays_expected_sku/1770341315069_0244_1140_12-010_labels.jpg,yes,1008974340,-10.0:1008974340|-5.0:1008974340|0.0:1008974340|5.0:1008974340|10.0:1008974340|180.0:1008974340,,
1770341315069_0244_1140_12-010.jpg|Pallet_SKU|1723|848|2098|968,1770341315069_0244_1140_12-010.jpg,1770341315069_0244_1140_12-010.json,122,Pallet_SKU,,needs_review,,,,1723,848,2098,968,research_outputs/golden_dataset_local_tests/crops/1770341315069_0244_1140_12-010/122_Pallet_SKU_1723_848_2098_968.jpg,research_outputs/golden_dataset_local_tests/label_overlays_expected_sku/1770341315069_0244_1140_12-010_labels.jpg,yes,1008974340,-10.0:1008974340|-5.0:1008974340|0.0:1008974340|5.0:1008974340|10.0:1008974340|180.0:1008974340,,
1770341315069_0244_1140_12-010.jpg|Pallet_SKU|2425|742|2829|854,1770341315069_0244_1140_12-010.jpg,1770341315069_0244_1140_12-010.json,124,Pallet_SKU,,needs_review,,,,2425,742,2829,854,research_outputs/golden_dataset_local_tests/crops/1770341315069_0244_1140_12-010/124_Pallet_SKU_2425_742_2829_854.jpg,research_outputs/golden_dataset_local_tests/label_overlays_expected_sku/1770341315069_0244_1140_12-010_labels.jpg,yes,1008974340,-10.0:1008974340|-5.0:1008974340|0.0:1008974340|5.0:1008974340|10.0:1008974340|180.0:1008974340,,
1770341315069_0244_1140_12-010.jpg|Pallet_SKU|3272|693|3661|809,1770341315069_0244_1140_12-010.jpg,1770341315069_0244_1140_12-010.json,126,Pallet_SKU,,needs_review,,,,3272,693,3661,809,research_outputs/golden_dataset_local_tests/crops/1770341315069_0244_1140_12-010/126_Pallet_SKU_3272_693_3661_809.jpg,research_outputs/golden_dataset_local_tests/label_overlays_expected_sku/1770341315069_0244_1140_12-010_labels.jpg,yes,1014585141,-10.0:1014585141|-5.0:1014585141|0.0:1014585141|5.0:1014585141|10.0:1014585141|180.0:1014585141,,
1770341315069_0244_1140_12-010.jpg|Pallet_SKU|4007|753|4289|828,1770341315069_0244_1140_12-010.jpg,1770341315069_0244_1140_12-010.json,128,Pallet_SKU,,needs_review,,,,4007,753,4289,828,research_outputs/golden_dataset_local_tests/crops/1770341315069_0244_1140_12-010/128_Pallet_SKU_4007_753_4289_828.jpg,research_outputs/golden_dataset_local_tests/label_overlays_expected_sku/1770341315069_0244_1140_12-010_labels.jpg,yes,1014674772,-10.0:1014674772|-5.0:1014674772|0.0:1014674772|5.0:1014674772|10.0:1014674772|180.0:1014674772,,
1770341315069_0244_1140_12-010.jpg|Pallet_SKU|4003|696|4270|769,1770341315069_0244_1140_12-010.jpg,1770341315069_0244_1140_12-010.json,129,Pallet_SKU,,needs_review,,,,4003,696,4270,769,research_outputs/golden_dataset_local_tests/crops/1770341315069_0244_1140_12-010/129_Pallet_SKU_4003_696_4270_769.jpg,research_outputs/golden_dataset_local_tests/label_overlays_expected_sku/1770341315069_0244_1140_12-010_labels.jpg,yes,1014674771,-10.0:1014674771|-5.0:1014674771|0.0:1014674771|5.0:1014674771|10.0:1014674771|180.0:1014674771,,
1770341315069_0244_1140_12-010.jpg|Printed_on_Box_SKU|3666|377|3911|428,1770341315069_0244_1140_12-010.jpg,1770341315069_0244_1140_12-010.json,131,Printed_on_Box_SKU,,needs_review,,,,3666,377,3911,428,research_outputs/golden_dataset_local_tests/crops/1770341315069_0244_1140_12-010/131_Printed_on_Box_SKU_3666_377_3911_428.jpg,research_outputs/golden_dataset_local_tests/label_overlays_expected_sku/1770341315069_0244_1140_12-010_labels.jpg,yes,,,,
1770341315069_0244_1140_12-010.jpg|Printed_on_Box_SKU|3687|458|3933|513,1770341315069_0244_1140_12-010.jpg,1770341315069_0244_1140_12-010.json,132,Printed_on_Box_SKU,,needs_review,,,,3687,458,3933,513,research_outputs/golden_dataset_local_tests/crops/1770341315069_0244_1140_12-010/132_Printed_on_Box_SKU_3687_458_3933_513.jpg,research_outputs/golden_dataset_local_tests/label_overlays_expected_sku/1770341315069_0244_1140_12-010_labels.jpg,yes,,,,
1770341315069_0244_1140_12-010.jpg|Printed_on_Box_SKU|2918|397|3344|498,1770341315069_0244_1140_12-010.jpg,1770341315069_0244_1140_12-010.json,134,Printed_on_Box_SKU,,needs_review,,,,2918,397,3344,498,research_outputs/golden_dataset_local_tests/crops/1770341315069_0244_1140_12-010/134_Printed_on_Box_SKU_2918_397_3344_498.jpg,research_outputs/golden_dataset_local_tests/label_overlays_expected_sku/1770341315069_0244_1140_12-010_labels.jpg,yes,,,,
1770341315069_0244_1140_12-010.jpg|Printed_on_Box_SKU|2179|431|2658|559,1770341315069_0244_1140_12-010.jpg,1770341315069_0244_1140_12-010.json,136,Printed_on_Box_SKU,,needs_review,,,,2179,431,2658,559,research_outputs/golden_dataset_local_tests/crops/1770341315069_0244_1140_12-010/136_Printed_on_Box_SKU_2179_431_2658_559.jpg,research_outputs/golden_dataset_local_tests/label_overlays_expected_sku/1770341315069_0244_1140_12-010_labels.jpg,yes,1008974340,-10.0:1008974340|-5.0:1008974340|0.0:1008974340|5.0:1008974340|10.0:1008974340|180.0:1008974340,,
1770341315069_0244_1140_12-010.jpg|Printed_on_Box_SKU|1534|543|1968|674,1770341315069_0244_1140_12-010.jpg,1770341315069_0244_1140_12-010.json,138,Printed_on_Box_SKU,,needs_review,,,,1534,543,1968,674,research_outputs/golden_dataset_local_tests/crops/1770341315069_0244_1140_12-010/138_Printed_on_Box_SKU_1534_543_1968_674.jpg,research_outputs/golden_dataset_local_tests/label_overlays_expected_sku/1770341315069_0244_1140_12-010_labels.jpg,yes,1008974340,-10.0:1008974340|-5.0:1008974340|0.0:1008974340|5.0:1008974340|10.0:1008974340|180.0:1008974340,,
1770341315069_0244_1140_12-010.jpg|Printed_on_Box_SKU|933|658|1336|783,1770341315069_0244_1140_12-010.jpg,1770341315069_0244_1140_12-010.json,140,Printed_on_Box_SKU,,needs_review,,,,933,658,1336,783,research_outputs/golden_dataset_local_tests/crops/1770341315069_0244_1140_12-010/140_Printed_on_Box_SKU_933_658_1336_783.jpg,research_outputs/golden_dataset_local_tests/label_overlays_expected_sku/1770341315069_0244_1140_12-010_labels.jpg,yes,1008974340,-10.0:1008974340|-5.0:1008974340|0.0:1008974340|5.0:1008974340|10.0:1008974340|180.0:1008974340,,
1770341315069_0244_1140_12-010.jpg|Printed_on_Box_SKU|1009|4|1296|110,1770341315069_0244_1140_12-010.jpg,1770341315069_0244_1140_12-010.json,142,Printed_on_Box_SKU,,needs_review,,,,1009,4,1296,110,research_outputs/golden_dataset_local_tests/crops/1770341315069_0244_1140_12-010/142_Printed_on_Box_SKU_1009_4_1296_110.jpg,research_outputs/golden_dataset_local_tests/label_overlays_expected_sku/1770341315069_0244_1140_12-010_labels.jpg,yes,,,,
1770341315069_0244_1165_12-011.jpg|RDC_SKU|944|1037|1037|1083,1770341315069_0244_1165_12-011.jpg,1770341315069_0244_1165_12-011.json,0,RDC_SKU,,needs_review,,,,944,1037,1037,1083,research_outputs/golden_dataset_local_tests/crops/1770341315069_0244_1165_12-011/000_RDC_SKU_944_1037_1037_1083.jpg,research_outputs/golden_dataset_local_tests/label_overlays_expected_sku/1770341315069_0244_1165_12-011_labels.jpg,yes,,,,
1770341315069_0244_1165_12-011.jpg|RDC_SKU|1293|1025|1387|1072,1770341315069_0244_1165_12-011.jpg,1770341315069_0244_1165_12-011.json,6,RDC_SKU,,needs_review,,,,1293,1025,1387,1072,research_outputs/golden_dataset_local_tests/crops/1770341315069_0244_1165_12-011/006_RDC_SKU_1293_1025_1387_1072.jpg,research_outputs/golden_dataset_local_tests/label_overlays_expected_sku/1770341315069_0244_1165_12-011_labels.jpg,yes,233671,-10.0:233671|-5.0:733671|0.0:233671|5.0:233671|10.0:233671|180.0:129607,,
1770341315069_0244_1165_12-011.jpg|Handwritte_SKU|2287|1040|2471|1099,1770341315069_0244_1165_12-011.jpg,1770341315069_0244_1165_12-011.json,16,Handwritte_SKU,,needs_review,,,,2287,1040,2471,1099,research_outputs/golden_dataset_local_tests/crops/1770341315069_0244_1165_12-011/016_Handwritte_SKU_2287_1040_2471_1099.jpg,research_outputs/golden_dataset_local_tests/label_overlays_expected_sku/1770341315069_0244_1165_12-011_labels.jpg,yes,233671,-10.0:233671|-5.0:233671|0.0:233671|5.0:233671|10.0:233671|180.0:233671,,
1770341315069_0244_1165_12-011.jpg|Handwritte_SKU|2302|785|2484|863,1770341315069_0244_1165_12-011.jpg,1770341315069_0244_1165_12-011.json,26,Handwritte_SKU,,needs_review,,,,2302,785,2484,863,research_outputs/golden_dataset_local_tests/crops/1770341315069_0244_1165_12-011/026_Handwritte_SKU_2302_785_2484_863.jpg,research_outputs/golden_dataset_local_tests/label_overlays_expected_sku/1770341315069_0244_1165_12-011_labels.jpg,yes,233671,-10.0:233671|-5.0:233671|0.0:233671|5.0:233671|10.0:233671|180.0:233671,,
1770341315069_0244_1165_12-011.jpg|Handwritte_SKU|2395|556|2560|612,1770341315069_0244_1165_12-011.jpg,1770341315069_0244_1165_12-011.json,28,Handwritte_SKU,,needs_review,,,,2395,556,2560,612,research_outputs/golden_dataset_local_tests/crops/1770341315069_0244_1165_12-011/028_Handwritte_SKU_2395_556_2560_612.jpg,research_outputs/golden_dataset_local_tests/label_overlays_expected_sku/1770341315069_0244_1165_12-011_labels.jpg,yes,233671,-10.0:233671|-5.0:233671|0.0:233671|5.0:233671|10.0:233671|180.0:233671,,
1770341315069_0244_1165_12-011.jpg|RDC_SKU|1344|1937|1387|2083,1770341315069_0244_1165_12-011.jpg,1770341315069_0244_1165_12-011.json,153,RDC_SKU,,needs_review,,,,1344,1937,1387,2083,research_outputs/golden_dataset_local_tests/crops/1770341315069_0244_1165_12-011/153_RDC_SKU_1344_1937_1387_2083.jpg,research_outputs/golden_dataset_local_tests/label_overlays_expected_sku/1770341315069_0244_1165_12-011_labels.jpg,yes,229148,-5.0:229148|0.0:229148|5.0:229148|10.0:229148|180.0:229148,,
1770341315069_0244_1165_12-011.jpg|RDC_SKU|1385|1754|1450|1891,1770341315069_0244_1165_12-011.jpg,1770341315069_0244_1165_12-011.json,164,RDC_SKU,,needs_review,,,,1385,1754,1450,1891,research_outputs/golden_dataset_local_tests/crops/1770341315069_0244_1165_12-011/164_RDC_SKU_1385_1754_1450_1891.jpg,research_outputs/golden_dataset_local_tests/label_overlays_expected_sku/1770341315069_0244_1165_12-011_labels.jpg,yes,470652,-10.0:470652|-5.0:470652|0.0:470652|5.0:470652|10.0:470652|180.0:470652,,
1770341315069_0244_1165_12-011.jpg|RDC_SKU|1533|1910|1657|1963,1770341315069_0244_1165_12-011.jpg,1770341315069_0244_1165_12-011.json,174,RDC_SKU,,needs_review,,,,1533,1910,1657,1963,research_outputs/golden_dataset_local_tests/crops/1770341315069_0244_1165_12-011/174_RDC_SKU_1533_1910_1657_1963.jpg,research_outputs/golden_dataset_local_tests/label_overlays_expected_sku/1770341315069_0244_1165_12-011_labels.jpg,yes,135854,-10.0:105854|-5.0:105854|0.0:105854|5.0:105854|10.0:105854|180.0:105854,,
1770341315069_0244_1165_12-011.jpg|RDC_SKU|1749|1939|1802|2081,1770341315069_0244_1165_12-011.jpg,1770341315069_0244_1165_12-011.json,180,RDC_SKU,,needs_review,,,,1749,1939,1802,2081,research_outputs/golden_dataset_local_tests/crops/1770341315069_0244_1165_12-011/180_RDC_SKU_1749_1939_1802_2081.jpg,research_outputs/golden_dataset_local_tests/label_overlays_expected_sku/1770341315069_0244_1165_12-011_labels.jpg,yes,479652,-10.0:479652|-5.0:479652|0.0:479652|5.0:479652|10.0:479652|180.0:479652,,
1770341315069_0244_1165_12-011.jpg|RDC_SKU|1867|1742|1929|1882,1770341315069_0244_1165_12-011.jpg,1770341315069_0244_1165_12-011.json,182,RDC_SKU,,needs_review,,,,1867,1742,1929,1882,research_outputs/golden_dataset_local_tests/crops/1770341315069_0244_1165_12-011/182_RDC_SKU_1867_1742_1929_1882.jpg,research_outputs/golden_dataset_local_tests/label_overlays_expected_sku/1770341315069_0244_1165_12-011_labels.jpg,yes,479652,-10.0:479652|-5.0:479652|0.0:479652|5.0:479652|10.0:479652|180.0:479652,,
1770341315069_0244_1165_12-011.jpg|RDC_SKU|1775|1605|1834|1729,1770341315069_0244_1165_12-011.jpg,1770341315069_0244_1165_12-011.json,192,RDC_SKU,,needs_review,,,,1775,1605,1834,1729,research_outputs/golden_dataset_local_tests/crops/1770341315069_0244_1165_12-011/192_RDC_SKU_1775_1605_1834_1729.jpg,research_outputs/golden_dataset_local_tests/label_overlays_expected_sku/1770341315069_0244_1165_12-011_labels.jpg,yes,479652,-10.0:479652|-5.0:479652|0.0:479652|5.0:479652|10.0:479652|180.0:479652,,
1770341315069_0244_1165_12-011.jpg|RDC_SKU|1885|1421|1941|1541,1770341315069_0244_1165_12-011.jpg,1770341315069_0244_1165_12-011.json,198,RDC_SKU,,needs_review,,,,1885,1421,1941,1541,research_outputs/golden_dataset_local_tests/crops/1770341315069_0244_1165_12-011/198_RDC_SKU_1885_1421_1941_1541.jpg,research_outputs/golden_dataset_local_tests/label_overlays_expected_sku/1770341315069_0244_1165_12-011_labels.jpg,yes,107619,-10.0:107610|-5.0:107619|0.0:107610|5.0:107610|10.0:107610|180.0:107610,,
1770341315069_0244_1165_12-011.jpg|RDC_SKU|2229|1483|2264|1590,1770341315069_0244_1165_12-011.jpg,1770341315069_0244_1165_12-011.json,205,RDC_SKU,,needs_review,,,,2229,1483,2264,1590,research_outputs/golden_dataset_local_tests/crops/1770341315069_0244_1165_12-011/205_RDC_SKU_2229_1483_2264_1590.jpg,research_outputs/golden_dataset_local_tests/label_overlays_expected_sku/1770341315069_0244_1165_12-011_labels.jpg,yes,912900,,,
1770341315069_0244_1165_12-011.jpg|RDC_SKU|2041|1707|2099|1850,1770341315069_0244_1165_12-011.jpg,1770341315069_0244_1165_12-011.json,210,RDC_SKU,,needs_review,,,,2041,1707,2099,1850,research_outputs/golden_dataset_local_tests/crops/1770341315069_0244_1165_12-011/210_RDC_SKU_2041_1707_2099_1850.jpg,research_outputs/golden_dataset_local_tests/label_overlays_expected_sku/1770341315069_0244_1165_12-011_labels.jpg,yes,013014,-10.0:013014|-5.0:013014|0.0:013014|5.0:013014|10.0:013014|180.0:013014,,
1770341315069_0244_1165_12-011.jpg|RDC_SKU|2445|1957|2491|2104,1770341315069_0244_1165_12-011.jpg,1770341315069_0244_1165_12-011.json,216,RDC_SKU,,needs_review,,,,2445,1957,2491,2104,research_outputs/golden_dataset_local_tests/crops/1770341315069_0244_1165_12-011/216_RDC_SKU_2445_1957_2491_2104.jpg,research_outputs/golden_dataset_local_tests/label_overlays_expected_sku/1770341315069_0244_1165_12-011_labels.jpg,yes,912999,,,
1770341315069_0244_1165_12-011.jpg|RDC_SKU|2352|1736|2407|1877,1770341315069_0244_1165_12-011.jpg,1770341315069_0244_1165_12-011.json,224,RDC_SKU,,needs_review,,,,2352,1736,2407,1877,research_outputs/golden_dataset_local_tests/crops/1770341315069_0244_1165_12-011/224_RDC_SKU_2352_1736_2407_1877.jpg,research_outputs/golden_dataset_local_tests/label_overlays_expected_sku/1770341315069_0244_1165_12-011_labels.jpg,yes,080013,-10.0:650013|-5.0:650013|0.0:650013|180.0:650013,,
1770341315069_0244_1165_12-011.jpg|RDC_SKU|2335|1523|2399|1646,1770341315069_0244_1165_12-011.jpg,1770341315069_0244_1165_12-011.json,226,RDC_SKU,,needs_review,,,,2335,1523,2399,1646,research_outputs/golden_dataset_local_tests/crops/1770341315069_0244_1165_12-011/226_RDC_SKU_2335_1523_2399_1646.jpg,research_outputs/golden_dataset_local_tests/label_overlays_expected_sku/1770341315069_0244_1165_12-011_labels.jpg,yes,476186,-10.0:476186|-5.0:476186|0.0:476186|5.0:476186|10.0:476186|180.0:476186,,
1770341315069_0244_1165_12-011.jpg|RDC_SKU|2644|1524|2690|1645,1770341315069_0244_1165_12-011.jpg,1770341315069_0244_1165_12-011.json,232,RDC_SKU,,needs_review,,,,2644,1524,2690,1645,research_outputs/golden_dataset_local_tests/crops/1770341315069_0244_1165_12-011/232_RDC_SKU_2644_1524_2690_1645.jpg,research_outputs/golden_dataset_local_tests/label_overlays_expected_sku/1770341315069_0244_1165_12-011_labels.jpg,yes,757465,5.0:757461|10.0:757485,,
1770341315069_0244_1165_12-011.jpg|RDC_SKU|2786|1727|2839|1866,1770341315069_0244_1165_12-011.jpg,1770341315069_0244_1165_12-011.json,238,RDC_SKU,,needs_review,,,,2786,1727,2839,1866,research_outputs/golden_dataset_local_tests/crops/1770341315069_0244_1165_12-011/238_RDC_SKU_2786_1727_2839_1866.jpg,research_outputs/golden_dataset_local_tests/label_overlays_expected_sku/1770341315069_0244_1165_12-011_labels.jpg,yes,757465,-10.0:757465|-5.0:757465|0.0:757465|5.0:757465|10.0:757465|180.0:757465,,
1770341315069_0244_1165_12-011.jpg|RDC_SKU|2773|1958|2826|2089,1770341315069_0244_1165_12-011.jpg,1770341315069_0244_1165_12-011.json,244,RDC_SKU,,needs_review,,,,2773,1958,2826,2089,research_outputs/golden_dataset_local_tests/crops/1770341315069_0244_1165_12-011/244_RDC_SKU_2773_1958_2826_2089.jpg,research_outputs/golden_dataset_local_tests/label_overlays_expected_sku/1770341315069_0244_1165_12-011_labels.jpg,yes,476186,-10.0:476186|-5.0:476186|0.0:476186|5.0:476186|10.0:476186|180.0:476180,,
1770341315069_0244_1165_12-011.jpg|RDC_SKU|3038|1963|3088|2099,1770341315069_0244_1165_12-011.jpg,1770341315069_0244_1165_12-011.json,250,RDC_SKU,,needs_review,,,,3038,1963,3088,2099,research_outputs/golden_dataset_local_tests/crops/1770341315069_0244_1165_12-011/250_RDC_SKU_3038_1963_3088_2099.jpg,research_outputs/golden_dataset_local_tests/label_overlays_expected_sku/1770341315069_0244_1165_12-011_labels.jpg,yes,757448,0.0:757448|5.0:767448|10.0:767448|180.0:757440,,
1770341315069_0244_1165_12-011.jpg|RDC_SKU|2972|1791|3016|1939,1770341315069_0244_1165_12-011.jpg,1770341315069_0244_1165_12-011.json,256,RDC_SKU,,needs_review,,,,2972,1791,3016,1939,research_outputs/golden_dataset_local_tests/crops/1770341315069_0244_1165_12-011/256_RDC_SKU_2972_1791_3016_1939.jpg,research_outputs/golden_dataset_local_tests/label_overlays_expected_sku/1770341315069_0244_1165_12-011_labels.jpg,yes,757448,,,
1770341315069_0244_1165_12-011.jpg|RDC_SKU|3377|1523|3431|1659,1770341315069_0244_1165_12-011.jpg,1770341315069_0244_1165_12-011.json,262,RDC_SKU,,needs_review,,,,3377,1523,3431,1659,research_outputs/golden_dataset_local_tests/crops/1770341315069_0244_1165_12-011/262_RDC_SKU_3377_1523_3431_1659.jpg,research_outputs/golden_dataset_local_tests/label_overlays_expected_sku/1770341315069_0244_1165_12-011_labels.jpg,yes,757479,-10.0:757479|-5.0:757479|0.0:757479|5.0:757479|10.0:757479|180.0:757479,,
1770341315069_0244_1165_12-011.jpg|RDC_SKU|3378|1761|3435|1885,1770341315069_0244_1165_12-011.jpg,1770341315069_0244_1165_12-011.json,264,RDC_SKU,,needs_review,,,,3378,1761,3435,1885,research_outputs/golden_dataset_local_tests/crops/1770341315069_0244_1165_12-011/264_RDC_SKU_3378_1761_3435_1885.jpg,research_outputs/golden_dataset_local_tests/label_overlays_expected_sku/1770341315069_0244_1165_12-011_labels.jpg,yes,913022,-10.0:913022|-5.0:913022|0.0:913022|5.0:913022|10.0:913022|180.0:913022,,
1770341315069_0244_1165_12-011.jpg|RDC_SKU|3637|1967|3681|2109,1770341315069_0244_1165_12-011.jpg,1770341315069_0244_1165_12-011.json,266,RDC_SKU,,needs_review,,,,3637,1967,3681,2109,research_outputs/golden_dataset_local_tests/crops/1770341315069_0244_1165_12-011/266_RDC_SKU_3637_1967_3681_2109.jpg,research_outputs/golden_dataset_local_tests/label_overlays_expected_sku/1770341315069_0244_1165_12-011_labels.jpg,yes,757451,,,
1770341315069_0244_1165_12-011.jpg|RDC_SKU|3626|1738|3675|1856,1770341315069_0244_1165_12-011.jpg,1770341315069_0244_1165_12-011.json,268,RDC_SKU,,needs_review,,,,3626,1738,3675,1856,research_outputs/golden_dataset_local_tests/crops/1770341315069_0244_1165_12-011/268_RDC_SKU_3626_1738_3675_1856.jpg,research_outputs/golden_dataset_local_tests/label_overlays_expected_sku/1770341315069_0244_1165_12-011_labels.jpg,yes,757451,-5.0:757451|0.0:757451|5.0:757451|10.0:757451|180.0:757451,,
1770341315069_0244_1165_12-011.jpg|RDC_SKU|3877|1527|3929|1648,1770341315069_0244_1165_12-011.jpg,1770341315069_0244_1165_12-011.json,270,RDC_SKU,,needs_review,,,,3877,1527,3929,1648,research_outputs/golden_dataset_local_tests/crops/1770341315069_0244_1165_12-011/270_RDC_SKU_3877_1527_3929_1648.jpg,research_outputs/golden_dataset_local_tests/label_overlays_expected_sku/1770341315069_0244_1165_12-011_labels.jpg,yes,757451,-5.0:757451|0.0:757451|5.0:757451|10.0:757451|180.0:757451,,
1770341315069_0244_1165_12-011.jpg|RDC_SKU|3931|1816|3980|1940,1770341315069_0244_1165_12-011.jpg,1770341315069_0244_1165_12-011.json,272,RDC_SKU,,needs_review,,,,3931,1816,3980,1940,research_outputs/golden_dataset_local_tests/crops/1770341315069_0244_1165_12-011/272_RDC_SKU_3931_1816_3980_1940.jpg,research_outputs/golden_dataset_local_tests/label_overlays_expected_sku/1770341315069_0244_1165_12-011_labels.jpg,yes,757451,-10.0:757451|-5.0:757451|0.0:757451|5.0:757451|10.0:757451|180.0:757451,,
1770341315069_0244_1165_12-011.jpg|Handwritte_SKU|4009|1980|4070|2155,1770341315069_0244_1165_12-011.jpg,1770341315069_0244_1165_12-011.json,274,Handwritte_SKU,,needs_review,,,,4009,1980,4070,2155,research_outputs/golden_dataset_local_tests/crops/1770341315069_0244_1165_12-011/274_Handwritte_SKU_4009_1980_4070_2155.jpg,research_outputs/golden_dataset_local_tests/label_overlays_expected_sku/1770341315069_0244_1165_12-011_labels.jpg,yes,767451,,,
1770341315069_0244_1165_12-011.jpg|RDC_SKU|4199|1981|4254|2121,1770341315069_0244_1165_12-011.jpg,1770341315069_0244_1165_12-011.json,276,RDC_SKU,,needs_review,,,,4199,1981,4254,2121,research_outputs/golden_dataset_local_tests/crops/1770341315069_0244_1165_12-011/276_RDC_SKU_4199_1981_4254_2121.jpg,research_outputs/golden_dataset_local_tests/label_overlays_expected_sku/1770341315069_0244_1165_12-011_labels.jpg,yes,757451,-10.0:757451|-5.0:757451|0.0:767451|5.0:757451|10.0:767451|180.0:767451,,
1770341315069_0244_1165_12-011.jpg|RDC_SKU|4173|1762|4225|1876,1770341315069_0244_1165_12-011.jpg,1770341315069_0244_1165_12-011.json,278,RDC_SKU,,needs_review,,,,4173,1762,4225,1876,research_outputs/golden_dataset_local_tests/crops/1770341315069_0244_1165_12-011/278_RDC_SKU_4173_1762_4225_1876.jpg,research_outputs/golden_dataset_local_tests/label_overlays_expected_sku/1770341315069_0244_1165_12-011_labels.jpg,yes,757451,-5.0:757457|0.0:757451|5.0:757457|10.0:757457|180.0:757451,,
1770341315069_0244_1165_12-011.jpg|RDC_SKU|4164|1598|4220|1708,1770341315069_0244_1165_12-011.jpg,1770341315069_0244_1165_12-011.json,280,RDC_SKU,,needs_review,,,,4164,1598,4220,1708,research_outputs/golden_dataset_local_tests/crops/1770341315069_0244_1165_12-011/280_RDC_SKU_4164_1598_4220_1708.jpg,research_outputs/golden_dataset_local_tests/label_overlays_expected_sku/1770341315069_0244_1165_12-011_labels.jpg,yes,757451,-10.0:757451|-5.0:757451|0.0:757451|5.0:757451|10.0:757451|180.0:767457,,
1770341315069_0244_1165_12-011.jpg|RDC_SKU|487|2758|588|2808,1770341315069_0244_1165_12-011.jpg,1770341315069_0244_1165_12-011.json,282,RDC_SKU,,needs_review,,,,487,2758,588,2808,research_outputs/golden_dataset_local_tests/crops/1770341315069_0244_1165_12-011/282_RDC_SKU_487_2758_588_2808.jpg,research_outputs/golden_dataset_local_tests/label_overlays_expected_sku/1770341315069_0244_1165_12-011_labels.jpg,yes,233671,-5.0:233671|0.0:233671|10.0:233671|180.0:233671,,
1770341315069_0244_1165_12-011.jpg|RDC_SKU|875|2798|971|2844,1770341315069_0244_1165_12-011.jpg,1770341315069_0244_1165_12-011.json,284,RDC_SKU,,needs_review,,,,875,2798,971,2844,research_outputs/golden_dataset_local_tests/crops/1770341315069_0244_1165_12-011/284_RDC_SKU_875_2798_971_2844.jpg,research_outputs/golden_dataset_local_tests/label_overlays_expected_sku/1770341315069_0244_1165_12-011_labels.jpg,yes,233671,-10.0:233671|-5.0:233671|0.0:233671|5.0:233671|10.0:233671|180.0:233671,,
1770341315069_0244_1165_12-011.jpg|RDC_SKU|2185|2895|2236|3036,1770341315069_0244_1165_12-011.jpg,1770341315069_0244_1165_12-011.json,286,RDC_SKU,,needs_review,,,,2185,2895,2236,3036,research_outputs/golden_dataset_local_tests/crops/1770341315069_0244_1165_12-011/286_RDC_SKU_2185_2895_2236_3036.jpg,research_outputs/golden_dataset_local_tests/label_overlays_expected_sku/1770341315069_0244_1165_12-011_labels.jpg,yes,187619,,,
1770341315069_0244_1165_12-011.jpg|RDC_SKU|2198|2676|2255|2815,1770341315069_0244_1165_12-011.jpg,1770341315069_0244_1165_12-011.json,288,RDC_SKU,,needs_review,,,,2198,2676,2255,2815,research_outputs/golden_dataset_local_tests/crops/1770341315069_0244_1165_12-011/288_RDC_SKU_2198_2676_2255_2815.jpg,research_outputs/golden_dataset_local_tests/label_overlays_expected_sku/1770341315069_0244_1165_12-011_labels.jpg,yes,717088,-10.0:717088|-5.0:717088|0.0:717088|5.0:717088|10.0:717088|180.0:717088,,
1770341315069_0244_1165_12-011.jpg|RDC_SKU|2346|2677|2412|2814,1770341315069_0244_1165_12-011.jpg,1770341315069_0244_1165_12-011.json,290,RDC_SKU,,needs_review,,,,2346,2677,2412,2814,research_outputs/golden_dataset_local_tests/crops/1770341315069_0244_1165_12-011/290_RDC_SKU_2346_2677_2412_2814.jpg,research_outputs/golden_dataset_local_tests/label_overlays_expected_sku/1770341315069_0244_1165_12-011_labels.jpg,yes,164687,-10.0:164687|-5.0:164687|0.0:164687|5.0:164687|10.0:164687|180.0:164687,,
1770341315069_0244_1165_12-011.jpg|RDC_SKU|2455|2897|2506|3020,1770341315069_0244_1165_12-011.jpg,1770341315069_0244_1165_12-011.json,292,RDC_SKU,,needs_review,,,,2455,2897,2506,3020,research_outputs/golden_dataset_local_tests/crops/1770341315069_0244_1165_12-011/292_RDC_SKU_2455_2897_2506_3020.jpg,research_outputs/golden_dataset_local_tests/label_overlays_expected_sku/1770341315069_0244_1165_12-011_labels.jpg,yes,229148,-10.0:229140|-5.0:229148|0.0:229148|5.0:229148|180.0:229148,,
1770341315069_0244_1165_12-011.jpg|RDC_SKU|3018|2710|3068|2851,1770341315069_0244_1165_12-011.jpg,1770341315069_0244_1165_12-011.json,294,RDC_SKU,,needs_review,,,,3018,2710,3068,2851,research_outputs/golden_dataset_local_tests/crops/1770341315069_0244_1165_12-011/294_RDC_SKU_3018_2710_3068_2851.jpg,research_outputs/golden_dataset_local_tests/label_overlays_expected_sku/1770341315069_0244_1165_12-011_labels.jpg,yes,,,,
1770341315069_0244_1165_12-011.jpg|RDC_SKU|3023|2912|3067|3034,1770341315069_0244_1165_12-011.jpg,1770341315069_0244_1165_12-011.json,296,RDC_SKU,,needs_review,,,,3023,2912,3067,3034,research_outputs/golden_dataset_local_tests/crops/1770341315069_0244_1165_12-011/296_RDC_SKU_3023_2912_3067_3034.jpg,research_outputs/golden_dataset_local_tests/label_overlays_expected_sku/1770341315069_0244_1165_12-011_labels.jpg,yes,479666,,,
1770341315069_0244_1165_12-011.jpg|RDC_SKU|3306|2902|3357|3057,1770341315069_0244_1165_12-011.jpg,1770341315069_0244_1165_12-011.json,298,RDC_SKU,,needs_review,,,,3306,2902,3357,3057,research_outputs/golden_dataset_local_tests/crops/1770341315069_0244_1165_12-011/298_RDC_SKU_3306_2902_3357_3057.jpg,research_outputs/golden_dataset_local_tests/label_overlays_expected_sku/1770341315069_0244_1165_12-011_labels.jpg,yes,479666,-5.0:479666|0.0:479666|5.0:479666|10.0:179666|180.0:479666,,
1770341315069_0244_1165_12-011.jpg|RDC_SKU|3304|2695|3352|2830,1770341315069_0244_1165_12-011.jpg,1770341315069_0244_1165_12-011.json,300,RDC_SKU,,needs_review,,,,3304,2695,3352,2830,research_outputs/golden_dataset_local_tests/crops/1770341315069_0244_1165_12-011/300_RDC_SKU_3304_2695_3352_2830.jpg,research_outputs/golden_dataset_local_tests/label_overlays_expected_sku/1770341315069_0244_1165_12-011_labels.jpg,yes,479666,0.0:470666|180.0:470660,,
1770341315069_0244_1165_12-011.jpg|RDC_SKU|3295|2494|3350|2629,1770341315069_0244_1165_12-011.jpg,1770341315069_0244_1165_12-011.json,302,RDC_SKU,,needs_review,,,,3295,2494,3350,2629,research_outputs/golden_dataset_local_tests/crops/1770341315069_0244_1165_12-011/302_RDC_SKU_3295_2494_3350_2629.jpg,research_outputs/golden_dataset_local_tests/label_overlays_expected_sku/1770341315069_0244_1165_12-011_labels.jpg,yes,479666,-10.0:479666|-5.0:479666|0.0:479666|5.0:479666|10.0:479666|180.0:479666,,
1770341315069_0244_1165_12-011.jpg|RDC_SKU|3456|2637|3586|2687,1770341315069_0244_1165_12-011.jpg,1770341315069_0244_1165_12-011.json,304,RDC_SKU,,needs_review,,,,3456,2637,3586,2687,research_outputs/golden_dataset_local_tests/crops/1770341315069_0244_1165_12-011/304_RDC_SKU_3456_2637_3586_2687.jpg,research_outputs/golden_dataset_local_tests/label_overlays_expected_sku/1770341315069_0244_1165_12-011_labels.jpg,yes,922283,-10.0:922283|-5.0:922283|0.0:882206|5.0:922283|10.0:922283|180.0:922283,,
1770341315069_0244_1165_12-011.jpg|RDC_SKU|3585|2707|3634|2835,1770341315069_0244_1165_12-011.jpg,1770341315069_0244_1165_12-011.json,306,RDC_SKU,,needs_review,,,,3585,2707,3634,2835,research_outputs/golden_dataset_local_tests/crops/1770341315069_0244_1165_12-011/306_RDC_SKU_3585_2707_3634_2835.jpg,research_outputs/golden_dataset_local_tests/label_overlays_expected_sku/1770341315069_0244_1165_12-011_labels.jpg,yes,479662,-5.0:179652|0.0:179652|5.0:479662|10.0:479662|180.0:479662,,
1770341315069_0244_1165_12-011.jpg|RDC_SKU|3578|2960|3628|3094,1770341315069_0244_1165_12-011.jpg,1770341315069_0244_1165_12-011.json,308,RDC_SKU,,needs_review,,,,3578,2960,3628,3094,research_outputs/golden_dataset_local_tests/crops/1770341315069_0244_1165_12-011/308_RDC_SKU_3578_2960_3628_3094.jpg,research_outputs/golden_dataset_local_tests/label_overlays_expected_sku/1770341315069_0244_1165_12-011_labels.jpg,yes,470002,,,
1770341315069_0244_1165_12-011.jpg|RDC_SKU|3736|2582|3783|2685,1770341315069_0244_1165_12-011.jpg,1770341315069_0244_1165_12-011.json,310,RDC_SKU,,needs_review,,,,3736,2582,3783,2685,research_outputs/golden_dataset_local_tests/crops/1770341315069_0244_1165_12-011/310_RDC_SKU_3736_2582_3783_2685.jpg,research_outputs/golden_dataset_local_tests/label_overlays_expected_sku/1770341315069_0244_1165_12-011_labels.jpg,yes,479652,0.0:479652|5.0:479652|10.0:479652|180.0:479652,,
1770341315069_0244_1165_12-011.jpg|RDC_SKU|3836|2717|3882|2845,1770341315069_0244_1165_12-011.jpg,1770341315069_0244_1165_12-011.json,312,RDC_SKU,,needs_review,,,,3836,2717,3882,2845,research_outputs/golden_dataset_local_tests/crops/1770341315069_0244_1165_12-011/312_RDC_SKU_3836_2717_3882_2845.jpg,research_outputs/golden_dataset_local_tests/label_overlays_expected_sku/1770341315069_0244_1165_12-011_labels.jpg,yes,479652,,,
1770341315069_0244_1165_12-011.jpg|RDC_SKU|3838|2959|3888|3104,1770341315069_0244_1165_12-011.jpg,1770341315069_0244_1165_12-011.json,314,RDC_SKU,,needs_review,,,,3838,2959,3888,3104,research_outputs/golden_dataset_local_tests/crops/1770341315069_0244_1165_12-011/314_RDC_SKU_3838_2959_3888_3104.jpg,research_outputs/golden_dataset_local_tests/label_overlays_expected_sku/1770341315069_0244_1165_12-011_labels.jpg,yes,479652,5.0:179652|10.0:479652,,
1770341315069_0244_1165_12-011.jpg|RDC_SKU|4088|2934|4133|3067,1770341315069_0244_1165_12-011.jpg,1770341315069_0244_1165_12-011.json,316,RDC_SKU,,needs_review,,,,4088,2934,4133,3067,research_outputs/golden_dataset_local_tests/crops/1770341315069_0244_1165_12-011/316_RDC_SKU_4088_2934_4133_3067.jpg,research_outputs/golden_dataset_local_tests/label_overlays_expected_sku/1770341315069_0244_1165_12-011_labels.jpg,yes,479652,,,
1770341315069_0244_1165_12-011.jpg|RDC_SKU|4086|2705|4130|2833,1770341315069_0244_1165_12-011.jpg,1770341315069_0244_1165_12-011.json,318,RDC_SKU,,needs_review,,,,4086,2705,4130,2833,research_outputs/golden_dataset_local_tests/crops/1770341315069_0244_1165_12-011/318_RDC_SKU_4086_2705_4130_2833.jpg,research_outputs/golden_dataset_local_tests/label_overlays_expected_sku/1770341315069_0244_1165_12-011_labels.jpg,yes,179662,,,
1770341315069_0244_1165_12-011.jpg|RDC_SKU|4332|2749|4383|2863,1770341315069_0244_1165_12-011.jpg,1770341315069_0244_1165_12-011.json,320,RDC_SKU,,needs_review,,,,4332,2749,4383,2863,research_outputs/golden_dataset_local_tests/crops/1770341315069_0244_1165_12-011/320_RDC_SKU_4332_2749_4383_2863.jpg,research_outputs/golden_dataset_local_tests/label_overlays_expected_sku/1770341315069_0244_1165_12-011_labels.jpg,yes,105848,-10.0:105841|-5.0:105848|0.0:105848|5.0:105848|10.0:105848|180.0:105848,,
1770341315069_0244_1166_12-012.jpg|Pallet_SKU|3404|536|3570|607,1770341315069_0244_1166_12-012.jpg,1770341315069_0244_1166_12-012.json,0,Pallet_SKU,,needs_review,,,,3404,536,3570,607,research_outputs/golden_dataset_local_tests/crops/1770341315069_0244_1166_12-012/000_Pallet_SKU_3404_536_3570_607.jpg,research_outputs/golden_dataset_local_tests/label_overlays_expected_sku/1770341315069_0244_1166_12-012_labels.jpg,yes,255921,-10.0:255921|-5.0:255921|0.0:255921|5.0:255921|10.0:255921|180.0:255921,,
1770341315069_0244_1166_12-012.jpg|Pallet_SKU|3420|584|3581|658,1770341315069_0244_1166_12-012.jpg,1770341315069_0244_1166_12-012.json,1,Pallet_SKU,,needs_review,,,,3420,584,3581,658,research_outputs/golden_dataset_local_tests/crops/1770341315069_0244_1166_12-012/001_Pallet_SKU_3420_584_3581_658.jpg,research_outputs/golden_dataset_local_tests/label_overlays_expected_sku/1770341315069_0244_1166_12-012_labels.jpg,yes,451947,-10.0:451947|-5.0:451947|0.0:451947|5.0:451947|10.0:451947|180.0:451947,,
1770341315069_0244_1166_12-012.jpg|Pallet_SKU|3322|639|3596|721,1770341315069_0244_1166_12-012.jpg,1770341315069_0244_1166_12-012.json,2,Pallet_SKU,,needs_review,,,,3322,639,3596,721,research_outputs/golden_dataset_local_tests/crops/1770341315069_0244_1166_12-012/002_Pallet_SKU_3322_639_3596_721.jpg,research_outputs/golden_dataset_local_tests/label_overlays_expected_sku/1770341315069_0244_1166_12-012_labels.jpg,yes,1003238044,-10.0:1003238044|-5.0:1003238044|0.0:1003238044|5.0:1003238044|10.0:1003238044|180.0:1003238044,,
1770341315069_0244_1166_12-012.jpg|Pallet_SKU|3350|773|3621|854,1770341315069_0244_1166_12-012.jpg,1770341315069_0244_1166_12-012.json,4,Pallet_SKU,,needs_review,,,,3350,773,3621,854,research_outputs/golden_dataset_local_tests/crops/1770341315069_0244_1166_12-012/004_Pallet_SKU_3350_773_3621_854.jpg,research_outputs/golden_dataset_local_tests/label_overlays_expected_sku/1770341315069_0244_1166_12-012_labels.jpg,yes,1003238045,-10.0:1003238045|-5.0:1003238045|0.0:1003238045|5.0:1003238045|10.0:1003238045|180.0:1003238045,,
1770341315069_0244_1166_12-012.jpg|Pallet_SKU|4075|409|4243|473,1770341315069_0244_1166_12-012.jpg,1770341315069_0244_1166_12-012.json,6,Pallet_SKU,,needs_review,,,,4075,409,4243,473,research_outputs/golden_dataset_local_tests/crops/1770341315069_0244_1166_12-012/006_Pallet_SKU_4075_409_4243_473.jpg,research_outputs/golden_dataset_local_tests/label_overlays_expected_sku/1770341315069_0244_1166_12-012_labels.jpg,yes,103008,-10.0:103008|-5.0:103008|0.0:103008|5.0:103008|10.0:103008|180.0:103008,,
1770341315069_0244_1166_12-012.jpg|Pallet_SKU|4088|460|4255|536,1770341315069_0244_1166_12-012.jpg,1770341315069_0244_1166_12-012.json,7,Pallet_SKU,,needs_review,,,,4088,460,4255,536,research_outputs/golden_dataset_local_tests/crops/1770341315069_0244_1166_12-012/007_Pallet_SKU_4088_460_4255_536.jpg,research_outputs/golden_dataset_local_tests/label_overlays_expected_sku/1770341315069_0244_1166_12-012_labels.jpg,yes,103200,-10.0:103200|-5.0:103200|0.0:103200|5.0:103200|10.0:103200|180.0:103200,,
1770341315069_0244_1166_12-012.jpg|Pallet_SKU|4028|641|4287|726,1770341315069_0244_1166_12-012.jpg,1770341315069_0244_1166_12-012.json,10,Pallet_SKU,,needs_review,,,,4028,641,4287,726,research_outputs/golden_dataset_local_tests/crops/1770341315069_0244_1166_12-012/010_Pallet_SKU_4028_641_4287_726.jpg,research_outputs/golden_dataset_local_tests/label_overlays_expected_sku/1770341315069_0244_1166_12-012_labels.jpg,yes,1003095302,-10.0:1003095302|-5.0:1003095302|0.0:1003095302|5.0:1003095302|10.0:1003095302|180.0:1003095302,,
1770341315069_0244_1166_12-012.jpg|RDC_SKU|1244|1834|1370|1885,1770341315069_0244_1166_12-012.jpg,1770341315069_0244_1166_12-012.json,15,RDC_SKU,,needs_review,,,,1244,1834,1370,1885,research_outputs/golden_dataset_local_tests/crops/1770341315069_0244_1166_12-012/015_RDC_SKU_1244_1834_1370_1885.jpg,research_outputs/golden_dataset_local_tests/label_overlays_expected_sku/1770341315069_0244_1166_12-012_labels.jpg,yes,1006306847,-10.0:1006306847|-5.0:1006306847|0.0:1006306847|5.0:1006306847|10.0:1006306847|180.0:1006306847,,
1770341315069_0244_1166_12-012.jpg|RDC_SKU|1235|2035|1357|2075,1770341315069_0244_1166_12-012.jpg,1770341315069_0244_1166_12-012.json,18,RDC_SKU,,needs_review,,,,1235,2035,1357,2075,research_outputs/golden_dataset_local_tests/crops/1770341315069_0244_1166_12-012/018_RDC_SKU_1235_2035_1357_2075.jpg,research_outputs/golden_dataset_local_tests/label_overlays_expected_sku/1770341315069_0244_1166_12-012_labels.jpg,yes,1006306847,-10.0:1006306847|-5.0:1005306847|0.0:1005306847|5.0:1006306847|10.0:1006306847|180.0:1005306847,,
1770341315069_0244_1166_12-012.jpg|RDC_SKU|1227|2310|1348|2359,1770341315069_0244_1166_12-012.jpg,1770341315069_0244_1166_12-012.json,21,RDC_SKU,,needs_review,,,,1227,2310,1348,2359,research_outputs/golden_dataset_local_tests/crops/1770341315069_0244_1166_12-012/021_RDC_SKU_1227_2310_1348_2359.jpg,research_outputs/golden_dataset_local_tests/label_overlays_expected_sku/1770341315069_0244_1166_12-012_labels.jpg,yes,1006306847,-10.0:1006306847|-5.0:1006306847|0.0:1006306847|5.0:1006306847|10.0:1006306847|180.0:1006306847,,
1770341315069_0244_1166_12-012.jpg|RDC_SKU|1524|2301|1653|2349,1770341315069_0244_1166_12-012.jpg,1770341315069_0244_1166_12-012.json,26,RDC_SKU,,needs_review,,,,1524,2301,1653,2349,research_outputs/golden_dataset_local_tests/crops/1770341315069_0244_1166_12-012/026_RDC_SKU_1524_2301_1653_2349.jpg,research_outputs/golden_dataset_local_tests/label_overlays_expected_sku/1770341315069_0244_1166_12-012_labels.jpg,yes,1011684719,-10.0:1011684719|-5.0:1011684719|0.0:1011684719|5.0:1011684719|10.0:1011684719|180.0:1011684719,,
1770341315069_0244_1166_12-012.jpg|Other_SKU|3428|2829|3558|2890,1770341315069_0244_1166_12-012.jpg,1770341315069_0244_1166_12-012.json,271,Other_SKU,,needs_review,,,,3428,2829,3558,2890,research_outputs/golden_dataset_local_tests/crops/1770341315069_0244_1166_12-012/271_Other_SKU_3428_2829_3558_2890.jpg,research_outputs/golden_dataset_local_tests/label_overlays_expected_sku/1770341315069_0244_1166_12-012_labels.jpg,yes,1006774401,-10.0:1006774401|-5.0:1006774401|0.0:1006774401|5.0:1006774401|180.0:1006774401,,
1770341315069_0244_1186_12-013.jpg|Pallet_SKU|1276|983|1526|1081,1770341315069_0244_1186_12-013.jpg,1770341315069_0244_1186_12-013.json,0,Pallet_SKU,,needs_review,,,,1276,983,1526,1081,research_outputs/golden_dataset_local_tests/crops/1770341315069_0244_1186_12-013/000_Pallet_SKU_1276_983_1526_1081.jpg,research_outputs/golden_dataset_local_tests/label_overlays_expected_sku/1770341315069_0244_1186_12-013_labels.jpg,yes,706036,-10.0:706036|-5.0:706036|0.0:706036|5.0:706036|10.0:706036|180.0:706036,,
1770341315069_0244_1186_12-013.jpg|RDC_SKU|3248|2483|3392|2532,1770341315069_0244_1186_12-013.jpg,1770341315069_0244_1186_12-013.json,9,RDC_SKU,,needs_review,,,,3248,2483,3392,2532,research_outputs/golden_dataset_local_tests/crops/1770341315069_0244_1186_12-013/009_RDC_SKU_3248_2483_3392_2532.jpg,research_outputs/golden_dataset_local_tests/label_overlays_expected_sku/1770341315069_0244_1186_12-013_labels.jpg,yes,,,,
1770341315069_0244_1186_12-013.jpg|RDC_SKU|1161|1819|1294|1867,1770341315069_0244_1186_12-013.jpg,1770341315069_0244_1186_12-013.json,12,RDC_SKU,,needs_review,,,,1161,1819,1294,1867,research_outputs/golden_dataset_local_tests/crops/1770341315069_0244_1186_12-013/012_RDC_SKU_1161_1819_1294_1867.jpg,research_outputs/golden_dataset_local_tests/label_overlays_expected_sku/1770341315069_0244_1186_12-013_labels.jpg,yes,1002735700,0.0:1002735700|180.0:1002735700,,
1770341315069_0244_1186_12-013.jpg|RDC_SKU|1453|1806|1592|1865,1770341315069_0244_1186_12-013.jpg,1770341315069_0244_1186_12-013.json,17,RDC_SKU,,needs_review,,,,1453,1806,1592,1865,research_outputs/golden_dataset_local_tests/crops/1770341315069_0244_1186_12-013/017_RDC_SKU_1453_1806_1592_1865.jpg,research_outputs/golden_dataset_local_tests/label_overlays_expected_sku/1770341315069_0244_1186_12-013_labels.jpg,yes,1002135656,-10.0:1022135656|-5.0:1002135656|0.0:1002135656|5.0:1022135656|10.0:1002135656|180.0:1002135656,,
1770341315069_0244_1186_12-013.jpg|RDC_SKU|1432|2044|1572|2091,1770341315069_0244_1186_12-013.jpg,1770341315069_0244_1186_12-013.json,20,RDC_SKU,,needs_review,,,,1432,2044,1572,2091,research_outputs/golden_dataset_local_tests/crops/1770341315069_0244_1186_12-013/020_RDC_SKU_1432_2044_1572_2091.jpg,research_outputs/golden_dataset_local_tests/label_overlays_expected_sku/1770341315069_0244_1186_12-013_labels.jpg,yes,1000039810,-10.0:1000039811|-5.0:1000039811|0.0:1000039810|5.0:1000039810|10.0:1000039810|180.0:1000039810,,
1770341315069_0244_1186_12-013.jpg|RDC_SKU|1725|1453|1865|1490,1770341315069_0244_1186_12-013.jpg,1770341315069_0244_1186_12-013.json,22,RDC_SKU,,needs_review,,,,1725,1453,1865,1490,research_outputs/golden_dataset_local_tests/crops/1770341315069_0244_1186_12-013/022_RDC_SKU_1725_1453_1865_1490.jpg,research_outputs/golden_dataset_local_tests/label_overlays_expected_sku/1770341315069_0244_1186_12-013_labels.jpg,yes,1000039816,-10.0:1000039816|0.0:1000039815|10.0:1000039815|180.0:1000039815,,
1770341315069_0244_1186_12-013.jpg|RDC_SKU|1671|1714|1806|1774,1770341315069_0244_1186_12-013.jpg,1770341315069_0244_1186_12-013.json,26,RDC_SKU,,needs_review,,,,1671,1714,1806,1774,research_outputs/golden_dataset_local_tests/crops/1770341315069_0244_1186_12-013/026_RDC_SKU_1671_1714_1806_1774.jpg,research_outputs/golden_dataset_local_tests/label_overlays_expected_sku/1770341315069_0244_1186_12-013_labels.jpg,yes,,,,
1770341315069_0244_1186_12-013.jpg|RDC_SKU|1656|1910|1792|1956,1770341315069_0244_1186_12-013.jpg,1770341315069_0244_1186_12-013.json,28,RDC_SKU,,needs_review,,,,1656,1910,1792,1956,research_outputs/golden_dataset_local_tests/crops/1770341315069_0244_1186_12-013/028_RDC_SKU_1656_1910_1792_1956.jpg,research_outputs/golden_dataset_local_tests/label_overlays_expected_sku/1770341315069_0244_1186_12-013_labels.jpg,yes,1082135656,-10.0:1002135656|-5.0:1002135656|0.0:1002135656|10.0:1002135656|180.0:1002135656,,
1770341315069_0244_1186_12-013.jpg|RDC_SKU|1950|1637|2051|1688,1770341315069_0244_1186_12-013.jpg,1770341315069_0244_1186_12-013.json,31,RDC_SKU,,needs_review,,,,1950,1637,2051,1688,research_outputs/golden_dataset_local_tests/crops/1770341315069_0244_1186_12-013/031_RDC_SKU_1950_1637_2051_1688.jpg,research_outputs/golden_dataset_local_tests/label_overlays_expected_sku/1770341315069_0244_1186_12-013_labels.jpg,yes,519367,-10.0:519367|-5.0:519367|0.0:519367|5.0:519367|10.0:519367|180.0:519367,,
1770341315069_0244_1186_12-013.jpg|RDC_SKU|1996|1902|2088|1944,1770341315069_0244_1186_12-013.jpg,1770341315069_0244_1186_12-013.json,34,RDC_SKU,,needs_review,,,,1996,1902,2088,1944,research_outputs/golden_dataset_local_tests/crops/1770341315069_0244_1186_12-013/034_RDC_SKU_1996_1902_2088_1944.jpg,research_outputs/golden_dataset_local_tests/label_overlays_expected_sku/1770341315069_0244_1186_12-013_labels.jpg,yes,141565,-10.0:141565,,
1770341315069_0244_1186_12-013.jpg|RDC_SKU|2489|1935|2632|1988,1770341315069_0244_1186_12-013.jpg,1770341315069_0244_1186_12-013.json,41,RDC_SKU,,needs_review,,,,2489,1935,2632,1988,research_outputs/golden_dataset_local_tests/crops/1770341315069_0244_1186_12-013/041_RDC_SKU_2489_1935_2632_1988.jpg,research_outputs/golden_dataset_local_tests/label_overlays_expected_sku/1770341315069_0244_1186_12-013_labels.jpg,yes,0096000001,-10.0:0096000001|0.0:1000009600|5.0:0096000001|180.0:1000009600,,
1770341315069_0244_1186_12-013.jpg|Handwritte_SKU|2668|1844|2904|1892,1770341315069_0244_1186_12-013.jpg,1770341315069_0244_1186_12-013.json,44,Handwritte_SKU,,needs_review,,,,2668,1844,2904,1892,research_outputs/golden_dataset_local_tests/crops/1770341315069_0244_1186_12-013/044_Handwritte_SKU_2668_1844_2904_1892.jpg,research_outputs/golden_dataset_local_tests/label_overlays_expected_sku/1770341315069_0244_1186_12-013_labels.jpg,yes,1206634232,-10.0:1980834332|-5.0:1000834232|0.0:1206634232|180.0:1206634232,,
1770341315069_0244_1186_12-013.jpg|Handwritte_SKU|3131|1759|3185|1947,1770341315069_0244_1186_12-013.jpg,1770341315069_0244_1186_12-013.json,48,Handwritte_SKU,,needs_review,,,,3131,1759,3185,1947,research_outputs/golden_dataset_local_tests/crops/1770341315069_0244_1186_12-013/048_Handwritte_SKU_3131_1759_3185_1947.jpg,research_outputs/golden_dataset_local_tests/label_overlays_expected_sku/1770341315069_0244_1186_12-013_labels.jpg,yes,031818,,,
1770341315069_0244_1186_12-013.jpg|Handwritte_SKU|3116|1951|3175|2136,1770341315069_0244_1186_12-013.jpg,1770341315069_0244_1186_12-013.json,50,Handwritte_SKU,,needs_review,,,,3116,1951,3175,2136,research_outputs/golden_dataset_local_tests/crops/1770341315069_0244_1186_12-013/050_Handwritte_SKU_3116_1951_3175_2136.jpg,research_outputs/golden_dataset_local_tests/label_overlays_expected_sku/1770341315069_0244_1186_12-013_labels.jpg,yes,,,,
1770341315069_0244_1186_12-013.jpg|RDC_SKU|3253|1585|3395|1625,1770341315069_0244_1186_12-013.jpg,1770341315069_0244_1186_12-013.json,51,RDC_SKU,,needs_review,,,,3253,1585,3395,1625,research_outputs/golden_dataset_local_tests/crops/1770341315069_0244_1186_12-013/051_RDC_SKU_3253_1585_3395_1625.jpg,research_outputs/golden_dataset_local_tests/label_overlays_expected_sku/1770341315069_0244_1186_12-013_labels.jpg,yes,1000039813,-10.0:1000039813|-5.0:1000039813|0.0:1000039813|10.0:1000039813|180.0:1000039813,,
1770341315069_0244_1186_12-013.jpg|RDC_SKU|3317|2024|3391|2067,1770341315069_0244_1186_12-013.jpg,1770341315069_0244_1186_12-013.json,56,RDC_SKU,,needs_review,,,,3317,2024,3391,2067,research_outputs/golden_dataset_local_tests/crops/1770341315069_0244_1186_12-013/056_RDC_SKU_3317_2024_3391_2067.jpg,research_outputs/golden_dataset_local_tests/label_overlays_expected_sku/1770341315069_0244_1186_12-013_labels.jpg,yes,,,,
1770341315069_0244_1186_12-013.jpg|Handwritte_SKU|3383|1778|3439|1945,1770341315069_0244_1186_12-013.jpg,1770341315069_0244_1186_12-013.json,58,Handwritte_SKU,,needs_review,,,,3383,1778,3439,1945,research_outputs/golden_dataset_local_tests/crops/1770341315069_0244_1186_12-013/058_Handwritte_SKU_3383_1778_3439_1945.jpg,research_outputs/golden_dataset_local_tests/label_overlays_expected_sku/1770341315069_0244_1186_12-013_labels.jpg,yes,,,,
1770341315069_0244_1186_12-013.jpg|Printed_on_Box_SKU|1192|584|1447|653,1770341315069_0244_1186_12-013.jpg,1770341315069_0244_1186_12-013.json,60,Printed_on_Box_SKU,,needs_review,,,,1192,584,1447,653,research_outputs/golden_dataset_local_tests/crops/1770341315069_0244_1186_12-013/060_Printed_on_Box_SKU_1192_584_1447_653.jpg,research_outputs/golden_dataset_local_tests/label_overlays_expected_sku/1770341315069_0244_1186_12-013_labels.jpg,yes,706036,-10.0:706036|-5.0:706036|0.0:706036|5.0:706036|10.0:706036|180.0:706036,,
1770341315069_0244_1194_12-014.jpg|Pallet_SKU|3998|867|4355|972,1770341315069_0244_1194_12-014.jpg,1770341315069_0244_1194_12-014.json,0,Pallet_SKU,,needs_review,,,,3998,867,4355,972,research_outputs/golden_dataset_local_tests/crops/1770341315069_0244_1194_12-014/000_Pallet_SKU_3998_867_4355_972.jpg,research_outputs/golden_dataset_local_tests/label_overlays_expected_sku/1770341315069_0244_1194_12-014_labels.jpg,yes,1010127831,-10.0:1010127831|-5.0:1010127831|0.0:1010127831|5.0:1010127831|10.0:1010127831|180.0:1010127831,,
1770341315069_0244_1194_12-014.jpg|RDC_SKU|1162|2114|1284|2160,1770341315069_0244_1194_12-014.jpg,1770341315069_0244_1194_12-014.json,7,RDC_SKU,,needs_review,,,,1162,2114,1284,2160,research_outputs/golden_dataset_local_tests/crops/1770341315069_0244_1194_12-014/007_RDC_SKU_1162_2114_1284_2160.jpg,research_outputs/golden_dataset_local_tests/label_overlays_expected_sku/1770341315069_0244_1194_12-014_labels.jpg,yes,1007959383,-10.0:1007959383|-5.0:1007959383|0.0:1007959383|5.0:1007959383|10.0:1007959383|180.0:1007959383,,
1770341315069_0244_1194_12-014.jpg|Other_SKU|1450|2890|1525|2921,1770341315069_0244_1194_12-014.jpg,1770341315069_0244_1194_12-014.json,23,Other_SKU,,needs_review,,,,1450,2890,1525,2921,research_outputs/golden_dataset_local_tests/crops/1770341315069_0244_1194_12-014/023_Other_SKU_1450_2890_1525_2921.jpg,research_outputs/golden_dataset_local_tests/label_overlays_expected_sku/1770341315069_0244_1194_12-014_labels.jpg,yes,172057,-10.0:172057|-5.0:172057|0.0:172057|5.0:172057|10.0:172057|180.0:172057,,
1770341315069_0244_1220_12-015.jpg|Pallet_SKU|3032|847|3419|929,1770341315069_0244_1220_12-015.jpg,1770341315069_0244_1220_12-015.json,0,Pallet_SKU,,needs_review,,,,3032,847,3419,929,research_outputs/golden_dataset_local_tests/crops/1770341315069_0244_1220_12-015/000_Pallet_SKU_3032_847_3419_929.jpg,research_outputs/golden_dataset_local_tests/label_overlays_expected_sku/1770341315069_0244_1220_12-015_labels.jpg,yes,1005978850,-10.0:1005978850|-5.0:1005978850|0.0:1005978850|5.0:1005978850|10.0:1005978850|180.0:1005978850,,
1770341315069_0244_1220_12-015.jpg|Pallet_SKU|4088|978|4340|1072,1770341315069_0244_1220_12-015.jpg,1770341315069_0244_1220_12-015.json,2,Pallet_SKU,,needs_review,,,,4088,978,4340,1072,research_outputs/golden_dataset_local_tests/crops/1770341315069_0244_1220_12-015/002_Pallet_SKU_4088_978_4340_1072.jpg,research_outputs/golden_dataset_local_tests/label_overlays_expected_sku/1770341315069_0244_1220_12-015_labels.jpg,yes,905999,-10.0:905999|-5.0:905999|0.0:905999|5.0:905999|10.0:905999|180.0:905999,,
1770341315069_0244_1220_12-015.jpg|Other_SKU|4432|1934|4559|1984,1770341315069_0244_1220_12-015.jpg,1770341315069_0244_1220_12-015.json,13,Other_SKU,,needs_review,,,,4432,1934,4559,1984,research_outputs/golden_dataset_local_tests/crops/1770341315069_0244_1220_12-015/013_Other_SKU_4432_1934_4559_1984.jpg,research_outputs/golden_dataset_local_tests/label_overlays_expected_sku/1770341315069_0244_1220_12-015_labels.jpg,yes,150146,-10.0:150146,,
1770341315069_0244_1220_12-015.jpg|Pallet_SKU|2517|2132|2641|2181,1770341315069_0244_1220_12-015.jpg,1770341315069_0244_1220_12-015.json,15,Pallet_SKU,,needs_review,,,,2517,2132,2641,2181,research_outputs/golden_dataset_local_tests/crops/1770341315069_0244_1220_12-015/015_Pallet_SKU_2517_2132_2641_2181.jpg,research_outputs/golden_dataset_local_tests/label_overlays_expected_sku/1770341315069_0244_1220_12-015_labels.jpg,yes,1005814565,-10.0:1005814565|-5.0:1005814565|0.0:1005814565|5.0:1005814565|10.0:1005814565|180.0:1005814565,,
1770341315069_0244_1220_12-015.jpg|Pallet_SKU|1954|2101|2040|2133,1770341315069_0244_1220_12-015.jpg,1770341315069_0244_1220_12-015.json,17,Pallet_SKU,,needs_review,,,,1954,2101,2040,2133,research_outputs/golden_dataset_local_tests/crops/1770341315069_0244_1220_12-015/017_Pallet_SKU_1954_2101_2040_2133.jpg,research_outputs/golden_dataset_local_tests/label_overlays_expected_sku/1770341315069_0244_1220_12-015_labels.jpg,yes,1010070255,-10.0:1010070255|-5.0:1010070255|0.0:1010070255|5.0:1010070255|10.0:1010070255|180.0:1010070255,,
1770341315069_0244_1220_12-015.jpg|Pallet_SKU|1949|2083|2041|2115,1770341315069_0244_1220_12-015.jpg,1770341315069_0244_1220_12-015.json,18,Pallet_SKU,,needs_review,,,,1949,2083,2041,2115,research_outputs/golden_dataset_local_tests/crops/1770341315069_0244_1220_12-015/018_Pallet_SKU_1949_2083_2041_2115.jpg,research_outputs/golden_dataset_local_tests/label_overlays_expected_sku/1770341315069_0244_1220_12-015_labels.jpg,yes,1006703280,-10.0:1006703280|-5.0:1006703280|0.0:1006703280|5.0:1006703280|10.0:1006703280|180.0:1006703280,,
1770341315069_0244_1220_12-015.jpg|RDC_SKU|3638|2017|3754|2075,1770341315069_0244_1220_12-015.jpg,1770341315069_0244_1220_12-015.json,20,RDC_SKU,,needs_review,,,,3638,2017,3754,2075,research_outputs/golden_dataset_local_tests/crops/1770341315069_0244_1220_12-015/020_RDC_SKU_3638_2017_3754_2075.jpg,research_outputs/golden_dataset_local_tests/label_overlays_expected_sku/1770341315069_0244_1220_12-015_labels.jpg,yes,381912,-10.0:381912|-5.0:381912|0.0:381912|5.0:381912|10.0:381912|180.0:381912,,
1770341315069_0244_1220_12-015.jpg|Other_SKU|857|2433|960|2478,1770341315069_0244_1220_12-015.jpg,1770341315069_0244_1220_12-015.json,42,Other_SKU,,needs_review,,,,857,2433,960,2478,research_outputs/golden_dataset_local_tests/crops/1770341315069_0244_1220_12-015/042_Other_SKU_857_2433_960_2478.jpg,research_outputs/golden_dataset_local_tests/label_overlays_expected_sku/1770341315069_0244_1220_12-015_labels.jpg,yes,119256,-10.0:119256|-5.0:119256|0.0:119256|5.0:119256|10.0:119256|180.0:119256,,
1770341315069_0244_1220_12-015.jpg|RDC_SKU|662|2470|714|2614,1770341315069_0244_1220_12-015.jpg,1770341315069_0244_1220_12-015.json,45,RDC_SKU,,needs_review,,,,662,2470,714,2614,research_outputs/golden_dataset_local_tests/crops/1770341315069_0244_1220_12-015/045_RDC_SKU_662_2470_714_2614.jpg,research_outputs/golden_dataset_local_tests/label_overlays_expected_sku/1770341315069_0244_1220_12-015_labels.jpg,yes,1012412300,-10.0:1012412300|-5.0:1012412300|0.0:1012412300|5.0:1012412300|10.0:1012412300|180.0:1012412300,,
1770341315069_0244_1220_12-015.jpg|RDC_SKU|2159|2453|2315|2537,1770341315069_0244_1220_12-015.jpg,1770341315069_0244_1220_12-015.json,47,RDC_SKU,,needs_review,,,,2159,2453,2315,2537,research_outputs/golden_dataset_local_tests/crops/1770341315069_0244_1220_12-015/047_RDC_SKU_2159_2453_2315_2537.jpg,research_outputs/golden_dataset_local_tests/label_overlays_expected_sku/1770341315069_0244_1220_12-015_labels.jpg,yes,1006321940,-10.0:1006321940|-5.0:1006321940|0.0:1006321940|5.0:1006321940|10.0:1006821940|180.0:1006321940,,
1770341315069_0244_1220_12-015.jpg|RDC_SKU|2527|2534|2629|2581,1770341315069_0244_1220_12-015.jpg,1770341315069_0244_1220_12-015.json,49,RDC_SKU,,needs_review,,,,2527,2534,2629,2581,research_outputs/golden_dataset_local_tests/crops/1770341315069_0244_1220_12-015/049_RDC_SKU_2527_2534_2629_2581.jpg,research_outputs/golden_dataset_local_tests/label_overlays_expected_sku/1770341315069_0244_1220_12-015_labels.jpg,yes,459850,-10.0:458850|-5.0:458850|0.0:159850|5.0:459850|10.0:459850|180.0:159850,,
1770341315069_0244_1220_12-015.jpg|RDC_SKU|2725|2529|2886|2593,1770341315069_0244_1220_12-015.jpg,1770341315069_0244_1220_12-015.json,51,RDC_SKU,,needs_review,,,,2725,2529,2886,2593,research_outputs/golden_dataset_local_tests/crops/1770341315069_0244_1220_12-015/051_RDC_SKU_2725_2529_2886_2593.jpg,research_outputs/golden_dataset_local_tests/label_overlays_expected_sku/1770341315069_0244_1220_12-015_labels.jpg,yes,1005885548,-10.0:8799889001|-5.0:1005885548|0.0:1005885548|10.0:1005885548|180.0:1005885548,,
1770341315069_0244_1220_12-015.jpg|RDC_SKU|3598|2749|3758|2799,1770341315069_0244_1220_12-015.jpg,1770341315069_0244_1220_12-015.json,53,RDC_SKU,,needs_review,,,,3598,2749,3758,2799,research_outputs/golden_dataset_local_tests/crops/1770341315069_0244_1220_12-015/053_RDC_SKU_3598_2749_3758_2799.jpg,research_outputs/golden_dataset_local_tests/label_overlays_expected_sku/1770341315069_0244_1220_12-015_labels.jpg,yes,1010743739,-10.0:1010743739|-5.0:1010743739|0.0:1010743739|5.0:1010743739|10.0:1010743739|180.0:1010743739,,
1770341315069_0244_1220_12-015.jpg|RDC_SKU|3790|2579|3901|2623,1770341315069_0244_1220_12-015.jpg,1770341315069_0244_1220_12-015.json,55,RDC_SKU,,needs_review,,,,3790,2579,3901,2623,research_outputs/golden_dataset_local_tests/crops/1770341315069_0244_1220_12-015/055_RDC_SKU_3790_2579_3901_2623.jpg,research_outputs/golden_dataset_local_tests/label_overlays_expected_sku/1770341315069_0244_1220_12-015_labels.jpg,yes,459826,-10.0:459826|-5.0:459826|0.0:159826|5.0:459826|10.0:459826|180.0:459826,,
1770341315069_0244_1220_12-015.jpg|RDC_SKU|4089|2670|4244|2714,1770341315069_0244_1220_12-015.jpg,1770341315069_0244_1220_12-015.json,57,RDC_SKU,,needs_review,,,,4089,2670,4244,2714,research_outputs/golden_dataset_local_tests/crops/1770341315069_0244_1220_12-015/057_RDC_SKU_4089_2670_4244_2714.jpg,research_outputs/golden_dataset_local_tests/label_overlays_expected_sku/1770341315069_0244_1220_12-015_labels.jpg,yes,1004576924,-10.0:1004576924|-5.0:1004576924|0.0:1004576924|5.0:1004576924|10.0:1004576924|180.0:1004576924,,
1770341315069_0244_1220_12-015.jpg|Printed_on_Box_SKU|2823|75|3157|146,1770341315069_0244_1220_12-015.jpg,1770341315069_0244_1220_12-015.json,154,Printed_on_Box_SKU,,needs_review,,,,2823,75,3157,146,research_outputs/golden_dataset_local_tests/crops/1770341315069_0244_1220_12-015/154_Printed_on_Box_SKU_2823_75_3157_146.jpg,research_outputs/golden_dataset_local_tests/label_overlays_expected_sku/1770341315069_0244_1220_12-015_labels.jpg,yes,,,,
1770341315069_0244_1223_12-016.jpg|Pallet_SKU|1190|1297|1400|1383,1770341315069_0244_1223_12-016.jpg,1770341315069_0244_1223_12-016.json,0,Pallet_SKU,,needs_review,,,,1190,1297,1400,1383,research_outputs/golden_dataset_local_tests/crops/1770341315069_0244_1223_12-016/000_Pallet_SKU_1190_1297_1400_1383.jpg,research_outputs/golden_dataset_local_tests/label_overlays_expected_sku/1770341315069_0244_1223_12-016_labels.jpg,yes,1004092309,-10.0:1004092309|-5.0:1004092309|0.0:1004092309|5.0:1004092309|10.0:1004092309|180.0:1004092309,,
1770341315069_0244_1223_12-016.jpg|Pallet_SKU|1189|1242|1406|1335,1770341315069_0244_1223_12-016.jpg,1770341315069_0244_1223_12-016.json,1,Pallet_SKU,,needs_review,,,,1189,1242,1406,1335,research_outputs/golden_dataset_local_tests/crops/1770341315069_0244_1223_12-016/001_Pallet_SKU_1189_1242_1406_1335.jpg,research_outputs/golden_dataset_local_tests/label_overlays_expected_sku/1770341315069_0244_1223_12-016_labels.jpg,yes,1004092308,-10.0:1004092308|-5.0:1004092308|0.0:1004092308|5.0:1004092308|10.0:1004092308|180.0:1004092308,,
1770341315069_0244_1223_12-016.jpg|Pallet_SKU|1202|1190|1409|1279,1770341315069_0244_1223_12-016.jpg,1770341315069_0244_1223_12-016.json,2,Pallet_SKU,,needs_review,,,,1202,1190,1409,1279,research_outputs/golden_dataset_local_tests/crops/1770341315069_0244_1223_12-016/002_Pallet_SKU_1202_1190_1409_1279.jpg,research_outputs/golden_dataset_local_tests/label_overlays_expected_sku/1770341315069_0244_1223_12-016_labels.jpg,yes,1003104834,-10.0:1003104834|-5.0:1003104834|0.0:1003104834|5.0:1003104834|10.0:1003104834|180.0:1003104834,,
1770341315069_0244_1223_12-016.jpg|RDC_SKU|3672|961|3721|1047,1770341315069_0244_1223_12-016.jpg,1770341315069_0244_1223_12-016.json,4,RDC_SKU,,needs_review,,,,3672,961,3721,1047,research_outputs/golden_dataset_local_tests/crops/1770341315069_0244_1223_12-016/004_RDC_SKU_3672_961_3721_1047.jpg,research_outputs/golden_dataset_local_tests/label_overlays_expected_sku/1770341315069_0244_1223_12-016_labels.jpg,yes,,,,
1770341315069_0244_1223_12-016.jpg|Handwritte_SKU|1858|1681|2076|1747,1770341315069_0244_1223_12-016.jpg,1770341315069_0244_1223_12-016.json,10,Handwritte_SKU,,needs_review,,,,1858,1681,2076,1747,research_outputs/golden_dataset_local_tests/crops/1770341315069_0244_1223_12-016/010_Handwritte_SKU_1858_1681_2076_1747.jpg,research_outputs/golden_dataset_local_tests/label_overlays_expected_sku/1770341315069_0244_1223_12-016_labels.jpg,yes,1007686038,-10.0:1001686038|-5.0:1001686038|0.0:1007686038|5.0:1007686038|10.0:1007686038|180.0:1007686038,,
1770341315069_0244_1223_12-016.jpg|Handwritte_SKU|1563|1683|1832|1825,1770341315069_0244_1223_12-016.jpg,1770341315069_0244_1223_12-016.json,13,Handwritte_SKU,,needs_review,,,,1563,1683,1832,1825,research_outputs/golden_dataset_local_tests/crops/1770341315069_0244_1223_12-016/013_Handwritte_SKU_1563_1683_1832_1825.jpg,research_outputs/golden_dataset_local_tests/label_overlays_expected_sku/1770341315069_0244_1223_12-016_labels.jpg,yes,1003155747,-10.0:1003155747|-5.0:003155|0.0:1003155747|180.0:003155,,
1770341315069_0244_1223_12-016.jpg|Handwritte_SKU|1247|1710|1543|1841,1770341315069_0244_1223_12-016.jpg,1770341315069_0244_1223_12-016.json,16,Handwritte_SKU,,needs_review,,,,1247,1710,1543,1841,research_outputs/golden_dataset_local_tests/crops/1770341315069_0244_1223_12-016/016_Handwritte_SKU_1247_1710_1543_1841.jpg,research_outputs/golden_dataset_local_tests/label_overlays_expected_sku/1770341315069_0244_1223_12-016_labels.jpg,yes,1003155747,-10.0:1003155147|-5.0:1003155747|0.0:1003155747|5.0:155747|10.0:1003155747|180.0:1003155747,,
1770341315069_0244_1223_12-016.jpg|Handwritte_SKU|967|1715|1220|1852,1770341315069_0244_1223_12-016.jpg,1770341315069_0244_1223_12-016.json,18,Handwritte_SKU,,needs_review,,,,967,1715,1220,1852,research_outputs/golden_dataset_local_tests/crops/1770341315069_0244_1223_12-016/018_Handwritte_SKU_967_1715_1220_1852.jpg,research_outputs/golden_dataset_local_tests/label_overlays_expected_sku/1770341315069_0244_1223_12-016_labels.jpg,yes,1003155747,-10.0:1003155747|-5.0:1063455747|0.0:1003155747|5.0:1060345574|10.0:1003155747|180.0:1100355147,,
1770341315069_0244_1223_12-016.jpg|Other_SKU|1250|2293|1325|2334,1770341315069_0244_1223_12-016.jpg,1770341315069_0244_1223_12-016.json,32,Other_SKU,,needs_review,,,,1250,2293,1325,2334,research_outputs/golden_dataset_local_tests/crops/1770341315069_0244_1223_12-016/032_Other_SKU_1250_2293_1325_2334.jpg,research_outputs/golden_dataset_local_tests/label_overlays_expected_sku/1770341315069_0244_1223_12-016_labels.jpg,yes,117655,-10.0:117855|-5.0:117855|0.0:117855|5.0:117655|10.0:117855|180.0:717855,,
1770341315069_0244_1223_12-016.jpg|Other_SKU|2389|2510|2489|2552,1770341315069_0244_1223_12-016.jpg,1770341315069_0244_1223_12-016.json,44,Other_SKU,,needs_review,,,,2389,2510,2489,2552,research_outputs/golden_dataset_local_tests/crops/1770341315069_0244_1223_12-016/044_Other_SKU_2389_2510_2489_2552.jpg,research_outputs/golden_dataset_local_tests/label_overlays_expected_sku/1770341315069_0244_1223_12-016_labels.jpg,yes,1707686025,-5.0:718505|5.0:1700768505,,
1770341315069_0244_1223_12-016.jpg|Pallet_SKU|3707|2348|3981|2451,1770341315069_0244_1223_12-016.jpg,1770341315069_0244_1223_12-016.json,48,Pallet_SKU,,needs_review,,,,3707,2348,3981,2451,research_outputs/golden_dataset_local_tests/crops/1770341315069_0244_1223_12-016/048_Pallet_SKU_3707_2348_3981_2451.jpg,research_outputs/golden_dataset_local_tests/label_overlays_expected_sku/1770341315069_0244_1223_12-016_labels.jpg,yes,166065,-10.0:166065|-5.0:166065|0.0:166065|5.0:166065|10.0:166065|180.0:166065,,
1770341315069_0244_1223_12-016.jpg|Other_SKU|1083|2428|1179|2465,1770341315069_0244_1223_12-016.jpg,1770341315069_0244_1223_12-016.json,140,Other_SKU,,needs_review,,,,1083,2428,1179,2465,research_outputs/golden_dataset_local_tests/crops/1770341315069_0244_1223_12-016/140_Other_SKU_1083_2428_1179_2465.jpg,research_outputs/golden_dataset_local_tests/label_overlays_expected_sku/1770341315069_0244_1223_12-016_labels.jpg,yes,,,,
1770341315069_0244_1223_12-016.jpg|Other_SKU|959|2434|1058|2469,1770341315069_0244_1223_12-016.jpg,1770341315069_0244_1223_12-016.json,142,Other_SKU,,needs_review,,,,959,2434,1058,2469,research_outputs/golden_dataset_local_tests/crops/1770341315069_0244_1223_12-016/142_Other_SKU_959_2434_1058_2469.jpg,research_outputs/golden_dataset_local_tests/label_overlays_expected_sku/1770341315069_0244_1223_12-016_labels.jpg,yes,,,,
1770341315069_0244_1247_12-017.jpg|RDC_SKU|1529|1978|1674|2039,1770341315069_0244_1247_12-017.jpg,1770341315069_0244_1247_12-017.json,5,RDC_SKU,,needs_review,,,,1529,1978,1674,2039,research_outputs/golden_dataset_local_tests/crops/1770341315069_0244_1247_12-017/005_RDC_SKU_1529_1978_1674_2039.jpg,research_outputs/golden_dataset_local_tests/label_overlays_expected_sku/1770341315069_0244_1247_12-017_labels.jpg,yes,1014239900,-10.0:1014239900|-5.0:1014239900|0.0:1014239900|5.0:1014239900|10.0:1014239900|180.0:1014239900,,
1770341315069_0244_1247_12-017.jpg|RDC_SKU|1554|1810|1701|1856,1770341315069_0244_1247_12-017.jpg,1770341315069_0244_1247_12-017.json,8,RDC_SKU,,needs_review,,,,1554,1810,1701,1856,research_outputs/golden_dataset_local_tests/crops/1770341315069_0244_1247_12-017/008_RDC_SKU_1554_1810_1701_1856.jpg,research_outputs/golden_dataset_local_tests/label_overlays_expected_sku/1770341315069_0244_1247_12-017_labels.jpg,yes,1014239899,-10.0:1014239899|-5.0:1014239899|0.0:1014279899|5.0:1014279899|10.0:1014239899|180.0:1014279899,,
1770341315069_0244_1247_12-017.jpg|RDC_SKU|1607|1551|1752|1596,1770341315069_0244_1247_12-017.jpg,1770341315069_0244_1247_12-017.json,11,RDC_SKU,,needs_review,,,,1607,1551,1752,1596,research_outputs/golden_dataset_local_tests/crops/1770341315069_0244_1247_12-017/011_RDC_SKU_1607_1551_1752_1596.jpg,research_outputs/golden_dataset_local_tests/label_overlays_expected_sku/1770341315069_0244_1247_12-017_labels.jpg,yes,1014239900,-5.0:101423|0.0:1014239900|180.0:1014239900,,
1770341315069_0244_1247_12-017.jpg|Other_SKU|1977|1581|2084|1630,1770341315069_0244_1247_12-017.jpg,1770341315069_0244_1247_12-017.json,14,Other_SKU,,needs_review,,,,1977,1581,2084,1630,research_outputs/golden_dataset_local_tests/crops/1770341315069_0244_1247_12-017/014_Other_SKU_1977_1581_2084_1630.jpg,research_outputs/golden_dataset_local_tests/label_overlays_expected_sku/1770341315069_0244_1247_12-017_labels.jpg,yes,230796,-10.0:230795|-5.0:230795|0.0:230795|5.0:230796|10.0:230796|180.0:230796,,
1770341315069_0244_1247_12-017.jpg|Other_SKU|2738|1892|2877|1934,1770341315069_0244_1247_12-017.jpg,1770341315069_0244_1247_12-017.json,19,Other_SKU,,needs_review,,,,2738,1892,2877,1934,research_outputs/golden_dataset_local_tests/crops/1770341315069_0244_1247_12-017/019_Other_SKU_2738_1892_2877_1934.jpg,research_outputs/golden_dataset_local_tests/label_overlays_expected_sku/1770341315069_0244_1247_12-017_labels.jpg,yes,366209,-10.0:866209|-5.0:366205|5.0:366209|10.0:366209,,
1770341315069_0244_1247_12-017.jpg|Other_SKU|2983|1963|3042|2097,1770341315069_0244_1247_12-017.jpg,1770341315069_0244_1247_12-017.json,21,Other_SKU,,needs_review,,,,2983,1963,3042,2097,research_outputs/golden_dataset_local_tests/crops/1770341315069_0244_1247_12-017/021_Other_SKU_2983_1963_3042_2097.jpg,research_outputs/golden_dataset_local_tests/label_overlays_expected_sku/1770341315069_0244_1247_12-017_labels.jpg,yes,292214,0.0:202214|5.0:202214|10.0:202214|180.0:202214,,
1770341315069_0244_1247_12-017.jpg|Printed_on_Box_SKU|3839|1895|4048|1964,1770341315069_0244_1247_12-017.jpg,1770341315069_0244_1247_12-017.json,29,Printed_on_Box_SKU,,needs_review,,,,3839,1895,4048,1964,research_outputs/golden_dataset_local_tests/crops/1770341315069_0244_1247_12-017/029_Printed_on_Box_SKU_3839_1895_4048_1964.jpg,research_outputs/golden_dataset_local_tests/label_overlays_expected_sku/1770341315069_0244_1247_12-017_labels.jpg,yes,1005374863,-10.0:1005874863|-5.0:1005374863|0.0:1005374863|5.0:1005374863|10.0:1005374863|180.0:1005374863,,
1770341315069_0244_1247_12-017.jpg|Printed_on_Box_SKU|3452|1805|3696|1892,1770341315069_0244_1247_12-017.jpg,1770341315069_0244_1247_12-017.json,31,Printed_on_Box_SKU,,needs_review,,,,3452,1805,3696,1892,research_outputs/golden_dataset_local_tests/crops/1770341315069_0244_1247_12-017/031_Printed_on_Box_SKU_3452_1805_3696_1892.jpg,research_outputs/golden_dataset_local_tests/label_overlays_expected_sku/1770341315069_0244_1247_12-017_labels.jpg,yes,517153,-10.0:517153|-5.0:517153|0.0:517153|5.0:517153|10.0:517153|180.0:517153,,
1770341315069_0244_1247_12-017.jpg|RDC_SKU|2333|2912|2497|2978,1770341315069_0244_1247_12-017.jpg,1770341315069_0244_1247_12-017.json,65,RDC_SKU,,needs_review,,,,2333,2912,2497,2978,research_outputs/golden_dataset_local_tests/crops/1770341315069_0244_1247_12-017/065_RDC_SKU_2333_2912_2497_2978.jpg,research_outputs/golden_dataset_local_tests/label_overlays_expected_sku/1770341315069_0244_1247_12-017_labels.jpg,yes,172413,-10.0:172413|-5.0:172413|0.0:172413|5.0:172413|10.0:172413|180.0:172413,,
1770341315069_0244_1247_12-017.jpg|Other_SKU|2714|2884|2861|2932,1770341315069_0244_1247_12-017.jpg,1770341315069_0244_1247_12-017.json,67,Other_SKU,,needs_review,,,,2714,2884,2861,2932,research_outputs/golden_dataset_local_tests/crops/1770341315069_0244_1247_12-017/067_Other_SKU_2714_2884_2861_2932.jpg,research_outputs/golden_dataset_local_tests/label_overlays_expected_sku/1770341315069_0244_1247_12-017_labels.jpg,yes,,,,
1770341315069_0244_1247_12-017.jpg|Other_SKU|3285|3068|3387|3112,1770341315069_0244_1247_12-017.jpg,1770341315069_0244_1247_12-017.json,69,Other_SKU,,needs_review,,,,3285,3068,3387,3112,research_outputs/golden_dataset_local_tests/crops/1770341315069_0244_1247_12-017/069_Other_SKU_3285_3068_3387_3112.jpg,research_outputs/golden_dataset_local_tests/label_overlays_expected_sku/1770341315069_0244_1247_12-017_labels.jpg,yes,140252,-10.0:140252|-5.0:140252|0.0:140252|180.0:140252,,
1770341315069_0244_1247_12-017.jpg|RDC_SKU|3408|3002|3575|3060,1770341315069_0244_1247_12-017.jpg,1770341315069_0244_1247_12-017.json,71,RDC_SKU,,needs_review,,,,3408,3002,3575,3060,research_outputs/golden_dataset_local_tests/crops/1770341315069_0244_1247_12-017/071_RDC_SKU_3408_3002_3575_3060.jpg,research_outputs/golden_dataset_local_tests/label_overlays_expected_sku/1770341315069_0244_1247_12-017_labels.jpg,yes,5267777001,-5.0:5257777001|0.0:5267777001|5.0:777700|10.0:5267777001|180.0:5257777001,,
1770341315069_0244_1247_12-017.jpg|RDC_SKU|3414|2556|3583|2608,1770341315069_0244_1247_12-017.jpg,1770341315069_0244_1247_12-017.json,73,RDC_SKU,,needs_review,,,,3414,2556,3583,2608,research_outputs/golden_dataset_local_tests/crops/1770341315069_0244_1247_12-017/073_RDC_SKU_3414_2556_3583_2608.jpg,research_outputs/golden_dataset_local_tests/label_overlays_expected_sku/1770341315069_0244_1247_12-017_labels.jpg,yes,1014356628,-5.0:1014066628|0.0:1014066628|5.0:1014066628|10.0:1014056628|180.0:1014066628,,
1770341315069_0244_1247_12-017.jpg|RDC_SKU|3930|3047|4096|3100,1770341315069_0244_1247_12-017.jpg,1770341315069_0244_1247_12-017.json,75,RDC_SKU,,needs_review,,,,3930,3047,4096,3100,research_outputs/golden_dataset_local_tests/crops/1770341315069_0244_1247_12-017/075_RDC_SKU_3930_3047_4096_3100.jpg,research_outputs/golden_dataset_local_tests/label_overlays_expected_sku/1770341315069_0244_1247_12-017_labels.jpg,yes,1002437875,-10.0:1002437375|-5.0:1002437875|0.0:1002437675|5.0:1002437875|10.0:1002437875|180.0:1002437675,,
1770341315069_0244_1247_12-017.jpg|Other_SKU|3749|3125|3891|3177,1770341315069_0244_1247_12-017.jpg,1770341315069_0244_1247_12-017.json,77,Other_SKU,,needs_review,,,,3749,3125,3891,3177,research_outputs/golden_dataset_local_tests/crops/1770341315069_0244_1247_12-017/077_Other_SKU_3749_3125_3891_3177.jpg,research_outputs/golden_dataset_local_tests/label_overlays_expected_sku/1770341315069_0244_1247_12-017_labels.jpg,yes,1000011774,,,
1770341315069_0244_1247_12-017.jpg|Handwritte_SKU|1762|702|1876|888,1770341315069_0244_1247_12-017.jpg,1770341315069_0244_1247_12-017.json,83,Handwritte_SKU,,needs_review,,,,1762,702,1876,888,research_outputs/golden_dataset_local_tests/crops/1770341315069_0244_1247_12-017/083_Handwritte_SKU_1762_702_1876_888.jpg,research_outputs/golden_dataset_local_tests/label_overlays_expected_sku/1770341315069_0244_1247_12-017_labels.jpg,yes,,,,
1770341315069_0244_1247_12-017.jpg|Other_SKU|3118|2715|3255|2774,1770341315069_0244_1247_12-017.jpg,1770341315069_0244_1247_12-017.json,285,Other_SKU,,needs_review,,,,3118,2715,3255,2774,research_outputs/golden_dataset_local_tests/crops/1770341315069_0244_1247_12-017/285_Other_SKU_3118_2715_3255_2774.jpg,research_outputs/golden_dataset_local_tests/label_overlays_expected_sku/1770341315069_0244_1247_12-017_labels.jpg,yes,140619,-10.0:140619|-5.0:140619|0.0:140619|5.0:140619|10.0:140619|180.0:140619,,
1770341315069_0244_1247_12-017.jpg|Handwritte_SKU|2632|2503|2847|2557,1770341315069_0244_1247_12-017.jpg,1770341315069_0244_1247_12-017.json,287,Handwritte_SKU,,needs_review,,,,2632,2503,2847,2557,research_outputs/golden_dataset_local_tests/crops/1770341315069_0244_1247_12-017/287_Handwritte_SKU_2632_2503_2847_2557.jpg,research_outputs/golden_dataset_local_tests/label_overlays_expected_sku/1770341315069_0244_1247_12-017_labels.jpg,yes,1005607199,-10.0:100560|-5.0:607194|5.0:100569|10.0:1005607199,,
1770341315069_0244_1247_12-017.jpg|Other_SKU|919|1871|987|1904,1770341315069_0244_1247_12-017.jpg,1770341315069_0244_1247_12-017.json,288,Other_SKU,,needs_review,,,,919,1871,987,1904,research_outputs/golden_dataset_local_tests/crops/1770341315069_0244_1247_12-017/288_Other_SKU_919_1871_987_1904.jpg,research_outputs/golden_dataset_local_tests/label_overlays_expected_sku/1770341315069_0244_1247_12-017_labels.jpg,yes,,,,
1770341315069_0244_1247_12-017.jpg|Other_SKU|1108|1835|1175|1864,1770341315069_0244_1247_12-017.jpg,1770341315069_0244_1247_12-017.json,290,Other_SKU,,needs_review,,,,1108,1835,1175,1864,research_outputs/golden_dataset_local_tests/crops/1770341315069_0244_1247_12-017/290_Other_SKU_1108_1835_1175_1864.jpg,research_outputs/golden_dataset_local_tests/label_overlays_expected_sku/1770341315069_0244_1247_12-017_labels.jpg,yes,,,,
1770341315069_0244_1247_12-017.jpg|Other_SKU|1324|1881|1390|1912,1770341315069_0244_1247_12-017.jpg,1770341315069_0244_1247_12-017.json,292,Other_SKU,,needs_review,,,,1324,1881,1390,1912,research_outputs/golden_dataset_local_tests/crops/1770341315069_0244_1247_12-017/292_Other_SKU_1324_1881_1390_1912.jpg,research_outputs/golden_dataset_local_tests/label_overlays_expected_sku/1770341315069_0244_1247_12-017_labels.jpg,yes,,,,
1770341315069_0244_1247_12-017.jpg|Other_SKU|2187|1892|2269|1922,1770341315069_0244_1247_12-017.jpg,1770341315069_0244_1247_12-017.json,294,Other_SKU,,needs_review,,,,2187,1892,2269,1922,research_outputs/golden_dataset_local_tests/crops/1770341315069_0244_1247_12-017/294_Other_SKU_2187_1892_2269_1922.jpg,research_outputs/golden_dataset_local_tests/label_overlays_expected_sku/1770341315069_0244_1247_12-017_labels.jpg,yes,,,,
1770341315069_0244_1247_12-017.jpg|Other_SKU|2702|1980|2833|2019,1770341315069_0244_1247_12-017.jpg,1770341315069_0244_1247_12-017.json,296,Other_SKU,,needs_review,,,,2702,1980,2833,2019,research_outputs/golden_dataset_local_tests/crops/1770341315069_0244_1247_12-017/296_Other_SKU_2702_1980_2833_2019.jpg,research_outputs/golden_dataset_local_tests/label_overlays_expected_sku/1770341315069_0244_1247_12-017_labels.jpg,yes,1073662019,-10.0:1078662019|-5.0:1078662155|0.0:1073662199|5.0:1073662019|180.0:1073662199,,
1770341315069_0244_1247_12-017.jpg|Handwritte_SKU|4374|2785|4528|2852,1770341315069_0244_1247_12-017.jpg,1770341315069_0244_1247_12-017.json,298,Handwritte_SKU,,needs_review,,,,4374,2785,4528,2852,research_outputs/golden_dataset_local_tests/crops/1770341315069_0244_1247_12-017/298_Handwritte_SKU_4374_2785_4528_2852.jpg,research_outputs/golden_dataset_local_tests/label_overlays_expected_sku/1770341315069_0244_1247_12-017_labels.jpg,yes,436771,-10.0:436771|-5.0:436771|0.0:436771|5.0:436771|10.0:436771|180.0:436771,,
1770341315069_0244_1248_12-018.jpg|RDC_SKU|1551|464|1629|509,1770341315069_0244_1248_12-018.jpg,1770341315069_0244_1248_12-018.json,1,RDC_SKU,,needs_review,,,,1551,464,1629,509,research_outputs/golden_dataset_local_tests/crops/1770341315069_0244_1248_12-018/001_RDC_SKU_1551_464_1629_509.jpg,research_outputs/golden_dataset_local_tests/label_overlays_expected_sku/1770341315069_0244_1248_12-018_labels.jpg,yes,,,,
1770341315069_0244_1248_12-018.jpg|RDC_SKU|1447|644|1517|683,1770341315069_0244_1248_12-018.jpg,1770341315069_0244_1248_12-018.json,5,RDC_SKU,,needs_review,,,,1447,644,1517,683,research_outputs/golden_dataset_local_tests/crops/1770341315069_0244_1248_12-018/005_RDC_SKU_1447_644_1517_683.jpg,research_outputs/golden_dataset_local_tests/label_overlays_expected_sku/1770341315069_0244_1248_12-018_labels.jpg,yes,,,,
1770341315069_0244_1248_12-018.jpg|RDC_SKU|1327|764|1385|800,1770341315069_0244_1248_12-018.jpg,1770341315069_0244_1248_12-018.json,7,RDC_SKU,,needs_review,,,,1327,764,1385,800,research_outputs/golden_dataset_local_tests/crops/1770341315069_0244_1248_12-018/007_RDC_SKU_1327_764_1385_800.jpg,research_outputs/golden_dataset_local_tests/label_overlays_expected_sku/1770341315069_0244_1248_12-018_labels.jpg,yes,,,,
1770341315069_0244_1248_12-018.jpg|RDC_SKU|1399|889|1473|928,1770341315069_0244_1248_12-018.jpg,1770341315069_0244_1248_12-018.json,9,RDC_SKU,,needs_review,,,,1399,889,1473,928,research_outputs/golden_dataset_local_tests/crops/1770341315069_0244_1248_12-018/009_RDC_SKU_1399_889_1473_928.jpg,research_outputs/golden_dataset_local_tests/label_overlays_expected_sku/1770341315069_0244_1248_12-018_labels.jpg,yes,,,,
1770341315069_0244_1248_12-018.jpg|RDC_SKU|1310|1011|1383|1055,1770341315069_0244_1248_12-018.jpg,1770341315069_0244_1248_12-018.json,13,RDC_SKU,,needs_review,,,,1310,1011,1383,1055,research_outputs/golden_dataset_local_tests/crops/1770341315069_0244_1248_12-018/013_RDC_SKU_1310_1011_1383_1055.jpg,research_outputs/golden_dataset_local_tests/label_overlays_expected_sku/1770341315069_0244_1248_12-018_labels.jpg,yes,,,,
1770341315069_0244_1248_12-018.jpg|RDC_SKU|1353|1144|1430|1191,1770341315069_0244_1248_12-018.jpg,1770341315069_0244_1248_12-018.json,15,RDC_SKU,,needs_review,,,,1353,1144,1430,1191,research_outputs/golden_dataset_local_tests/crops/1770341315069_0244_1248_12-018/015_RDC_SKU_1353_1144_1430_1191.jpg,research_outputs/golden_dataset_local_tests/label_overlays_expected_sku/1770341315069_0244_1248_12-018_labels.jpg,yes,633283,-10.0:633283|-5.0:633283|0.0:633283|5.0:633283|10.0:633283|180.0:633283,,
1770341315069_0244_1248_12-018.jpg|RDC_SKU|1315|1262|1390|1305,1770341315069_0244_1248_12-018.jpg,1770341315069_0244_1248_12-018.json,19,RDC_SKU,,needs_review,,,,1315,1262,1390,1305,research_outputs/golden_dataset_local_tests/crops/1770341315069_0244_1248_12-018/019_RDC_SKU_1315_1262_1390_1305.jpg,research_outputs/golden_dataset_local_tests/label_overlays_expected_sku/1770341315069_0244_1248_12-018_labels.jpg,yes,,,,
1770341315069_0244_1248_12-018.jpg|RDC_SKU|1771|577|1869|631,1770341315069_0244_1248_12-018.jpg,1770341315069_0244_1248_12-018.json,24,RDC_SKU,,needs_review,,,,1771,577,1869,631,research_outputs/golden_dataset_local_tests/crops/1770341315069_0244_1248_12-018/024_RDC_SKU_1771_577_1869_631.jpg,research_outputs/golden_dataset_local_tests/label_overlays_expected_sku/1770341315069_0244_1248_12-018_labels.jpg,yes,,,,
1770341315069_0244_1248_12-018.jpg|RDC_SKU|1722|824|1799|852,1770341315069_0244_1248_12-018.jpg,1770341315069_0244_1248_12-018.json,27,RDC_SKU,,needs_review,,,,1722,824,1799,852,research_outputs/golden_dataset_local_tests/crops/1770341315069_0244_1248_12-018/027_RDC_SKU_1722_824_1799_852.jpg,research_outputs/golden_dataset_local_tests/label_overlays_expected_sku/1770341315069_0244_1248_12-018_labels.jpg,yes,,,,
1770341315069_0244_1248_12-018.jpg|RDC_SKU|1786|1199|1867|1233,1770341315069_0244_1248_12-018.jpg,1770341315069_0244_1248_12-018.json,32,RDC_SKU,,needs_review,,,,1786,1199,1867,1233,research_outputs/golden_dataset_local_tests/crops/1770341315069_0244_1248_12-018/032_RDC_SKU_1786_1199_1867_1233.jpg,research_outputs/golden_dataset_local_tests/label_overlays_expected_sku/1770341315069_0244_1248_12-018_labels.jpg,yes,633283,0.0:633283|5.0:633283|180.0:633283,,
1770341315069_0244_1248_12-018.jpg|RDC_SKU|1796|1051|1873|1096,1770341315069_0244_1248_12-018.jpg,1770341315069_0244_1248_12-018.json,34,RDC_SKU,,needs_review,,,,1796,1051,1873,1096,research_outputs/golden_dataset_local_tests/crops/1770341315069_0244_1248_12-018/034_RDC_SKU_1796_1051_1873_1096.jpg,research_outputs/golden_dataset_local_tests/label_overlays_expected_sku/1770341315069_0244_1248_12-018_labels.jpg,yes,633283,-10.0:633283|-5.0:633283|0.0:633283|5.0:633283|10.0:633283|180.0:633283,,
1770341315069_0244_1248_12-018.jpg|RDC_SKU|2593|646|2681|693,1770341315069_0244_1248_12-018.jpg,1770341315069_0244_1248_12-018.json,37,RDC_SKU,,needs_review,,,,2593,646,2681,693,research_outputs/golden_dataset_local_tests/crops/1770341315069_0244_1248_12-018/037_RDC_SKU_2593_646_2681_693.jpg,research_outputs/golden_dataset_local_tests/label_overlays_expected_sku/1770341315069_0244_1248_12-018_labels.jpg,yes,,,,
1770341315069_0244_1248_12-018.jpg|RDC_SKU|2480|993|2544|1026,1770341315069_0244_1248_12-018.jpg,1770341315069_0244_1248_12-018.json,43,RDC_SKU,,needs_review,,,,2480,993,2544,1026,research_outputs/golden_dataset_local_tests/crops/1770341315069_0244_1248_12-018/043_RDC_SKU_2480_993_2544_1026.jpg,research_outputs/golden_dataset_local_tests/label_overlays_expected_sku/1770341315069_0244_1248_12-018_labels.jpg,yes,,,,
1770341315069_0244_1248_12-018.jpg|RDC_SKU|2496|883|2591|921,1770341315069_0244_1248_12-018.jpg,1770341315069_0244_1248_12-018.json,45,RDC_SKU,,needs_review,,,,2496,883,2591,921,research_outputs/golden_dataset_local_tests/crops/1770341315069_0244_1248_12-018/045_RDC_SKU_2496_883_2591_921.jpg,research_outputs/golden_dataset_local_tests/label_overlays_expected_sku/1770341315069_0244_1248_12-018_labels.jpg,yes,,,,
1770341315069_0244_1248_12-018.jpg|RDC_SKU|2526|1135|2614|1175,1770341315069_0244_1248_12-018.jpg,1770341315069_0244_1248_12-018.json,47,RDC_SKU,,needs_review,,,,2526,1135,2614,1175,research_outputs/golden_dataset_local_tests/crops/1770341315069_0244_1248_12-018/047_RDC_SKU_2526_1135_2614_1175.jpg,research_outputs/golden_dataset_local_tests/label_overlays_expected_sku/1770341315069_0244_1248_12-018_labels.jpg,yes,633269,-10.0:692289|-5.0:633269|0.0:633269|5.0:633269|10.0:692289|180.0:633269,,
1770341315069_0244_1248_12-018.jpg|Pallet_SKU|3593|821|3979|935,1770341315069_0244_1248_12-018.jpg,1770341315069_0244_1248_12-018.json,53,Pallet_SKU,,needs_review,,,,3593,821,3979,935,research_outputs/golden_dataset_local_tests/crops/1770341315069_0244_1248_12-018/053_Pallet_SKU_3593_821_3979_935.jpg,research_outputs/golden_dataset_local_tests/label_overlays_expected_sku/1770341315069_0244_1248_12-018_labels.jpg,yes,1012740619,-10.0:1012740619|-5.0:1012740619|0.0:1012740619|5.0:1012740619|10.0:1012740619|180.0:1012740619,,
1770341315069_0244_1248_12-018.jpg|Pallet_SKU|4336|644|4607|727,1770341315069_0244_1248_12-018.jpg,1770341315069_0244_1248_12-018.json,55,Pallet_SKU,,needs_review,,,,4336,644,4607,727,research_outputs/golden_dataset_local_tests/crops/1770341315069_0244_1248_12-018/055_Pallet_SKU_4336_644_4607_727.jpg,research_outputs/golden_dataset_local_tests/label_overlays_expected_sku/1770341315069_0244_1248_12-018_labels.jpg,yes,1011259414,-10.0:1011259414|-5.0:1011259414|0.0:1011259414|5.0:1011259414|10.0:1011259414|180.0:1011259414,,
1770341315069_0244_1248_12-018.jpg|Pallet_SKU|4347|702|4618|785,1770341315069_0244_1248_12-018.jpg,1770341315069_0244_1248_12-018.json,56,Pallet_SKU,,needs_review,,,,4347,702,4618,785,research_outputs/golden_dataset_local_tests/crops/1770341315069_0244_1248_12-018/056_Pallet_SKU_4347_702_4618_785.jpg,research_outputs/golden_dataset_local_tests/label_overlays_expected_sku/1770341315069_0244_1248_12-018_labels.jpg,yes,1011259426,-10.0:1011259426|-5.0:1011259426|0.0:1011259426|5.0:1011259426|10.0:1011259426|180.0:1011259426,,
1770341315069_0244_1248_12-018.jpg|Pallet_SKU|4361|766|4632|849,1770341315069_0244_1248_12-018.jpg,1770341315069_0244_1248_12-018.json,57,Pallet_SKU,,needs_review,,,,4361,766,4632,849,research_outputs/golden_dataset_local_tests/crops/1770341315069_0244_1248_12-018/057_Pallet_SKU_4361_766_4632_849.jpg,research_outputs/golden_dataset_local_tests/label_overlays_expected_sku/1770341315069_0244_1248_12-018_labels.jpg,yes,1011259428,-10.0:1011259428|-5.0:1011259428|0.0:1011259428|5.0:1011259428|10.0:1011259428|180.0:1011259428,,
1770341315069_0244_1248_12-018.jpg|RDC_SKU|1150|2537|1272|2588,1770341315069_0244_1248_12-018.jpg,1770341315069_0244_1248_12-018.json,63,RDC_SKU,,needs_review,,,,1150,2537,1272,2588,research_outputs/golden_dataset_local_tests/crops/1770341315069_0244_1248_12-018/063_RDC_SKU_1150_2537_1272_2588.jpg,research_outputs/golden_dataset_local_tests/label_overlays_expected_sku/1770341315069_0244_1248_12-018_labels.jpg,yes,1000037102,-10.0:1000037102|-5.0:1000037102|0.0:1000037102|5.0:1000037102|180.0:1000037102,,
1770341315069_0244_1248_12-018.jpg|RDC_SKU|1294|2232|1415|2268,1770341315069_0244_1248_12-018.jpg,1770341315069_0244_1248_12-018.json,65,RDC_SKU,,needs_review,,,,1294,2232,1415,2268,research_outputs/golden_dataset_local_tests/crops/1770341315069_0244_1248_12-018/065_RDC_SKU_1294_2232_1415_2268.jpg,research_outputs/golden_dataset_local_tests/label_overlays_expected_sku/1770341315069_0244_1248_12-018_labels.jpg,yes,,,,
1770341315069_0244_1248_12-018.jpg|Other_SKU|1803|2465|1920|2509,1770341315069_0244_1248_12-018.jpg,1770341315069_0244_1248_12-018.json,73,Other_SKU,,needs_review,,,,1803,2465,1920,2509,research_outputs/golden_dataset_local_tests/crops/1770341315069_0244_1248_12-018/073_Other_SKU_1803_2465_1920_2509.jpg,research_outputs/golden_dataset_local_tests/label_overlays_expected_sku/1770341315069_0244_1248_12-018_labels.jpg,yes,100101,-10.0:100101|-5.0:100101|0.0:100101|5.0:100101|10.0:100101|180.0:100101,,
1770341315069_0244_1248_12-018.jpg|Other_SKU|1810|2221|1933|2265,1770341315069_0244_1248_12-018.jpg,1770341315069_0244_1248_12-018.json,76,Other_SKU,,needs_review,,,,1810,2221,1933,2265,research_outputs/golden_dataset_local_tests/crops/1770341315069_0244_1248_12-018/076_Other_SKU_1810_2221_1933_2265.jpg,research_outputs/golden_dataset_local_tests/label_overlays_expected_sku/1770341315069_0244_1248_12-018_labels.jpg,yes,,,,
1770341315069_0244_1248_12-018.jpg|RDC_SKU|1979|1789|2018|1924,1770341315069_0244_1248_12-018.jpg,1770341315069_0244_1248_12-018.json,80,RDC_SKU,,needs_review,,,,1979,1789,2018,1924,research_outputs/golden_dataset_local_tests/crops/1770341315069_0244_1248_12-018/080_RDC_SKU_1979_1789_2018_1924.jpg,research_outputs/golden_dataset_local_tests/label_overlays_expected_sku/1770341315069_0244_1248_12-018_labels.jpg,yes,1000037103,,,
1770341315069_0244_1248_12-018.jpg|RDC_SKU|1991|1957|2082|2003,1770341315069_0244_1248_12-018.jpg,1770341315069_0244_1248_12-018.json,82,RDC_SKU,,needs_review,,,,1991,1957,2082,2003,research_outputs/golden_dataset_local_tests/crops/1770341315069_0244_1248_12-018/082_RDC_SKU_1991_1957_2082_2003.jpg,research_outputs/golden_dataset_local_tests/label_overlays_expected_sku/1770341315069_0244_1248_12-018_labels.jpg,yes,,,,
1770341315069_0244_1248_12-018.jpg|RDC_SKU|2009|2168|2147|2225,1770341315069_0244_1248_12-018.jpg,1770341315069_0244_1248_12-018.json,84,RDC_SKU,,needs_review,,,,2009,2168,2147,2225,research_outputs/golden_dataset_local_tests/crops/1770341315069_0244_1248_12-018/084_RDC_SKU_2009_2168_2147_2225.jpg,research_outputs/golden_dataset_local_tests/label_overlays_expected_sku/1770341315069_0244_1248_12-018_labels.jpg,yes,1005154059,-10.0:1005154059|-5.0:1005154059|0.0:1005154059|5.0:1005154059|10.0:1005154059|180.0:1005154059,,
1770341315069_0244_1248_12-018.jpg|RDC_SKU|2581|2342|2687|2398,1770341315069_0244_1248_12-018.jpg,1770341315069_0244_1248_12-018.json,95,RDC_SKU,,needs_review,,,,2581,2342,2687,2398,research_outputs/golden_dataset_local_tests/crops/1770341315069_0244_1248_12-018/095_RDC_SKU_2581_2342_2687_2398.jpg,research_outputs/golden_dataset_local_tests/label_overlays_expected_sku/1770341315069_0244_1248_12-018_labels.jpg,yes,515435,-10.0:515435|-5.0:515435|0.0:515435|5.0:515435|10.0:515435|180.0:515435,,
1770341315069_0244_1248_12-018.jpg|RDC_SKU|3120|1852|3270|1898,1770341315069_0244_1248_12-018.jpg,1770341315069_0244_1248_12-018.json,100,RDC_SKU,,needs_review,,,,3120,1852,3270,1898,research_outputs/golden_dataset_local_tests/crops/1770341315069_0244_1248_12-018/100_RDC_SKU_3120_1852_3270_1898.jpg,research_outputs/golden_dataset_local_tests/label_overlays_expected_sku/1770341315069_0244_1248_12-018_labels.jpg,yes,1001356345,-10.0:1001356345|-5.0:1001356345|0.0:1001356345|5.0:1001356345|10.0:1001356345|180.0:1001356345,,
1770341315069_0244_1248_12-018.jpg|RDC_SKU|3422|1813|3521|1852,1770341315069_0244_1248_12-018.jpg,1770341315069_0244_1248_12-018.json,103,RDC_SKU,,needs_review,,,,3422,1813,3521,1852,research_outputs/golden_dataset_local_tests/crops/1770341315069_0244_1248_12-018/103_RDC_SKU_3422_1813_3521_1852.jpg,research_outputs/golden_dataset_local_tests/label_overlays_expected_sku/1770341315069_0244_1248_12-018_labels.jpg,yes,514210,-10.0:514210|-5.0:514210|0.0:514210|5.0:514210|10.0:514210|180.0:514210,,
1770341315069_0244_1248_12-018.jpg|RDC_SKU|3142|2182|3298|2234,1770341315069_0244_1248_12-018.jpg,1770341315069_0244_1248_12-018.json,106,RDC_SKU,,needs_review,,,,3142,2182,3298,2234,research_outputs/golden_dataset_local_tests/crops/1770341315069_0244_1248_12-018/106_RDC_SKU_3142_2182_3298_2234.jpg,research_outputs/golden_dataset_local_tests/label_overlays_expected_sku/1770341315069_0244_1248_12-018_labels.jpg,yes,1001356342,-10.0:1001356342|-5.0:1001356342|0.0:1001356342|5.0:1001356342|10.0:1001356342|180.0:1001356342,,
1770341315069_0244_1248_12-018.jpg|RDC_SKU|1372|3064|1478|3112,1770341315069_0244_1248_12-018.jpg,1770341315069_0244_1248_12-018.json,114,RDC_SKU,,needs_review,,,,1372,3064,1478,3112,research_outputs/golden_dataset_local_tests/crops/1770341315069_0244_1248_12-018/114_RDC_SKU_1372_3064_1478_3112.jpg,research_outputs/golden_dataset_local_tests/label_overlays_expected_sku/1770341315069_0244_1248_12-018_labels.jpg,yes,,,,
1770341315069_0244_1248_12-018.jpg|RDC_SKU|1281|3236|1372|3289,1770341315069_0244_1248_12-018.jpg,1770341315069_0244_1248_12-018.json,116,RDC_SKU,,needs_review,,,,1281,3236,1372,3289,research_outputs/golden_dataset_local_tests/crops/1770341315069_0244_1248_12-018/116_RDC_SKU_1281_3236_1372_3289.jpg,research_outputs/golden_dataset_local_tests/label_overlays_expected_sku/1770341315069_0244_1248_12-018_labels.jpg,yes,945567,-10.0:945567|-5.0:945567|0.0:945567|5.0:945567|10.0:945567|180.0:945567,,
1770341315069_0244_1248_12-018.jpg|Other_SKU|3234|3591|3352|3645,1770341315069_0244_1248_12-018.jpg,1770341315069_0244_1248_12-018.json,130,Other_SKU,,needs_review,,,,3234,3591,3352,3645,research_outputs/golden_dataset_local_tests/crops/1770341315069_0244_1248_12-018/130_Other_SKU_3234_3591_3352_3645.jpg,research_outputs/golden_dataset_local_tests/label_overlays_expected_sku/1770341315069_0244_1248_12-018_labels.jpg,yes,100043,-5.0:100003|0.0:100003|5.0:100043|180.0:000037,,
1770341315069_0244_1248_12-018.jpg|RDC_SKU|2358|4051|2499|4096,1770341315069_0244_1248_12-018.jpg,1770341315069_0244_1248_12-018.json,132,RDC_SKU,,needs_review,,,,2358,4051,2499,4096,research_outputs/golden_dataset_local_tests/crops/1770341315069_0244_1248_12-018/132_RDC_SKU_2358_4051_2499_4096.jpg,research_outputs/golden_dataset_local_tests/label_overlays_expected_sku/1770341315069_0244_1248_12-018_labels.jpg,yes,,,,
1770341315069_0244_1248_12-018.jpg|RDC_SKU|3476|2271|3630|2320,1770341315069_0244_1248_12-018.jpg,1770341315069_0244_1248_12-018.json,278,RDC_SKU,,needs_review,,,,3476,2271,3630,2320,research_outputs/golden_dataset_local_tests/crops/1770341315069_0244_1248_12-018/278_RDC_SKU_3476_2271_3630_2320.jpg,research_outputs/golden_dataset_local_tests/label_overlays_expected_sku/1770341315069_0244_1248_12-018_labels.jpg,yes,726528,-10.0:726528|-5.0:726678|0.0:726528|5.0:726528|10.0:726528|180.0:726578,,
1770341315069_0244_1248_12-018.jpg|RDC_SKU|3654|2245|3806|2300,1770341315069_0244_1248_12-018.jpg,1770341315069_0244_1248_12-018.json,280,RDC_SKU,,needs_review,,,,3654,2245,3806,2300,research_outputs/golden_dataset_local_tests/crops/1770341315069_0244_1248_12-018/280_RDC_SKU_3654_2245_3806_2300.jpg,research_outputs/golden_dataset_local_tests/label_overlays_expected_sku/1770341315069_0244_1248_12-018_labels.jpg,yes,1000037102,-10.0:1000037102|-5.0:1000037102|0.0:1000037102|5.0:1000037102|10.0:1000037102|180.0:1000037102,,
1770341315069_0244_1248_12-018.jpg|RDC_SKU|3622|2010|3760|2049,1770341315069_0244_1248_12-018.jpg,1770341315069_0244_1248_12-018.json,285,RDC_SKU,,needs_review,,,,3622,2010,3760,2049,research_outputs/golden_dataset_local_tests/crops/1770341315069_0244_1248_12-018/285_RDC_SKU_3622_2010_3760_2049.jpg,research_outputs/golden_dataset_local_tests/label_overlays_expected_sku/1770341315069_0244_1248_12-018_labels.jpg,yes,532777,-5.0:517777,,
1770341315069_0244_1263_12-019.jpg|Handwritte_SKU|1929|995|2353|1087,1770341315069_0244_1263_12-019.jpg,1770341315069_0244_1263_12-019.json,52,Handwritte_SKU,,needs_review,,,,1929,995,2353,1087,research_outputs/golden_dataset_local_tests/crops/1770341315069_0244_1263_12-019/052_Handwritte_SKU_1929_995_2353_1087.jpg,research_outputs/golden_dataset_local_tests/label_overlays_expected_sku/1770341315069_0244_1263_12-019_labels.jpg,yes,1000375680,-10.0:1000375680|-5.0:100035|0.0:1000315680|10.0:375680|180.0:1000315680,,
1770341315069_0244_1263_12-019.jpg|Handwritte_SKU|2040|637|2280|690,1770341315069_0244_1263_12-019.jpg,1770341315069_0244_1263_12-019.json,54,Handwritte_SKU,,needs_review,,,,2040,637,2280,690,research_outputs/golden_dataset_local_tests/crops/1770341315069_0244_1263_12-019/054_Handwritte_SKU_2040_637_2280_690.jpg,research_outputs/golden_dataset_local_tests/label_overlays_expected_sku/1770341315069_0244_1263_12-019_labels.jpg,yes,1000515054,-10.0:1000545054|-5.0:1000545054|0.0:1000545054|5.0:1000545054|10.0:1000545054|180.0:1000545054,,
1770341315069_0244_1263_12-019.jpg|RDC_SKU|491|1922|605|1987,1770341315069_0244_1263_12-019.jpg,1770341315069_0244_1263_12-019.json,84,RDC_SKU,,needs_review,,,,491,1922,605,1987,research_outputs/golden_dataset_local_tests/crops/1770341315069_0244_1263_12-019/084_RDC_SKU_491_1922_605_1987.jpg,research_outputs/golden_dataset_local_tests/label_overlays_expected_sku/1770341315069_0244_1263_12-019_labels.jpg,yes,,,,
1770341315069_0244_1263_12-019.jpg|RDC_SKU|1223|1504|1347|1543,1770341315069_0244_1263_12-019.jpg,1770341315069_0244_1263_12-019.json,98,RDC_SKU,,needs_review,,,,1223,1504,1347,1543,research_outputs/golden_dataset_local_tests/crops/1770341315069_0244_1263_12-019/098_RDC_SKU_1223_1504_1347_1543.jpg,research_outputs/golden_dataset_local_tests/label_overlays_expected_sku/1770341315069_0244_1263_12-019_labels.jpg,yes,298900,-10.0:298900|-5.0:852369,,
1770341315069_0244_1263_12-019.jpg|Other_SKU|1209|1657|1311|1700,1770341315069_0244_1263_12-019.jpg,1770341315069_0244_1263_12-019.json,104,Other_SKU,,needs_review,,,,1209,1657,1311,1700,research_outputs/golden_dataset_local_tests/crops/1770341315069_0244_1263_12-019/104_Other_SKU_1209_1657_1311_1700.jpg,research_outputs/golden_dataset_local_tests/label_overlays_expected_sku/1770341315069_0244_1263_12-019_labels.jpg,yes,140619,-10.0:140619|-5.0:140619|0.0:140619|5.0:140619|10.0:140619|180.0:140619,,
1770341315069_0244_1263_12-019.jpg|Handwritte_SKU|1072|1932|1258|2029,1770341315069_0244_1263_12-019.jpg,1770341315069_0244_1263_12-019.json,114,Handwritte_SKU,,needs_review,,,,1072,1932,1258,2029,research_outputs/golden_dataset_local_tests/crops/1770341315069_0244_1263_12-019/114_Handwritte_SKU_1072_1932_1258_2029.jpg,research_outputs/golden_dataset_local_tests/label_overlays_expected_sku/1770341315069_0244_1263_12-019_labels.jpg,yes,297214,-10.0:297214|-5.0:297214|0.0:292214|10.0:297214|180.0:292214,,
1770341315069_0244_1263_12-019.jpg|Handwritte_SKU|1712|2003|1869|2109,1770341315069_0244_1263_12-019.jpg,1770341315069_0244_1263_12-019.json,128,Handwritte_SKU,,needs_review,,,,1712,2003,1869,2109,research_outputs/golden_dataset_local_tests/crops/1770341315069_0244_1263_12-019/128_Handwritte_SKU_1712_2003_1869_2109.jpg,research_outputs/golden_dataset_local_tests/label_overlays_expected_sku/1770341315069_0244_1263_12-019_labels.jpg,yes,701573,0.0:701573|10.0:701573|180.0:701573,,
1770341315069_0244_1263_12-019.jpg|RDC_SKU|1949|1625|2084|1668,1770341315069_0244_1263_12-019.jpg,1770341315069_0244_1263_12-019.json,142,RDC_SKU,,needs_review,,,,1949,1625,2084,1668,research_outputs/golden_dataset_local_tests/crops/1770341315069_0244_1263_12-019/142_RDC_SKU_1949_1625_2084_1668.jpg,research_outputs/golden_dataset_local_tests/label_overlays_expected_sku/1770341315069_0244_1263_12-019_labels.jpg,yes,1002248543,-10.0:1002248543|-5.0:1002248543|0.0:1002248543|5.0:1002248543|10.0:1002248543|180.0:1002249543,,
1770341315069_0244_1263_12-019.jpg|Handwritte_SKU|1665|1821|1885|1905,1770341315069_0244_1263_12-019.jpg,1770341315069_0244_1263_12-019.json,156,Handwritte_SKU,,needs_review,,,,1665,1821,1885,1905,research_outputs/golden_dataset_local_tests/crops/1770341315069_0244_1263_12-019/156_Handwritte_SKU_1665_1821_1885_1905.jpg,research_outputs/golden_dataset_local_tests/label_overlays_expected_sku/1770341315069_0244_1263_12-019_labels.jpg,yes,701573,-10.0:701573|-5.0:701573|0.0:701573|5.0:701573|10.0:701573|180.0:701573,,
1770341315069_0244_1263_12-019.jpg|Handwritte_SKU|2089|2065|2298|2164,1770341315069_0244_1263_12-019.jpg,1770341315069_0244_1263_12-019.json,158,Handwritte_SKU,,needs_review,,,,2089,2065,2298,2164,research_outputs/golden_dataset_local_tests/crops/1770341315069_0244_1263_12-019/158_Handwritte_SKU_2089_2065_2298_2164.jpg,research_outputs/golden_dataset_local_tests/label_overlays_expected_sku/1770341315069_0244_1263_12-019_labels.jpg,yes,140570,-5.0:140570|0.0:140570|180.0:140570,,
1770341315069_0244_1263_12-019.jpg|Handwritte_SKU|2324|2104|2553|2197,1770341315069_0244_1263_12-019.jpg,1770341315069_0244_1263_12-019.json,164,Handwritte_SKU,,needs_review,,,,2324,2104,2553,2197,research_outputs/golden_dataset_local_tests/crops/1770341315069_0244_1263_12-019/164_Handwritte_SKU_2324_2104_2553_2197.jpg,research_outputs/golden_dataset_local_tests/label_overlays_expected_sku/1770341315069_0244_1263_12-019_labels.jpg,yes,140570,-10.0:140570|-5.0:140570|0.0:140570|5.0:140570|10.0:140570|180.0:140570,,
1770341315069_0244_1263_12-019.jpg|Other_SKU|1909|1777|2019|1812,1770341315069_0244_1263_12-019.jpg,1770341315069_0244_1263_12-019.json,202,Other_SKU,,needs_review,,,,1909,1777,2019,1812,research_outputs/golden_dataset_local_tests/crops/1770341315069_0244_1263_12-019/202_Other_SKU_1909_1777_2019_1812.jpg,research_outputs/golden_dataset_local_tests/label_overlays_expected_sku/1770341315069_0244_1263_12-019_labels.jpg,yes,077775,-10.0:177771|-5.0:177774|0.0:177071|5.0:177075|10.0:177071|180.0:177071,,
1770341315069_0244_1263_12-019.jpg|Other_SKU|2598|1895|2715|1939,1770341315069_0244_1263_12-019.jpg,1770341315069_0244_1263_12-019.json,204,Other_SKU,,needs_review,,,,2598,1895,2715,1939,research_outputs/golden_dataset_local_tests/crops/1770341315069_0244_1263_12-019/204_Other_SKU_2598_1895_2715_1939.jpg,research_outputs/golden_dataset_local_tests/label_overlays_expected_sku/1770341315069_0244_1263_12-019_labels.jpg,yes,140619,-10.0:140619|-5.0:140619|0.0:140619|5.0:140619|10.0:140619|180.0:140619,,
1770341315069_0244_1263_12-019.jpg|Other_SKU|2618|1543|2692|1576,1770341315069_0244_1263_12-019.jpg,1770341315069_0244_1263_12-019.json,206,Other_SKU,,needs_review,,,,2618,1543,2692,1576,research_outputs/golden_dataset_local_tests/crops/1770341315069_0244_1263_12-019/206_Other_SKU_2618_1543_2692_1576.jpg,research_outputs/golden_dataset_local_tests/label_overlays_expected_sku/1770341315069_0244_1263_12-019_labels.jpg,yes,,,,
1770341315069_0244_1263_12-019.jpg|Other_SKU|2474|1596|2546|1627,1770341315069_0244_1263_12-019.jpg,1770341315069_0244_1263_12-019.json,208,Other_SKU,,needs_review,,,,2474,1596,2546,1627,research_outputs/golden_dataset_local_tests/crops/1770341315069_0244_1263_12-019/208_Other_SKU_2474_1596_2546_1627.jpg,research_outputs/golden_dataset_local_tests/label_overlays_expected_sku/1770341315069_0244_1263_12-019_labels.jpg,yes,,,,
1770341315069_0244_1263_12-019.jpg|Other_SKU|2569|2155|2690|2201,1770341315069_0244_1263_12-019.jpg,1770341315069_0244_1263_12-019.json,210,Other_SKU,,needs_review,,,,2569,2155,2690,2201,research_outputs/golden_dataset_local_tests/crops/1770341315069_0244_1263_12-019/210_Other_SKU_2569_2155_2690_2201.jpg,research_outputs/golden_dataset_local_tests/label_overlays_expected_sku/1770341315069_0244_1263_12-019_labels.jpg,yes,140619,-10.0:140619|-5.0:140619|0.0:140619|5.0:140619|10.0:140619|180.0:140619,,
1770341315069_0244_1263_12-019.jpg|Other_SKU|1098|1720|1191|1760,1770341315069_0244_1263_12-019.jpg,1770341315069_0244_1263_12-019.json,212,Other_SKU,,needs_review,,,,1098,1720,1191,1760,research_outputs/golden_dataset_local_tests/crops/1770341315069_0244_1263_12-019/212_Other_SKU_1098_1720_1191_1760.jpg,research_outputs/golden_dataset_local_tests/label_overlays_expected_sku/1770341315069_0244_1263_12-019_labels.jpg,yes,140619,-10.0:140619|-5.0:140619|0.0:140619|5.0:140619|10.0:140619|180.0:140619,,
1770341315069_0244_1263_12-019.jpg|Other_SKU|1000|1025|1102|1062,1770341315069_0244_1263_12-019.jpg,1770341315069_0244_1263_12-019.json,214,Other_SKU,,needs_review,,,,1000,1025,1102,1062,research_outputs/golden_dataset_local_tests/crops/1770341315069_0244_1263_12-019/214_Other_SKU_1000_1025_1102_1062.jpg,research_outputs/golden_dataset_local_tests/label_overlays_expected_sku/1770341315069_0244_1263_12-019_labels.jpg,yes,155247,0.0:155247|180.0:155247,,
1770341315069_0244_1263_12-019.jpg|Other_SKU|1440|1086|1547|1122,1770341315069_0244_1263_12-019.jpg,1770341315069_0244_1263_12-019.json,216,Other_SKU,,needs_review,,,,1440,1086,1547,1122,research_outputs/golden_dataset_local_tests/crops/1770341315069_0244_1263_12-019/216_Other_SKU_1440_1086_1547_1122.jpg,research_outputs/golden_dataset_local_tests/label_overlays_expected_sku/1770341315069_0244_1263_12-019_labels.jpg,yes,544774,-10.0:544774|-5.0:544774|0.0:544774|5.0:544774|10.0:544774|180.0:544774,,
1770341315069_0244_1263_12-019.jpg|Other_SKU|1481|839|1586|873,1770341315069_0244_1263_12-019.jpg,1770341315069_0244_1263_12-019.json,218,Other_SKU,,needs_review,,,,1481,839,1586,873,research_outputs/golden_dataset_local_tests/crops/1770341315069_0244_1263_12-019/218_Other_SKU_1481_839_1586_873.jpg,research_outputs/golden_dataset_local_tests/label_overlays_expected_sku/1770341315069_0244_1263_12-019_labels.jpg,yes,544774,-10.0:544774|-5.0:544774|0.0:544774|5.0:544774|10.0:544774|180.0:544774,,
1770341315069_0244_1263_12-019.jpg|Other_SKU|1537|621|1639|657,1770341315069_0244_1263_12-019.jpg,1770341315069_0244_1263_12-019.json,220,Other_SKU,,needs_review,,,,1537,621,1639,657,research_outputs/golden_dataset_local_tests/crops/1770341315069_0244_1263_12-019/220_Other_SKU_1537_621_1639_657.jpg,research_outputs/golden_dataset_local_tests/label_overlays_expected_sku/1770341315069_0244_1263_12-019_labels.jpg,yes,544744,-10.0:544744|-5.0:544744|0.0:544744|5.0:544744|10.0:544744|180.0:544744,,
1770341315069_0244_1263_12-019.jpg|Other_SKU|1470|2143|1526|2274,1770341315069_0244_1263_12-019.jpg,1770341315069_0244_1263_12-019.json,222,Other_SKU,,needs_review,,,,1470,2143,1526,2274,research_outputs/golden_dataset_local_tests/crops/1770341315069_0244_1263_12-019/222_Other_SKU_1470_2143_1526_2274.jpg,research_outputs/golden_dataset_local_tests/label_overlays_expected_sku/1770341315069_0244_1263_12-019_labels.jpg,yes,1001396545,-10.0:1001396545|-5.0:1001396545|0.0:1001396545|5.0:1001396545|10.0:1001396545|180.0:1001396545,,
1770341315069_0244_1263_12-019.jpg|Other_SKU|2113|1748|2233|1783,1770341315069_0244_1263_12-019.jpg,1770341315069_0244_1263_12-019.json,224,Other_SKU,,needs_review,,,,2113,1748,2233,1783,research_outputs/golden_dataset_local_tests/crops/1770341315069_0244_1263_12-019/224_Other_SKU_2113_1748_2233_1783.jpg,research_outputs/golden_dataset_local_tests/label_overlays_expected_sku/1770341315069_0244_1263_12-019_labels.jpg,yes,140937,-10.0:140937|-5.0:140937|0.0:140937|5.0:140937|10.0:140937|180.0:140937,,
1770341315069_0244_1263_12-019.jpg|Other_SKU|1537|1527|1647|1569,1770341315069_0244_1263_12-019.jpg,1770341315069_0244_1263_12-019.json,226,Other_SKU,,needs_review,,,,1537,1527,1647,1569,research_outputs/golden_dataset_local_tests/crops/1770341315069_0244_1263_12-019/226_Other_SKU_1537_1527_1647_1569.jpg,research_outputs/golden_dataset_local_tests/label_overlays_expected_sku/1770341315069_0244_1263_12-019_labels.jpg,yes,230795,-10.0:230795|-5.0:230795|0.0:230795|5.0:230795|10.0:230795|180.0:230795,,
1770341315069_0244_1263_12-019.jpg|Other_SKU|2793|555|2908|590,1770341315069_0244_1263_12-019.jpg,1770341315069_0244_1263_12-019.json,228,Other_SKU,,needs_review,,,,2793,555,2908,590,research_outputs/golden_dataset_local_tests/crops/1770341315069_0244_1263_12-019/228_Other_SKU_2793_555_2908_590.jpg,research_outputs/golden_dataset_local_tests/label_overlays_expected_sku/1770341315069_0244_1263_12-019_labels.jpg,yes,1001396545,-10.0:1001396645|-5.0:1001396645|0.0:1001396645|5.0:1001396645|10.0:1001396645|180.0:1001396645,,
1770341315069_0244_1263_12-019.jpg|Other_SKU|1050|845|1154|882,1770341315069_0244_1263_12-019.jpg,1770341315069_0244_1263_12-019.json,230,Other_SKU,,needs_review,,,,1050,845,1154,882,research_outputs/golden_dataset_local_tests/crops/1770341315069_0244_1263_12-019/230_Other_SKU_1050_845_1154_882.jpg,research_outputs/golden_dataset_local_tests/label_overlays_expected_sku/1770341315069_0244_1263_12-019_labels.jpg,yes,544576,-10.0:544576|-5.0:544576|0.0:544576|5.0:544576|10.0:544576|180.0:544576,,
1770341315069_0244_1278_12-020.jpg|Pallet_SKU|1346|803|1624|922,1770341315069_0244_1278_12-020.jpg,1770341315069_0244_1278_12-020.json,0,Pallet_SKU,,needs_review,,,,1346,803,1624,922,research_outputs/golden_dataset_local_tests/crops/1770341315069_0244_1278_12-020/000_Pallet_SKU_1346_803_1624_922.jpg,research_outputs/golden_dataset_local_tests/label_overlays_expected_sku/1770341315069_0244_1278_12-020_labels.jpg,yes,1012740619,-10.0:1012740619|-5.0:1012740619|0.0:1012740619|5.0:1012740619|10.0:1012740619|180.0:1012740619,,
1770341315069_0244_1278_12-020.jpg|Other_SKU|1435|1074|1563|1121,1770341315069_0244_1278_12-020.jpg,1770341315069_0244_1278_12-020.json,2,Other_SKU,,needs_review,,,,1435,1074,1563,1121,research_outputs/golden_dataset_local_tests/crops/1770341315069_0244_1278_12-020/002_Other_SKU_1435_1074_1563_1121.jpg,research_outputs/golden_dataset_local_tests/label_overlays_expected_sku/1770341315069_0244_1278_12-020_labels.jpg,yes,1012740619,-10.0:1012740619|-5.0:1012740619|0.0:1012740619|5.0:1012740619|10.0:1012740619|180.0:1012740619,,
1770341315069_0244_1278_12-020.jpg|Pallet_SKU|2220|916|2471|1012,1770341315069_0244_1278_12-020.jpg,1770341315069_0244_1278_12-020.json,4,Pallet_SKU,,needs_review,,,,2220,916,2471,1012,research_outputs/golden_dataset_local_tests/crops/1770341315069_0244_1278_12-020/004_Pallet_SKU_2220_916_2471_1012.jpg,research_outputs/golden_dataset_local_tests/label_overlays_expected_sku/1770341315069_0244_1278_12-020_labels.jpg,yes,1003945936,-10.0:1003945936|-5.0:1003945936|0.0:1003945936|5.0:1003945936|10.0:1003945936|180.0:1003945936,,
1770341315069_0244_1278_12-020.jpg|Pallet_SKU|2218|856|2471|951,1770341315069_0244_1278_12-020.jpg,1770341315069_0244_1278_12-020.json,5,Pallet_SKU,,needs_review,,,,2218,856,2471,951,research_outputs/golden_dataset_local_tests/crops/1770341315069_0244_1278_12-020/005_Pallet_SKU_2218_856_2471_951.jpg,research_outputs/golden_dataset_local_tests/label_overlays_expected_sku/1770341315069_0244_1278_12-020_labels.jpg,yes,1003945927,-10.0:1003945927|-5.0:1003945927|0.0:1003945927|5.0:1003945927|10.0:1003945927|180.0:1003945927,,
1770341315069_0244_1278_12-020.jpg|Pallet_SKU|2224|802|2468|893,1770341315069_0244_1278_12-020.jpg,1770341315069_0244_1278_12-020.json,6,Pallet_SKU,,needs_review,,,,2224,802,2468,893,research_outputs/golden_dataset_local_tests/crops/1770341315069_0244_1278_12-020/006_Pallet_SKU_2224_802_2468_893.jpg,research_outputs/golden_dataset_local_tests/label_overlays_expected_sku/1770341315069_0244_1278_12-020_labels.jpg,yes,1003945918,-10.0:1003945918|-5.0:1003945918|0.0:1003945918|5.0:1003945918|10.0:1003945918|180.0:1003945918,,
1770341315069_0244_1278_12-020.jpg|Pallet_SKU|3141|731|3405|818,1770341315069_0244_1278_12-020.jpg,1770341315069_0244_1278_12-020.json,8,Pallet_SKU,,needs_review,,,,3141,731,3405,818,research_outputs/golden_dataset_local_tests/crops/1770341315069_0244_1278_12-020/008_Pallet_SKU_3141_731_3405_818.jpg,research_outputs/golden_dataset_local_tests/label_overlays_expected_sku/1770341315069_0244_1278_12-020_labels.jpg,yes,1004320015,-10.0:1004320015|-5.0:1004320015|0.0:1004320015|5.0:1004320015|10.0:1004320015|180.0:1004320015,,
1770341315069_0244_1278_12-020.jpg|Pallet_SKU|3121|598|3383|684,1770341315069_0244_1278_12-020.jpg,1770341315069_0244_1278_12-020.json,10,Pallet_SKU,,needs_review,,,,3121,598,3383,684,research_outputs/golden_dataset_local_tests/crops/1770341315069_0244_1278_12-020/010_Pallet_SKU_3121_598_3383_684.jpg,research_outputs/golden_dataset_local_tests/label_overlays_expected_sku/1770341315069_0244_1278_12-020_labels.jpg,yes,1004192993,-10.0:1004192993|-5.0:1004192993|0.0:1004192993|5.0:1004192993|10.0:1004192993|180.0:1004192993,,
1770341315069_0244_1278_12-020.jpg|Pallet_SKU|3205|546|3370|618,1770341315069_0244_1278_12-020.jpg,1770341315069_0244_1278_12-020.json,11,Pallet_SKU,,needs_review,,,,3205,546,3370,618,research_outputs/golden_dataset_local_tests/crops/1770341315069_0244_1278_12-020/011_Pallet_SKU_3205_546_3370_618.jpg,research_outputs/golden_dataset_local_tests/label_overlays_expected_sku/1770341315069_0244_1278_12-020_labels.jpg,yes,103584,-10.0:103584|-5.0:103584|0.0:103584|5.0:103584|10.0:103584|180.0:103584,,
1770341315069_0244_1278_12-020.jpg|Pallet_SKU|3198|490|3363|564,1770341315069_0244_1278_12-020.jpg,1770341315069_0244_1278_12-020.json,12,Pallet_SKU,,needs_review,,,,3198,490,3363,564,research_outputs/golden_dataset_local_tests/crops/1770341315069_0244_1278_12-020/012_Pallet_SKU_3198_490_3363_564.jpg,research_outputs/golden_dataset_local_tests/label_overlays_expected_sku/1770341315069_0244_1278_12-020_labels.jpg,yes,103328,-10.0:103328|-5.0:103328|0.0:103328|5.0:103328|10.0:103328|180.0:103328,,
1770341315069_0244_1278_12-020.jpg|Pallet_SKU|3898|582|4186|670,1770341315069_0244_1278_12-020.jpg,1770341315069_0244_1278_12-020.json,14,Pallet_SKU,,needs_review,,,,3898,582,4186,670,research_outputs/golden_dataset_local_tests/crops/1770341315069_0244_1278_12-020/014_Pallet_SKU_3898_582_4186_670.jpg,research_outputs/golden_dataset_local_tests/label_overlays_expected_sku/1770341315069_0244_1278_12-020_labels.jpg,yes,1004320015,-10.0:1004320015|-5.0:1004320015|0.0:1004320015|5.0:1004320015|10.0:1004320015|180.0:1004320015,,
1770341315069_0244_1278_12-020.jpg|Pallet_SKU|3859|439|4135|521,1770341315069_0244_1278_12-020.jpg,1770341315069_0244_1278_12-020.json,16,Pallet_SKU,,needs_review,,,,3859,439,4135,521,research_outputs/golden_dataset_local_tests/crops/1770341315069_0244_1278_12-020/016_Pallet_SKU_3859_439_4135_521.jpg,research_outputs/golden_dataset_local_tests/label_overlays_expected_sku/1770341315069_0244_1278_12-020_labels.jpg,yes,1004192993,-10.0:1004192993|-5.0:1004192993|0.0:1004192993|5.0:1004192993|10.0:1004192993|180.0:1004192993,,
1770341315069_0244_1278_12-020.jpg|Pallet_SKU|3943|386|4128|457,1770341315069_0244_1278_12-020.jpg,1770341315069_0244_1278_12-020.json,17,Pallet_SKU,,needs_review,,,,3943,386,4128,457,research_outputs/golden_dataset_local_tests/crops/1770341315069_0244_1278_12-020/017_Pallet_SKU_3943_386_4128_457.jpg,research_outputs/golden_dataset_local_tests/label_overlays_expected_sku/1770341315069_0244_1278_12-020_labels.jpg,yes,103584,-10.0:103584|-5.0:103584|0.0:103584|5.0:103584|10.0:103584|180.0:103584,,
1770341315069_0244_1278_12-020.jpg|Pallet_SKU|3932|336|4113|410,1770341315069_0244_1278_12-020.jpg,1770341315069_0244_1278_12-020.json,18,Pallet_SKU,,needs_review,,,,3932,336,4113,410,research_outputs/golden_dataset_local_tests/crops/1770341315069_0244_1278_12-020/018_Pallet_SKU_3932_336_4113_410.jpg,research_outputs/golden_dataset_local_tests/label_overlays_expected_sku/1770341315069_0244_1278_12-020_labels.jpg,yes,103328,-10.0:103328|-5.0:103328|0.0:103328|5.0:103328|10.0:103328|180.0:103328,,
1770341315069_0244_1278_12-020.jpg|Other_SKU|966|2171|1048|2212,1770341315069_0244_1278_12-020.jpg,1770341315069_0244_1278_12-020.json,20,Other_SKU,,needs_review,,,,966,2171,1048,2212,research_outputs/golden_dataset_local_tests/crops/1770341315069_0244_1278_12-020/020_Other_SKU_966_2171_1048_2212.jpg,research_outputs/golden_dataset_local_tests/label_overlays_expected_sku/1770341315069_0244_1278_12-020_labels.jpg,yes,761089,-10.0:761089|-5.0:761089|0.0:761089|5.0:761089|10.0:761089|180.0:761089,,
1770341315069_0244_1278_12-020.jpg|Other_SKU|1371|2172|1435|2211,1770341315069_0244_1278_12-020.jpg,1770341315069_0244_1278_12-020.json,24,Other_SKU,,needs_review,,,,1371,2172,1435,2211,research_outputs/golden_dataset_local_tests/crops/1770341315069_0244_1278_12-020/024_Other_SKU_1371_2172_1435_2211.jpg,research_outputs/golden_dataset_local_tests/label_overlays_expected_sku/1770341315069_0244_1278_12-020_labels.jpg,yes,,,,
1770341315069_0244_1278_12-020.jpg|Other_SKU|1389|1966|1491|2010,1770341315069_0244_1278_12-020.jpg,1770341315069_0244_1278_12-020.json,28,Other_SKU,,needs_review,,,,1389,1966,1491,2010,research_outputs/golden_dataset_local_tests/crops/1770341315069_0244_1278_12-020/028_Other_SKU_1389_1966_1491_2010.jpg,research_outputs/golden_dataset_local_tests/label_overlays_expected_sku/1770341315069_0244_1278_12-020_labels.jpg,yes,529425,-10.0:529425|-5.0:529425|0.0:529425|5.0:529425|10.0:529425|180.0:529425,,
1770341315069_0244_1278_12-020.jpg|Other_SKU|1704|2125|1782|2173,1770341315069_0244_1278_12-020.jpg,1770341315069_0244_1278_12-020.json,36,Other_SKU,,needs_review,,,,1704,2125,1782,2173,research_outputs/golden_dataset_local_tests/crops/1770341315069_0244_1278_12-020/036_Other_SKU_1704_2125_1782_2173.jpg,research_outputs/golden_dataset_local_tests/label_overlays_expected_sku/1770341315069_0244_1278_12-020_labels.jpg,yes,280486,-10.0:280486|-5.0:280486|0.0:280486|5.0:280486|10.0:280486|180.0:280486,,
1770341315069_0244_1278_12-020.jpg|Other_SKU|1691|1928|1797|1969,1770341315069_0244_1278_12-020.jpg,1770341315069_0244_1278_12-020.json,40,Other_SKU,,needs_review,,,,1691,1928,1797,1969,research_outputs/golden_dataset_local_tests/crops/1770341315069_0244_1278_12-020/040_Other_SKU_1691_1928_1797_1969.jpg,research_outputs/golden_dataset_local_tests/label_overlays_expected_sku/1770341315069_0244_1278_12-020_labels.jpg,yes,457309,-10.0:457309|-5.0:457309|0.0:457309|5.0:457309|10.0:457309|180.0:457309,,
1770341315069_0244_1278_12-020.jpg|Other_SKU|1690|1800|1767|1840,1770341315069_0244_1278_12-020.jpg,1770341315069_0244_1278_12-020.json,42,Other_SKU,,needs_review,,,,1690,1800,1767,1840,research_outputs/golden_dataset_local_tests/crops/1770341315069_0244_1278_12-020/042_Other_SKU_1690_1800_1767_1840.jpg,research_outputs/golden_dataset_local_tests/label_overlays_expected_sku/1770341315069_0244_1278_12-020_labels.jpg,yes,272053,-10.0:272053|-5.0:272053|0.0:272053|5.0:272053|10.0:272053|180.0:272053,,
1770341315069_0244_1278_12-020.jpg|Other_SKU|2002|2131|2088|2172,1770341315069_0244_1278_12-020.jpg,1770341315069_0244_1278_12-020.json,45,Other_SKU,,needs_review,,,,2002,2131,2088,2172,research_outputs/golden_dataset_local_tests/crops/1770341315069_0244_1278_12-020/045_Other_SKU_2002_2131_2088_2172.jpg,research_outputs/golden_dataset_local_tests/label_overlays_expected_sku/1770341315069_0244_1278_12-020_labels.jpg,yes,453066,-10.0:453066|-5.0:453066|0.0:453066|5.0:453066|10.0:453066|180.0:453066,,
1770341315069_0244_1278_12-020.jpg|Other_SKU|2196|1716|2323|1768,1770341315069_0244_1278_12-020.jpg,1770341315069_0244_1278_12-020.json,50,Other_SKU,,needs_review,,,,2196,1716,2323,1768,research_outputs/golden_dataset_local_tests/crops/1770341315069_0244_1278_12-020/050_Other_SKU_2196_1716_2323_1768.jpg,research_outputs/golden_dataset_local_tests/label_overlays_expected_sku/1770341315069_0244_1278_12-020_labels.jpg,yes,529425,-10.0:529425|-5.0:529425|0.0:529425|5.0:529425|10.0:529425|180.0:529425,,
1770341315069_0244_1278_12-020.jpg|Other_SKU|2350|1843|2488|1889,1770341315069_0244_1278_12-020.jpg,1770341315069_0244_1278_12-020.json,52,Other_SKU,,needs_review,,,,2350,1843,2488,1889,research_outputs/golden_dataset_local_tests/crops/1770341315069_0244_1278_12-020/052_Other_SKU_2350_1843_2488_1889.jpg,research_outputs/golden_dataset_local_tests/label_overlays_expected_sku/1770341315069_0244_1278_12-020_labels.jpg,yes,1002183770,-10.0:1002183770|-5.0:1002183770|0.0:1002183770|5.0:1002183770|10.0:1002183770|180.0:1002183770,,
1770341315069_0244_1278_12-020.jpg|Other_SKU|2331|2045|2437|2089,1770341315069_0244_1278_12-020.jpg,1770341315069_0244_1278_12-020.json,54,Other_SKU,,needs_review,,,,2331,2045,2437,2089,research_outputs/golden_dataset_local_tests/crops/1770341315069_0244_1278_12-020/054_Other_SKU_2331_2045_2437_2089.jpg,research_outputs/golden_dataset_local_tests/label_overlays_expected_sku/1770341315069_0244_1278_12-020_labels.jpg,yes,267595,-10.0:267595|-5.0:267595|0.0:267595|5.0:267595|10.0:267595|180.0:267595,,
1770341315069_0244_1278_12-020.jpg|Other_SKU|2775|1986|2896|2039,1770341315069_0244_1278_12-020.jpg,1770341315069_0244_1278_12-020.json,60,Other_SKU,,needs_review,,,,2775,1986,2896,2039,research_outputs/golden_dataset_local_tests/crops/1770341315069_0244_1278_12-020/060_Other_SKU_2775_1986_2896_2039.jpg,research_outputs/golden_dataset_local_tests/label_overlays_expected_sku/1770341315069_0244_1278_12-020_labels.jpg,yes,100101,-10.0:100101|-5.0:100101|0.0:100101|5.0:100101|10.0:100101|180.0:100101,,
1770341315069_0244_1278_12-020.jpg|Other_SKU|2863|1709|2996|1754,1770341315069_0244_1278_12-020.jpg,1770341315069_0244_1278_12-020.json,64,Other_SKU,,needs_review,,,,2863,1709,2996,1754,research_outputs/golden_dataset_local_tests/crops/1770341315069_0244_1278_12-020/064_Other_SKU_2863_1709_2996_1754.jpg,research_outputs/golden_dataset_local_tests/label_overlays_expected_sku/1770341315069_0244_1278_12-020_labels.jpg,yes,264300,-10.0:264300|-5.0:264300|0.0:264300|5.0:264300|10.0:264300|180.0:264300,,
1770341315069_0244_1278_12-020.jpg|Other_SKU|3477|1922|3588|1970,1770341315069_0244_1278_12-020.jpg,1770341315069_0244_1278_12-020.json,69,Other_SKU,,needs_review,,,,3477,1922,3588,1970,research_outputs/golden_dataset_local_tests/crops/1770341315069_0244_1278_12-020/069_Other_SKU_3477_1922_3588_1970.jpg,research_outputs/golden_dataset_local_tests/label_overlays_expected_sku/1770341315069_0244_1278_12-020_labels.jpg,yes,586978,-10.0:586978|-5.0:586978|0.0:586978|5.0:586978|10.0:586978|180.0:586978,,
1770341315069_0244_1278_12-020.jpg|Other_SKU|3906|1338|3966|1446,1770341315069_0244_1278_12-020.jpg,1770341315069_0244_1278_12-020.json,76,Other_SKU,,needs_review,,,,3906,1338,3966,1446,research_outputs/golden_dataset_local_tests/crops/1770341315069_0244_1278_12-020/076_Other_SKU_3906_1338_3966_1446.jpg,research_outputs/golden_dataset_local_tests/label_overlays_expected_sku/1770341315069_0244_1278_12-020_labels.jpg,yes,261251,-10.0:261251|-5.0:261251|0.0:201251|5.0:261251|10.0:201251|180.0:201251,,
1770341315069_0244_1278_12-020.jpg|Handwritte_SKU|2703|2833|2894|2918,1770341315069_0244_1278_12-020.jpg,1770341315069_0244_1278_12-020.json,101,Handwritte_SKU,,needs_review,,,,2703,2833,2894,2918,research_outputs/golden_dataset_local_tests/crops/1770341315069_0244_1278_12-020/101_Handwritte_SKU_2703_2833_2894_2918.jpg,research_outputs/golden_dataset_local_tests/label_overlays_expected_sku/1770341315069_0244_1278_12-020_labels.jpg,yes,912840,-5.0:912840|0.0:912840|5.0:912840|10.0:912840|180.0:912840,,
1770341315069_0244_1278_12-020.jpg|Other_SKU|3723|2556|3866|2613,1770341315069_0244_1278_12-020.jpg,1770341315069_0244_1278_12-020.json,117,Other_SKU,,needs_review,,,,3723,2556,3866,2613,research_outputs/golden_dataset_local_tests/crops/1770341315069_0244_1278_12-020/117_Other_SKU_3723_2556_3866_2613.jpg,research_outputs/golden_dataset_local_tests/label_overlays_expected_sku/1770341315069_0244_1278_12-020_labels.jpg,yes,529425,-10.0:529425|-5.0:529425|0.0:529425|5.0:529425|10.0:529425|180.0:529425,,
1770341315069_0244_1278_12-020.jpg|Other_SKU|3761|2821|3907|2871,1770341315069_0244_1278_12-020.jpg,1770341315069_0244_1278_12-020.json,119,Other_SKU,,needs_review,,,,3761,2821,3907,2871,research_outputs/golden_dataset_local_tests/crops/1770341315069_0244_1278_12-020/119_Other_SKU_3761_2821_3907_2871.jpg,research_outputs/golden_dataset_local_tests/label_overlays_expected_sku/1770341315069_0244_1278_12-020_labels.jpg,yes,529425,-10.0:529425|-5.0:529425|0.0:529425|5.0:529425|10.0:529425|180.0:529425,,
1770341315069_0244_1278_12-020.jpg|Other_SKU|2341|1683|2464|1734,1770341315069_0244_1278_12-020.jpg,1770341315069_0244_1278_12-020.json,322,Other_SKU,,needs_review,,,,2341,1683,2464,1734,research_outputs/golden_dataset_local_tests/crops/1770341315069_0244_1278_12-020/322_Other_SKU_2341_1683_2464_1734.jpg,research_outputs/golden_dataset_local_tests/label_overlays_expected_sku/1770341315069_0244_1278_12-020_labels.jpg,yes,1002183771,-10.0:1002183771|-5.0:1002183771|0.0:1002183771|5.0:1002183771|10.0:1002183771|180.0:1002183771,,
1770341315069_0244_1278_12-020.jpg|Other_SKU|3621|1814|3727|1858,1770341315069_0244_1278_12-020.jpg,1770341315069_0244_1278_12-020.json,324,Other_SKU,,needs_review,,,,3621,1814,3727,1858,research_outputs/golden_dataset_local_tests/crops/1770341315069_0244_1278_12-020/324_Other_SKU_3621_1814_3727_1858.jpg,research_outputs/golden_dataset_local_tests/label_overlays_expected_sku/1770341315069_0244_1278_12-020_labels.jpg,yes,,,,
1770341315069_0244_1278_12-020.jpg|Printed_on_Box_SKU|3433|1532|3518|1573,1770341315069_0244_1278_12-020.jpg,1770341315069_0244_1278_12-020.json,326,Printed_on_Box_SKU,,needs_review,,,,3433,1532,3518,1573,research_outputs/golden_dataset_local_tests/crops/1770341315069_0244_1278_12-020/326_Printed_on_Box_SKU_3433_1532_3518_1573.jpg,research_outputs/golden_dataset_local_tests/label_overlays_expected_sku/1770341315069_0244_1278_12-020_labels.jpg,yes,277985,-10.0:277985|-5.0:277985|0.0:277985|5.0:277985|10.0:277985|180.0:277985,,
1770341315069_0244_1278_12-020.jpg|Other_SKU|4017|1729|4151|1769,1770341315069_0244_1278_12-020.jpg,1770341315069_0244_1278_12-020.json,328,Other_SKU,,needs_review,,,,4017,1729,4151,1769,research_outputs/golden_dataset_local_tests/crops/1770341315069_0244_1278_12-020/328_Other_SKU_4017_1729_4151_1769.jpg,research_outputs/golden_dataset_local_tests/label_overlays_expected_sku/1770341315069_0244_1278_12-020_labels.jpg,yes,1000052775,-10.0:1000052775|-5.0:1000052775|0.0:1000052775|5.0:1000052775|10.0:1000052775|180.0:1000052775,,
1770341315069_0244_1278_12-020.jpg|Other_SKU|4573|1792|4636|1884,1770341315069_0244_1278_12-020.jpg,1770341315069_0244_1278_12-020.json,330,Other_SKU,,needs_review,,,,4573,1792,4636,1884,research_outputs/golden_dataset_local_tests/crops/1770341315069_0244_1278_12-020/330_Other_SKU_4573_1792_4636_1884.jpg,research_outputs/golden_dataset_local_tests/label_overlays_expected_sku/1770341315069_0244_1278_12-020_labels.jpg,yes,,,,
1770341315069_0244_1278_12-020.jpg|Other_SKU|1114|2111|1221|2156,1770341315069_0244_1278_12-020.jpg,1770341315069_0244_1278_12-020.json,333,Other_SKU,,needs_review,,,,1114,2111,1221,2156,research_outputs/golden_dataset_local_tests/crops/1770341315069_0244_1278_12-020/333_Other_SKU_1114_2111_1221_2156.jpg,research_outputs/golden_dataset_local_tests/label_overlays_expected_sku/1770341315069_0244_1278_12-020_labels.jpg,yes,1002183769,-10.0:1002183769|-5.0:1002183769|0.0:1002183769|5.0:1002183769|10.0:1002183769|180.0:1002183769,,
1770341315069_0244_1278_12-020.jpg|Other_SKU|2007|1968|2132|2016,1770341315069_0244_1278_12-020.jpg,1770341315069_0244_1278_12-020.json,335,Other_SKU,,needs_review,,,,2007,1968,2132,2016,research_outputs/golden_dataset_local_tests/crops/1770341315069_0244_1278_12-020/335_Other_SKU_2007_1968_2132_2016.jpg,research_outputs/golden_dataset_local_tests/label_overlays_expected_sku/1770341315069_0244_1278_12-020_labels.jpg,yes,1002183770,-10.0:1002183770|-5.0:1002183770|0.0:1002183770|5.0:1002183770|10.0:1002183770|180.0:1002183770,,
1770343815150_0244_1015_01-020.jpg|RDC_SKU|3360|2429|3435|2458,1770343815150_0244_1015_01-020.jpg,1770343815150_0244_1015_01-020.json,5,RDC_SKU,,needs_review,,,,3360,2429,3435,2458,research_outputs/golden_dataset_local_tests/crops/1770343815150_0244_1015_01-020/005_RDC_SKU_3360_2429_3435_2458.jpg,research_outputs/golden_dataset_local_tests/label_overlays_expected_sku/1770343815150_0244_1015_01-020_labels.jpg,yes,1010160065,-10.0:1010160065|-5.0:1010150065|0.0:1010160065|5.0:1010160065|10.0:1010160065|180.0:1010160065,,
1770343815150_0244_1015_01-020.jpg|RDC_SKU|2771|2328|2843|2359,1770343815150_0244_1015_01-020.jpg,1770343815150_0244_1015_01-020.json,7,RDC_SKU,,needs_review,,,,2771,2328,2843,2359,research_outputs/golden_dataset_local_tests/crops/1770343815150_0244_1015_01-020/007_RDC_SKU_2771_2328_2843_2359.jpg,research_outputs/golden_dataset_local_tests/label_overlays_expected_sku/1770343815150_0244_1015_01-020_labels.jpg,yes,1010180572,-10.0:1010780472|0.0:1010180872|5.0:1010160472|180.0:1010180872,,
1770343815150_0244_1015_01-020.jpg|RDC_SKU|2347|2308|2418|2335,1770343815150_0244_1015_01-020.jpg,1770343815150_0244_1015_01-020.json,12,RDC_SKU,,needs_review,,,,2347,2308,2418,2335,research_outputs/golden_dataset_local_tests/crops/1770343815150_0244_1015_01-020/012_RDC_SKU_2347_2308_2418_2335.jpg,research_outputs/golden_dataset_local_tests/label_overlays_expected_sku/1770343815150_0244_1015_01-020_labels.jpg,yes,1010160884,-5.0:101011|0.0:101508|10.0:101015|180.0:101508,,
1770343815150_0244_1015_01-020.jpg|RDC_SKU|2128|2307|2198|2333,1770343815150_0244_1015_01-020.jpg,1770343815150_0244_1015_01-020.json,15,RDC_SKU,,needs_review,,,,2128,2307,2198,2333,research_outputs/golden_dataset_local_tests/crops/1770343815150_0244_1015_01-020/015_RDC_SKU_2128_2307_2198_2333.jpg,research_outputs/golden_dataset_local_tests/label_overlays_expected_sku/1770343815150_0244_1015_01-020_labels.jpg,yes,1007023763,-5.0:123753,,
1770343815150_0244_1015_01-020.jpg|RDC_SKU|1893|1584|1955|1617,1770343815150_0244_1015_01-020.jpg,1770343815150_0244_1015_01-020.json,24,RDC_SKU,,needs_review,,,,1893,1584,1955,1617,research_outputs/golden_dataset_local_tests/crops/1770343815150_0244_1015_01-020/024_RDC_SKU_1893_1584_1955_1617.jpg,research_outputs/golden_dataset_local_tests/label_overlays_expected_sku/1770343815150_0244_1015_01-020_labels.jpg,yes,,,,
1770343815150_0244_1015_01-020.jpg|RDC_SKU|2011|1597|2074|1625,1770343815150_0244_1015_01-020.jpg,1770343815150_0244_1015_01-020.json,26,RDC_SKU,,needs_review,,,,2011,1597,2074,1625,research_outputs/golden_dataset_local_tests/crops/1770343815150_0244_1015_01-020/026_RDC_SKU_2011_1597_2074_1625.jpg,research_outputs/golden_dataset_local_tests/label_overlays_expected_sku/1770343815150_0244_1015_01-020_labels.jpg,yes,131377,-10.0:131970|-5.0:131970|10.0:137970,,
1770343815150_0244_1015_01-020.jpg|RDC_SKU|2130|1606|2194|1630,1770343815150_0244_1015_01-020.jpg,1770343815150_0244_1015_01-020.json,28,RDC_SKU,,needs_review,,,,2130,1606,2194,1630,research_outputs/golden_dataset_local_tests/crops/1770343815150_0244_1015_01-020/028_RDC_SKU_2130_1606_2194_1630.jpg,research_outputs/golden_dataset_local_tests/label_overlays_expected_sku/1770343815150_0244_1015_01-020_labels.jpg,yes,,,,
1770343815150_0244_1015_01-020.jpg|RDC_SKU|2294|1614|2362|1644,1770343815150_0244_1015_01-020.jpg,1770343815150_0244_1015_01-020.json,30,RDC_SKU,,needs_review,,,,2294,1614,2362,1644,research_outputs/golden_dataset_local_tests/crops/1770343815150_0244_1015_01-020/030_RDC_SKU_2294_1614_2362_1644.jpg,research_outputs/golden_dataset_local_tests/label_overlays_expected_sku/1770343815150_0244_1015_01-020_labels.jpg,yes,,,,
1770343815150_0244_1015_01-020.jpg|RDC_SKU|2188|2006|2245|2033,1770343815150_0244_1015_01-020.jpg,1770343815150_0244_1015_01-020.json,36,RDC_SKU,,needs_review,,,,2188,2006,2245,2033,research_outputs/golden_dataset_local_tests/crops/1770343815150_0244_1015_01-020/036_RDC_SKU_2188_2006_2245_2033.jpg,research_outputs/golden_dataset_local_tests/label_overlays_expected_sku/1770343815150_0244_1015_01-020_labels.jpg,yes,,,,
1770343815150_0244_1015_01-020.jpg|RDC_SKU|2091|1927|2156|1953,1770343815150_0244_1015_01-020.jpg,1770343815150_0244_1015_01-020.json,40,RDC_SKU,,needs_review,,,,2091,1927,2156,1953,research_outputs/golden_dataset_local_tests/crops/1770343815150_0244_1015_01-020/040_RDC_SKU_2091_1927_2156_1953.jpg,research_outputs/golden_dataset_local_tests/label_overlays_expected_sku/1770343815150_0244_1015_01-020_labels.jpg,yes,,,,
1770343815150_0244_1015_01-020.jpg|RDC_SKU|1990|1918|2056|1944,1770343815150_0244_1015_01-020.jpg,1770343815150_0244_1015_01-020.json,42,RDC_SKU,,needs_review,,,,1990,1918,2056,1944,research_outputs/golden_dataset_local_tests/crops/1770343815150_0244_1015_01-020/042_RDC_SKU_1990_1918_2056_1944.jpg,research_outputs/golden_dataset_local_tests/label_overlays_expected_sku/1770343815150_0244_1015_01-020_labels.jpg,yes,121878,-5.0:131977|0.0:131977|5.0:131979|10.0:131977|180.0:131977,,
1770343815150_0244_1015_01-020.jpg|RDC_SKU|2267|1876|2335|1903,1770343815150_0244_1015_01-020.jpg,1770343815150_0244_1015_01-020.json,47,RDC_SKU,,needs_review,,,,2267,1876,2335,1903,research_outputs/golden_dataset_local_tests/crops/1770343815150_0244_1015_01-020/047_RDC_SKU_2267_1876_2335_1903.jpg,research_outputs/golden_dataset_local_tests/label_overlays_expected_sku/1770343815150_0244_1015_01-020_labels.jpg,yes,483917,0.0:483917|180.0:483917,,
1770343815150_0244_1015_01-020.jpg|RDC_SKU|1790|2672|1857|2700,1770343815150_0244_1015_01-020.jpg,1770343815150_0244_1015_01-020.json,49,RDC_SKU,,needs_review,,,,1790,2672,1857,2700,research_outputs/golden_dataset_local_tests/crops/1770343815150_0244_1015_01-020/049_RDC_SKU_1790_2672_1857_2700.jpg,research_outputs/golden_dataset_local_tests/label_overlays_expected_sku/1770343815150_0244_1015_01-020_labels.jpg,yes,,,,
1770343815150_0244_1015_01-020.jpg|RDC_SKU|3391|2783|3468|2810,1770343815150_0244_1015_01-020.jpg,1770343815150_0244_1015_01-020.json,52,RDC_SKU,,needs_review,,,,3391,2783,3468,2810,research_outputs/golden_dataset_local_tests/crops/1770343815150_0244_1015_01-020/052_RDC_SKU_3391_2783_3468_2810.jpg,research_outputs/golden_dataset_local_tests/label_overlays_expected_sku/1770343815150_0244_1015_01-020_labels.jpg,yes,1013031592,0.0:1013031590|5.0:1013031592|180.0:1013031590,,
1770343815150_0244_1015_01-020.jpg|RDC_SKU|2767|2850|2823|2883,1770343815150_0244_1015_01-020.jpg,1770343815150_0244_1015_01-020.json,58,RDC_SKU,,needs_review,,,,2767,2850,2823,2883,research_outputs/golden_dataset_local_tests/crops/1770343815150_0244_1015_01-020/058_RDC_SKU_2767_2850_2823_2883.jpg,research_outputs/golden_dataset_local_tests/label_overlays_expected_sku/1770343815150_0244_1015_01-020_labels.jpg,yes,413337,,,
1770343815150_0244_1015_01-020.jpg|RDC_SKU|1947|2671|2013|2701,1770343815150_0244_1015_01-020.jpg,1770343815150_0244_1015_01-020.json,64,RDC_SKU,,needs_review,,,,1947,2671,2013,2701,research_outputs/golden_dataset_local_tests/crops/1770343815150_0244_1015_01-020/064_RDC_SKU_1947_2671_2013_2701.jpg,research_outputs/golden_dataset_local_tests/label_overlays_expected_sku/1770343815150_0244_1015_01-020_labels.jpg,yes,1012487671,-10.0:1012487671|-5.0:1012487671|0.0:1012487671|5.0:1012487671|10.0:1012487671|180.0:1012487671,,
1770343815150_0244_1015_01-020.jpg|RDC_SKU|2459|2672|2528|2709,1770343815150_0244_1015_01-020.jpg,1770343815150_0244_1015_01-020.json,66,RDC_SKU,,needs_review,,,,2459,2672,2528,2709,research_outputs/golden_dataset_local_tests/crops/1770343815150_0244_1015_01-020/066_RDC_SKU_2459_2672_2528_2709.jpg,research_outputs/golden_dataset_local_tests/label_overlays_expected_sku/1770343815150_0244_1015_01-020_labels.jpg,yes,101304,-10.0:101304|-5.0:101304|0.0:101304|180.0:101304,,
1770343815150_0244_1059_01-018.jpg|RDC_SKU|1671|1527|1737|1553,1770343815150_0244_1059_01-018.jpg,1770343815150_0244_1059_01-018.json,30,RDC_SKU,,needs_review,,,,1671,1527,1737,1553,research_outputs/golden_dataset_local_tests/crops/1770343815150_0244_1059_01-018/030_RDC_SKU_1671_1527_1737_1553.jpg,research_outputs/golden_dataset_local_tests/label_overlays_expected_sku/1770343815150_0244_1059_01-018_labels.jpg,yes,,,,
1770343815150_0244_1059_01-018.jpg|RDC_SKU|1670|1778|1737|1815,1770343815150_0244_1059_01-018.jpg,1770343815150_0244_1059_01-018.json,32,RDC_SKU,,needs_review,,,,1670,1778,1737,1815,research_outputs/golden_dataset_local_tests/crops/1770343815150_0244_1059_01-018/032_RDC_SKU_1670_1778_1737_1815.jpg,research_outputs/golden_dataset_local_tests/label_overlays_expected_sku/1770343815150_0244_1059_01-018_labels.jpg,yes,,,,
1770343815150_0244_1059_01-018.jpg|RDC_SKU|2195|1417|2264|1445,1770343815150_0244_1059_01-018.jpg,1770343815150_0244_1059_01-018.json,34,RDC_SKU,,needs_review,,,,2195,1417,2264,1445,research_outputs/golden_dataset_local_tests/crops/1770343815150_0244_1059_01-018/034_RDC_SKU_2195_1417_2264_1445.jpg,research_outputs/golden_dataset_local_tests/label_overlays_expected_sku/1770343815150_0244_1059_01-018_labels.jpg,yes,,,,
1770343815150_0244_1059_01-018.jpg|RDC_SKU|2629|1463|2694|1497,1770343815150_0244_1059_01-018.jpg,1770343815150_0244_1059_01-018.json,36,RDC_SKU,,needs_review,,,,2629,1463,2694,1497,research_outputs/golden_dataset_local_tests/crops/1770343815150_0244_1059_01-018/036_RDC_SKU_2629_1463_2694_1497.jpg,research_outputs/golden_dataset_local_tests/label_overlays_expected_sku/1770343815150_0244_1059_01-018_labels.jpg,yes,,,,
1770343815150_0244_1059_01-018.jpg|RDC_SKU|2600|1686|2669|1718,1770343815150_0244_1059_01-018.jpg,1770343815150_0244_1059_01-018.json,38,RDC_SKU,,needs_review,,,,2600,1686,2669,1718,research_outputs/golden_dataset_local_tests/crops/1770343815150_0244_1059_01-018/038_RDC_SKU_2600_1686_2669_1718.jpg,research_outputs/golden_dataset_local_tests/label_overlays_expected_sku/1770343815150_0244_1059_01-018_labels.jpg,yes,181771,-10.0:181771,,
1770343815150_0244_1059_01-018.jpg|RDC_SKU|1603|1931|1669|1961,1770343815150_0244_1059_01-018.jpg,1770343815150_0244_1059_01-018.json,40,RDC_SKU,,needs_review,,,,1603,1931,1669,1961,research_outputs/golden_dataset_local_tests/crops/1770343815150_0244_1059_01-018/040_RDC_SKU_1603_1931_1669_1961.jpg,research_outputs/golden_dataset_local_tests/label_overlays_expected_sku/1770343815150_0244_1059_01-018_labels.jpg,yes,,,,
1770343815150_0244_1059_01-018.jpg|RDC_SKU|2167|1755|2237|1786,1770343815150_0244_1059_01-018.jpg,1770343815150_0244_1059_01-018.json,42,RDC_SKU,,needs_review,,,,2167,1755,2237,1786,research_outputs/golden_dataset_local_tests/crops/1770343815150_0244_1059_01-018/042_RDC_SKU_2167_1755_2237_1786.jpg,research_outputs/golden_dataset_local_tests/label_overlays_expected_sku/1770343815150_0244_1059_01-018_labels.jpg,yes,1211204752,,,
1770343815150_0244_1059_01-018.jpg|RDC_SKU|2381|1797|2453|1829,1770343815150_0244_1059_01-018.jpg,1770343815150_0244_1059_01-018.json,44,RDC_SKU,,needs_review,,,,2381,1797,2453,1829,research_outputs/golden_dataset_local_tests/crops/1770343815150_0244_1059_01-018/044_RDC_SKU_2381_1797_2453_1829.jpg,research_outputs/golden_dataset_local_tests/label_overlays_expected_sku/1770343815150_0244_1059_01-018_labels.jpg,yes,,,,
1770343815150_0244_1059_01-018.jpg|RDC_SKU|2583|1845|2652|1881,1770343815150_0244_1059_01-018.jpg,1770343815150_0244_1059_01-018.json,46,RDC_SKU,,needs_review,,,,2583,1845,2652,1881,research_outputs/golden_dataset_local_tests/crops/1770343815150_0244_1059_01-018/046_RDC_SKU_2583_1845_2652_1881.jpg,research_outputs/golden_dataset_local_tests/label_overlays_expected_sku/1770343815150_0244_1059_01-018_labels.jpg,yes,1011114837,-5.0:1011114897,,
1770343815150_0244_1059_01-018.jpg|RDC_SKU|2586|1971|2656|2008,1770343815150_0244_1059_01-018.jpg,1770343815150_0244_1059_01-018.json,48,RDC_SKU,,needs_review,,,,2586,1971,2656,2008,research_outputs/golden_dataset_local_tests/crops/1770343815150_0244_1059_01-018/048_RDC_SKU_2586_1971_2656_2008.jpg,research_outputs/golden_dataset_local_tests/label_overlays_expected_sku/1770343815150_0244_1059_01-018_labels.jpg,yes,1009205130,5.0:1009209130,,
1770343815150_0244_1059_01-018.jpg|RDC_SKU|2760|1929|2828|1956,1770343815150_0244_1059_01-018.jpg,1770343815150_0244_1059_01-018.json,50,RDC_SKU,,needs_review,,,,2760,1929,2828,1956,research_outputs/golden_dataset_local_tests/crops/1770343815150_0244_1059_01-018/050_RDC_SKU_2760_1929_2828_1956.jpg,research_outputs/golden_dataset_local_tests/label_overlays_expected_sku/1770343815150_0244_1059_01-018_labels.jpg,yes,100771,-10.0:100771|-5.0:100771|5.0:180771|10.0:100771,,
1770343815150_0244_1059_01-018.jpg|RDC_SKU|1989|2354|2060|2380,1770343815150_0244_1059_01-018.jpg,1770343815150_0244_1059_01-018.json,62,RDC_SKU,,needs_review,,,,1989,2354,2060,2380,research_outputs/golden_dataset_local_tests/crops/1770343815150_0244_1059_01-018/062_RDC_SKU_1989_2354_2060_2380.jpg,research_outputs/golden_dataset_local_tests/label_overlays_expected_sku/1770343815150_0244_1059_01-018_labels.jpg,yes,,,,
1770343815150_0244_1059_01-018.jpg|RDC_SKU|2295|2349|2365|2388,1770343815150_0244_1059_01-018.jpg,1770343815150_0244_1059_01-018.json,64,RDC_SKU,,needs_review,,,,2295,2349,2365,2388,research_outputs/golden_dataset_local_tests/crops/1770343815150_0244_1059_01-018/064_RDC_SKU_2295_2349_2365_2388.jpg,research_outputs/golden_dataset_local_tests/label_overlays_expected_sku/1770343815150_0244_1059_01-018_labels.jpg,yes,,,,
1770343815150_0244_1059_01-018.jpg|RDC_SKU|2472|2338|2543|2366,1770343815150_0244_1059_01-018.jpg,1770343815150_0244_1059_01-018.json,66,RDC_SKU,,needs_review,,,,2472,2338,2543,2366,research_outputs/golden_dataset_local_tests/crops/1770343815150_0244_1059_01-018/066_RDC_SKU_2472_2338_2543_2366.jpg,research_outputs/golden_dataset_local_tests/label_overlays_expected_sku/1770343815150_0244_1059_01-018_labels.jpg,yes,,,,
1770343815150_0244_1059_01-018.jpg|RDC_SKU|2727|2336|2798|2364,1770343815150_0244_1059_01-018.jpg,1770343815150_0244_1059_01-018.json,68,RDC_SKU,,needs_review,,,,2727,2336,2798,2364,research_outputs/golden_dataset_local_tests/crops/1770343815150_0244_1059_01-018/068_RDC_SKU_2727_2336_2798_2364.jpg,research_outputs/golden_dataset_local_tests/label_overlays_expected_sku/1770343815150_0244_1059_01-018_labels.jpg,yes,1011114813,-10.0:1011114813|-5.0:1011114813|0.0:1011114813|5.0:1011114813|10.0:1011114813|180.0:1011114813,,
1770343815150_0244_1059_01-018.jpg|RDC_SKU|2908|2357|2980|2391,1770343815150_0244_1059_01-018.jpg,1770343815150_0244_1059_01-018.json,70,RDC_SKU,,needs_review,,,,2908,2357,2980,2391,research_outputs/golden_dataset_local_tests/crops/1770343815150_0244_1059_01-018/070_RDC_SKU_2908_2357_2980_2391.jpg,research_outputs/golden_dataset_local_tests/label_overlays_expected_sku/1770343815150_0244_1059_01-018_labels.jpg,yes,1011060977,,,
1770343815150_0244_1059_01-018.jpg|RDC_SKU|3066|2332|3139|2366,1770343815150_0244_1059_01-018.jpg,1770343815150_0244_1059_01-018.json,72,RDC_SKU,,needs_review,,,,3066,2332,3139,2366,research_outputs/golden_dataset_local_tests/crops/1770343815150_0244_1059_01-018/072_RDC_SKU_3066_2332_3139_2366.jpg,research_outputs/golden_dataset_local_tests/label_overlays_expected_sku/1770343815150_0244_1059_01-018_labels.jpg,yes,1087719409,0.0:1053719409|10.0:1053719409|180.0:1053719409,,
1770343815150_0244_1059_01-018.jpg|RDC_SKU|2940|2765|3014|2801,1770343815150_0244_1059_01-018.jpg,1770343815150_0244_1059_01-018.json,83,RDC_SKU,,needs_review,,,,2940,2765,3014,2801,research_outputs/golden_dataset_local_tests/crops/1770343815150_0244_1059_01-018/083_RDC_SKU_2940_2765_3014_2801.jpg,research_outputs/golden_dataset_local_tests/label_overlays_expected_sku/1770343815150_0244_1059_01-018_labels.jpg,yes,1006672477,-10.0:672477|-5.0:1006672477|0.0:1006672477|5.0:1806672477|180.0:672477,,
1770343815150_0244_1059_01-018.jpg|RDC_SKU|2425|2718|2497|2755,1770343815150_0244_1059_01-018.jpg,1770343815150_0244_1059_01-018.json,85,RDC_SKU,,needs_review,,,,2425,2718,2497,2755,research_outputs/golden_dataset_local_tests/crops/1770343815150_0244_1059_01-018/085_RDC_SKU_2425_2718_2497_2755.jpg,research_outputs/golden_dataset_local_tests/label_overlays_expected_sku/1770343815150_0244_1059_01-018_labels.jpg,yes,1937719413,-10.0:1007719413|-5.0:1007719413|0.0:1007719413|5.0:1007719413|10.0:1007219413|180.0:1007719413,,
1770343815150_0244_1059_01-018.jpg|RDC_SKU|1851|2740|1924|2772,1770343815150_0244_1059_01-018.jpg,1770343815150_0244_1059_01-018.json,87,RDC_SKU,,needs_review,,,,1851,2740,1924,2772,research_outputs/golden_dataset_local_tests/crops/1770343815150_0244_1059_01-018/087_RDC_SKU_1851_2740_1924_2772.jpg,research_outputs/golden_dataset_local_tests/label_overlays_expected_sku/1770343815150_0244_1059_01-018_labels.jpg,yes,1011185071,-5.0:1011185871|0.0:1011185071|5.0:1011185071|10.0:1011185071|180.0:1011185071,,
1770343815150_0244_1098_01-016.jpg|RDC_SKU|1598|1527|1646|1556,1770343815150_0244_1098_01-016.jpg,1770343815150_0244_1098_01-016.json,0,RDC_SKU,,needs_review,,,,1598,1527,1646,1556,research_outputs/golden_dataset_local_tests/crops/1770343815150_0244_1098_01-016/000_RDC_SKU_1598_1527_1646_1556.jpg,research_outputs/golden_dataset_local_tests/label_overlays_expected_sku/1770343815150_0244_1098_01-016_labels.jpg,yes,,,,
1770343815150_0244_1098_01-016.jpg|RDC_SKU|1662|1905|1728|1947,1770343815150_0244_1098_01-016.jpg,1770343815150_0244_1098_01-016.json,6,RDC_SKU,,needs_review,,,,1662,1905,1728,1947,research_outputs/golden_dataset_local_tests/crops/1770343815150_0244_1098_01-016/006_RDC_SKU_1662_1905_1728_1947.jpg,research_outputs/golden_dataset_local_tests/label_overlays_expected_sku/1770343815150_0244_1098_01-016_labels.jpg,yes,,,,
1770343815150_0244_1098_01-016.jpg|RDC_SKU|1764|2294|1835|2324,1770343815150_0244_1098_01-016.jpg,1770343815150_0244_1098_01-016.json,11,RDC_SKU,,needs_review,,,,1764,2294,1835,2324,research_outputs/golden_dataset_local_tests/crops/1770343815150_0244_1098_01-016/011_RDC_SKU_1764_2294_1835_2324.jpg,research_outputs/golden_dataset_local_tests/label_overlays_expected_sku/1770343815150_0244_1098_01-016_labels.jpg,yes,151300,,,
1770343815150_0244_1098_01-016.jpg|RDC_SKU|1863|2707|1916|2742,1770343815150_0244_1098_01-016.jpg,1770343815150_0244_1098_01-016.json,23,RDC_SKU,,needs_review,,,,1863,2707,1916,2742,research_outputs/golden_dataset_local_tests/crops/1770343815150_0244_1098_01-016/023_RDC_SKU_1863_2707_1916_2742.jpg,research_outputs/golden_dataset_local_tests/label_overlays_expected_sku/1770343815150_0244_1098_01-016_labels.jpg,yes,,,,
1770343815150_0244_1098_01-016.jpg|RDC_SKU|1719|2653|1792|2687,1770343815150_0244_1098_01-016.jpg,1770343815150_0244_1098_01-016.json,25,RDC_SKU,,needs_review,,,,1719,2653,1792,2687,research_outputs/golden_dataset_local_tests/crops/1770343815150_0244_1098_01-016/025_RDC_SKU_1719_2653_1792_2687.jpg,research_outputs/golden_dataset_local_tests/label_overlays_expected_sku/1770343815150_0244_1098_01-016_labels.jpg,yes,,,,
1770343815150_0244_1098_01-016.jpg|RDC_SKU|1846|2553|1916|2589,1770343815150_0244_1098_01-016.jpg,1770343815150_0244_1098_01-016.json,27,RDC_SKU,,needs_review,,,,1846,2553,1916,2589,research_outputs/golden_dataset_local_tests/crops/1770343815150_0244_1098_01-016/027_RDC_SKU_1846_2553_1916_2589.jpg,research_outputs/golden_dataset_local_tests/label_overlays_expected_sku/1770343815150_0244_1098_01-016_labels.jpg,yes,081221,,,
1770343815150_0244_1098_01-016.jpg|RDC_SKU|1738|2538|1809|2569,1770343815150_0244_1098_01-016.jpg,1770343815150_0244_1098_01-016.json,29,RDC_SKU,,needs_review,,,,1738,2538,1809,2569,research_outputs/golden_dataset_local_tests/crops/1770343815150_0244_1098_01-016/029_RDC_SKU_1738_2538_1809_2569.jpg,research_outputs/golden_dataset_local_tests/label_overlays_expected_sku/1770343815150_0244_1098_01-016_labels.jpg,yes,,,,
1770343815150_0244_1098_01-016.jpg|RDC_SKU|1879|2409|1949|2434,1770343815150_0244_1098_01-016.jpg,1770343815150_0244_1098_01-016.json,31,RDC_SKU,,needs_review,,,,1879,2409,1949,2434,research_outputs/golden_dataset_local_tests/crops/1770343815150_0244_1098_01-016/031_RDC_SKU_1879_2409_1949_2434.jpg,research_outputs/golden_dataset_local_tests/label_overlays_expected_sku/1770343815150_0244_1098_01-016_labels.jpg,yes,,,,
1770343815150_0244_1143_01-014.jpg|RDC_SKU|2115|2716|2180|2747,1770343815150_0244_1143_01-014.jpg,1770343815150_0244_1143_01-014.json,33,RDC_SKU,,needs_review,,,,2115,2716,2180,2747,research_outputs/golden_dataset_local_tests/crops/1770343815150_0244_1143_01-014/033_RDC_SKU_2115_2716_2180_2747.jpg,research_outputs/golden_dataset_local_tests/label_overlays_expected_sku/1770343815150_0244_1143_01-014_labels.jpg,yes,,,,
1770343815150_0244_1143_01-014.jpg|RDC_SKU|1941|2579|2011|2611,1770343815150_0244_1143_01-014.jpg,1770343815150_0244_1143_01-014.json,36,RDC_SKU,,needs_review,,,,1941,2579,2011,2611,research_outputs/golden_dataset_local_tests/crops/1770343815150_0244_1143_01-014/036_RDC_SKU_1941_2579_2011_2611.jpg,research_outputs/golden_dataset_local_tests/label_overlays_expected_sku/1770343815150_0244_1143_01-014_labels.jpg,yes,,,,
1770343815150_0244_1143_01-014.jpg|RDC_SKU|1729|2570|1800|2608,1770343815150_0244_1143_01-014.jpg,1770343815150_0244_1143_01-014.json,38,RDC_SKU,,needs_review,,,,1729,2570,1800,2608,research_outputs/golden_dataset_local_tests/crops/1770343815150_0244_1143_01-014/038_RDC_SKU_1729_2570_1800_2608.jpg,research_outputs/golden_dataset_local_tests/label_overlays_expected_sku/1770343815150_0244_1143_01-014_labels.jpg,yes,,,,
1770343815150_0244_1143_01-014.jpg|RDC_SKU|1733|2423|1787|2449,1770343815150_0244_1143_01-014.jpg,1770343815150_0244_1143_01-014.json,40,RDC_SKU,,needs_review,,,,1733,2423,1787,2449,research_outputs/golden_dataset_local_tests/crops/1770343815150_0244_1143_01-014/040_RDC_SKU_1733_2423_1787_2449.jpg,research_outputs/golden_dataset_local_tests/label_overlays_expected_sku/1770343815150_0244_1143_01-014_labels.jpg,yes,,,,
1770343815150_0244_1143_01-014.jpg|RDC_SKU|2164|2504|2218|2538,1770343815150_0244_1143_01-014.jpg,1770343815150_0244_1143_01-014.json,42,RDC_SKU,,needs_review,,,,2164,2504,2218,2538,research_outputs/golden_dataset_local_tests/crops/1770343815150_0244_1143_01-014/042_RDC_SKU_2164_2504_2218_2538.jpg,research_outputs/golden_dataset_local_tests/label_overlays_expected_sku/1770343815150_0244_1143_01-014_labels.jpg,yes,232043,-10.0:232043|-5.0:232043|0.0:232043|5.0:232043|10.0:232043|180.0:232043,,
1770343815150_0244_1143_01-014.jpg|RDC_SKU|2170|2246|2220|2277,1770343815150_0244_1143_01-014.jpg,1770343815150_0244_1143_01-014.json,44,RDC_SKU,,needs_review,,,,2170,2246,2220,2277,research_outputs/golden_dataset_local_tests/crops/1770343815150_0244_1143_01-014/044_RDC_SKU_2170_2246_2220_2277.jpg,research_outputs/golden_dataset_local_tests/label_overlays_expected_sku/1770343815150_0244_1143_01-014_labels.jpg,yes,430529,,,
1770343815150_0244_1143_01-014.jpg|RDC_SKU|2312|2447|2381|2487,1770343815150_0244_1143_01-014.jpg,1770343815150_0244_1143_01-014.json,46,RDC_SKU,,needs_review,,,,2312,2447,2381,2487,research_outputs/golden_dataset_local_tests/crops/1770343815150_0244_1143_01-014/046_RDC_SKU_2312_2447_2381_2487.jpg,research_outputs/golden_dataset_local_tests/label_overlays_expected_sku/1770343815150_0244_1143_01-014_labels.jpg,yes,100334,-10.0:108334|0.0:100334|180.0:100334,,
1770343815150_0244_1143_01-014.jpg|RDC_SKU|3248|1566|3299|1595,1770343815150_0244_1143_01-014.jpg,1770343815150_0244_1143_01-014.json,48,RDC_SKU,,needs_review,,,,3248,1566,3299,1595,research_outputs/golden_dataset_local_tests/crops/1770343815150_0244_1143_01-014/048_RDC_SKU_3248_1566_3299_1595.jpg,research_outputs/golden_dataset_local_tests/label_overlays_expected_sku/1770343815150_0244_1143_01-014_labels.jpg,yes,,,,
1770343815150_0244_1143_01-014.jpg|RDC_SKU|3242|1765|3295|1792,1770343815150_0244_1143_01-014.jpg,1770343815150_0244_1143_01-014.json,50,RDC_SKU,,needs_review,,,,3242,1765,3295,1792,research_outputs/golden_dataset_local_tests/crops/1770343815150_0244_1143_01-014/050_RDC_SKU_3242_1765_3295_1792.jpg,research_outputs/golden_dataset_local_tests/label_overlays_expected_sku/1770343815150_0244_1143_01-014_labels.jpg,yes,,,,
1770343815150_0244_1143_01-014.jpg|RDC_SKU|3047|1883|3098|1915,1770343815150_0244_1143_01-014.jpg,1770343815150_0244_1143_01-014.json,52,RDC_SKU,,needs_review,,,,3047,1883,3098,1915,research_outputs/golden_dataset_local_tests/crops/1770343815150_0244_1143_01-014/052_RDC_SKU_3047_1883_3098_1915.jpg,research_outputs/golden_dataset_local_tests/label_overlays_expected_sku/1770343815150_0244_1143_01-014_labels.jpg,yes,845876,-10.0:545878|-5.0:545878|0.0:545878|5.0:545878|10.0:545878|180.0:545878,,
1770343815150_0244_1143_01-014.jpg|RDC_SKU|2842|1909|2892|1938,1770343815150_0244_1143_01-014.jpg,1770343815150_0244_1143_01-014.json,54,RDC_SKU,,needs_review,,,,2842,1909,2892,1938,research_outputs/golden_dataset_local_tests/crops/1770343815150_0244_1143_01-014/054_RDC_SKU_2842_1909_2892_1938.jpg,research_outputs/golden_dataset_local_tests/label_overlays_expected_sku/1770343815150_0244_1143_01-014_labels.jpg,yes,645875,-10.0:645878|-5.0:645875|180.0:645873,,
1770343815150_0244_1143_01-014.jpg|RDC_SKU|2189|1766|2243|1796,1770343815150_0244_1143_01-014.jpg,1770343815150_0244_1143_01-014.json,56,RDC_SKU,,needs_review,,,,2189,1766,2243,1796,research_outputs/golden_dataset_local_tests/crops/1770343815150_0244_1143_01-014/056_RDC_SKU_2189_1766_2243_1796.jpg,research_outputs/golden_dataset_local_tests/label_overlays_expected_sku/1770343815150_0244_1143_01-014_labels.jpg,yes,,,,
1770343815150_0244_1143_01-014.jpg|RDC_SKU|2022|1659|2070|1688,1770343815150_0244_1143_01-014.jpg,1770343815150_0244_1143_01-014.json,58,RDC_SKU,,needs_review,,,,2022,1659,2070,1688,research_outputs/golden_dataset_local_tests/crops/1770343815150_0244_1143_01-014/058_RDC_SKU_2022_1659_2070_1688.jpg,research_outputs/golden_dataset_local_tests/label_overlays_expected_sku/1770343815150_0244_1143_01-014_labels.jpg,yes,,,,
1770343815150_0244_1143_01-014.jpg|RDC_SKU|2020|1505|2068|1535,1770343815150_0244_1143_01-014.jpg,1770343815150_0244_1143_01-014.json,60,RDC_SKU,,needs_review,,,,2020,1505,2068,1535,research_outputs/golden_dataset_local_tests/crops/1770343815150_0244_1143_01-014/060_RDC_SKU_2020_1505_2068_1535.jpg,research_outputs/golden_dataset_local_tests/label_overlays_expected_sku/1770343815150_0244_1143_01-014_labels.jpg,yes,,,,
1770343815150_0244_1143_01-014.jpg|RDC_SKU|1872|1503|1924|1534,1770343815150_0244_1143_01-014.jpg,1770343815150_0244_1143_01-014.json,62,RDC_SKU,,needs_review,,,,1872,1503,1924,1534,research_outputs/golden_dataset_local_tests/crops/1770343815150_0244_1143_01-014/062_RDC_SKU_1872_1503_1924_1534.jpg,research_outputs/golden_dataset_local_tests/label_overlays_expected_sku/1770343815150_0244_1143_01-014_labels.jpg,yes,,,,
1770343815150_0244_1143_01-014.jpg|RDC_SKU|2847|1655|2899|1683,1770343815150_0244_1143_01-014.jpg,1770343815150_0244_1143_01-014.json,64,RDC_SKU,,needs_review,,,,2847,1655,2899,1683,research_outputs/golden_dataset_local_tests/crops/1770343815150_0244_1143_01-014/064_RDC_SKU_2847_1655_2899_1683.jpg,research_outputs/golden_dataset_local_tests/label_overlays_expected_sku/1770343815150_0244_1143_01-014_labels.jpg,yes,,,,
1770343815150_0244_1181_01-012.jpg|RDC_SKU|1680|2726|1752|2775,1770343815150_0244_1181_01-012.jpg,1770343815150_0244_1181_01-012.json,43,RDC_SKU,,needs_review,,,,1680,2726,1752,2775,research_outputs/golden_dataset_local_tests/crops/1770343815150_0244_1181_01-012/043_RDC_SKU_1680_2726_1752_2775.jpg,research_outputs/golden_dataset_local_tests/label_overlays_expected_sku/1770343815150_0244_1181_01-012_labels.jpg,yes,100949,,,
1770343815150_0244_1181_01-012.jpg|RDC_SKU|1551|2658|1624|2688,1770343815150_0244_1181_01-012.jpg,1770343815150_0244_1181_01-012.json,45,RDC_SKU,,needs_review,,,,1551,2658,1624,2688,research_outputs/golden_dataset_local_tests/crops/1770343815150_0244_1181_01-012/045_RDC_SKU_1551_2658_1624_2688.jpg,research_outputs/golden_dataset_local_tests/label_overlays_expected_sku/1770343815150_0244_1181_01-012_labels.jpg,yes,,,,
1770343815150_0244_1181_01-012.jpg|RDC_SKU|1908|2679|1960|2709,1770343815150_0244_1181_01-012.jpg,1770343815150_0244_1181_01-012.json,47,RDC_SKU,,needs_review,,,,1908,2679,1960,2709,research_outputs/golden_dataset_local_tests/crops/1770343815150_0244_1181_01-012/047_RDC_SKU_1908_2679_1960_2709.jpg,research_outputs/golden_dataset_local_tests/label_overlays_expected_sku/1770343815150_0244_1181_01-012_labels.jpg,yes,674017,-10.0:674017|0.0:674017|180.0:674017,,
1770343815150_0244_1181_01-012.jpg|RDC_SKU|1722|2480|1794|2513,1770343815150_0244_1181_01-012.jpg,1770343815150_0244_1181_01-012.json,49,RDC_SKU,,needs_review,,,,1722,2480,1794,2513,research_outputs/golden_dataset_local_tests/crops/1770343815150_0244_1181_01-012/049_RDC_SKU_1722_2480_1794_2513.jpg,research_outputs/golden_dataset_local_tests/label_overlays_expected_sku/1770343815150_0244_1181_01-012_labels.jpg,yes,,,,
1770343815150_0244_1181_01-012.jpg|RDC_SKU|1506|2239|1577|2270,1770343815150_0244_1181_01-012.jpg,1770343815150_0244_1181_01-012.json,51,RDC_SKU,,needs_review,,,,1506,2239,1577,2270,research_outputs/golden_dataset_local_tests/crops/1770343815150_0244_1181_01-012/051_RDC_SKU_1506_2239_1577_2270.jpg,research_outputs/golden_dataset_local_tests/label_overlays_expected_sku/1770343815150_0244_1181_01-012_labels.jpg,yes,,,,
1770343815150_0244_1181_01-012.jpg|RDC_SKU|1947|2285|2019|2312,1770343815150_0244_1181_01-012.jpg,1770343815150_0244_1181_01-012.json,53,RDC_SKU,,needs_review,,,,1947,2285,2019,2312,research_outputs/golden_dataset_local_tests/crops/1770343815150_0244_1181_01-012/053_RDC_SKU_1947_2285_2019_2312.jpg,research_outputs/golden_dataset_local_tests/label_overlays_expected_sku/1770343815150_0244_1181_01-012_labels.jpg,yes,,,,
1770343815150_0244_1181_01-012.jpg|RDC_SKU|1932|2464|1988|2498,1770343815150_0244_1181_01-012.jpg,1770343815150_0244_1181_01-012.json,55,RDC_SKU,,needs_review,,,,1932,2464,1988,2498,research_outputs/golden_dataset_local_tests/crops/1770343815150_0244_1181_01-012/055_RDC_SKU_1932_2464_1988_2498.jpg,research_outputs/golden_dataset_local_tests/label_overlays_expected_sku/1770343815150_0244_1181_01-012_labels.jpg,yes,155423,-10.0:155473|-5.0:155473|0.0:155473|5.0:155473|10.0:155473|180.0:155473,,
1770343815150_0244_1181_01-012.jpg|RDC_SKU|2146|2527|2216|2560,1770343815150_0244_1181_01-012.jpg,1770343815150_0244_1181_01-012.json,57,RDC_SKU,,needs_review,,,,2146,2527,2216,2560,research_outputs/golden_dataset_local_tests/crops/1770343815150_0244_1181_01-012/057_RDC_SKU_2146_2527_2216_2560.jpg,research_outputs/golden_dataset_local_tests/label_overlays_expected_sku/1770343815150_0244_1181_01-012_labels.jpg,yes,,,,
1770343815150_0244_1181_01-012.jpg|RDC_SKU|2159|2276|2208|2306,1770343815150_0244_1181_01-012.jpg,1770343815150_0244_1181_01-012.json,59,RDC_SKU,,needs_review,,,,2159,2276,2208,2306,research_outputs/golden_dataset_local_tests/crops/1770343815150_0244_1181_01-012/059_RDC_SKU_2159_2276_2208_2306.jpg,research_outputs/golden_dataset_local_tests/label_overlays_expected_sku/1770343815150_0244_1181_01-012_labels.jpg,yes,125442,,,
1770343815150_0244_1181_01-012.jpg|RDC_SKU|2337|2376|2388|2408,1770343815150_0244_1181_01-012.jpg,1770343815150_0244_1181_01-012.json,61,RDC_SKU,,needs_review,,,,2337,2376,2388,2408,research_outputs/golden_dataset_local_tests/crops/1770343815150_0244_1181_01-012/061_RDC_SKU_2337_2376_2388_2408.jpg,research_outputs/golden_dataset_local_tests/label_overlays_expected_sku/1770343815150_0244_1181_01-012_labels.jpg,yes,,,,
1770343815150_0244_1181_01-012.jpg|RDC_SKU|2353|2581|2427|2618,1770343815150_0244_1181_01-012.jpg,1770343815150_0244_1181_01-012.json,64,RDC_SKU,,needs_review,,,,2353,2581,2427,2618,research_outputs/golden_dataset_local_tests/crops/1770343815150_0244_1181_01-012/064_RDC_SKU_2353_2581_2427_2618.jpg,research_outputs/golden_dataset_local_tests/label_overlays_expected_sku/1770343815150_0244_1181_01-012_labels.jpg,yes,1001862534,,,
1770343815150_0244_1181_01-012.jpg|RDC_SKU|2496|2548|2571|2586,1770343815150_0244_1181_01-012.jpg,1770343815150_0244_1181_01-012.json,66,RDC_SKU,,needs_review,,,,2496,2548,2571,2586,research_outputs/golden_dataset_local_tests/crops/1770343815150_0244_1181_01-012/066_RDC_SKU_2496_2548_2571_2586.jpg,research_outputs/golden_dataset_local_tests/label_overlays_expected_sku/1770343815150_0244_1181_01-012_labels.jpg,yes,,,,
1770343815150_0244_1181_01-012.jpg|RDC_SKU|2308|2711|2361|2739,1770343815150_0244_1181_01-012.jpg,1770343815150_0244_1181_01-012.json,68,RDC_SKU,,needs_review,,,,2308,2711,2361,2739,research_outputs/golden_dataset_local_tests/crops/1770343815150_0244_1181_01-012/068_RDC_SKU_2308_2711_2361_2739.jpg,research_outputs/golden_dataset_local_tests/label_overlays_expected_sku/1770343815150_0244_1181_01-012_labels.jpg,yes,,,,
1770343815150_0244_1181_01-012.jpg|RDC_SKU|2488|2730|2557|2758,1770343815150_0244_1181_01-012.jpg,1770343815150_0244_1181_01-012.json,70,RDC_SKU,,needs_review,,,,2488,2730,2557,2758,research_outputs/golden_dataset_local_tests/crops/1770343815150_0244_1181_01-012/070_RDC_SKU_2488_2730_2557_2758.jpg,research_outputs/golden_dataset_local_tests/label_overlays_expected_sku/1770343815150_0244_1181_01-012_labels.jpg,yes,,,,
1770343815150_0244_1181_01-012.jpg|RDC_SKU|2122|2654|2194|2682,1770343815150_0244_1181_01-012.jpg,1770343815150_0244_1181_01-012.json,72,RDC_SKU,,needs_review,,,,2122,2654,2194,2682,research_outputs/golden_dataset_local_tests/crops/1770343815150_0244_1181_01-012/072_RDC_SKU_2122_2654_2194_2682.jpg,research_outputs/golden_dataset_local_tests/label_overlays_expected_sku/1770343815150_0244_1181_01-012_labels.jpg,yes,,,,
1770343815150_0244_1181_01-012.jpg|RDC_SKU|2688|2033|2760|2065,1770343815150_0244_1181_01-012.jpg,1770343815150_0244_1181_01-012.json,74,RDC_SKU,,needs_review,,,,2688,2033,2760,2065,research_outputs/golden_dataset_local_tests/crops/1770343815150_0244_1181_01-012/074_RDC_SKU_2688_2033_2760_2065.jpg,research_outputs/golden_dataset_local_tests/label_overlays_expected_sku/1770343815150_0244_1181_01-012_labels.jpg,yes,,,,
1770343815150_0244_1181_01-012.jpg|RDC_SKU|2331|1744|2401|1773,1770343815150_0244_1181_01-012.jpg,1770343815150_0244_1181_01-012.json,76,RDC_SKU,,needs_review,,,,2331,1744,2401,1773,research_outputs/golden_dataset_local_tests/crops/1770343815150_0244_1181_01-012/076_RDC_SKU_2331_1744_2401_1773.jpg,research_outputs/golden_dataset_local_tests/label_overlays_expected_sku/1770343815150_0244_1181_01-012_labels.jpg,yes,,,,
1770343815150_0244_1181_01-012.jpg|RDC_SKU|2169|1789|2238|1827,1770343815150_0244_1181_01-012.jpg,1770343815150_0244_1181_01-012.json,78,RDC_SKU,,needs_review,,,,2169,1789,2238,1827,research_outputs/golden_dataset_local_tests/crops/1770343815150_0244_1181_01-012/078_RDC_SKU_2169_1789_2238_1827.jpg,research_outputs/golden_dataset_local_tests/label_overlays_expected_sku/1770343815150_0244_1181_01-012_labels.jpg,yes,,,,
1770343815150_0244_1181_01-012.jpg|RDC_SKU|2161|1991|2212|2019,1770343815150_0244_1181_01-012.jpg,1770343815150_0244_1181_01-012.json,80,RDC_SKU,,needs_review,,,,2161,1991,2212,2019,research_outputs/golden_dataset_local_tests/crops/1770343815150_0244_1181_01-012/080_RDC_SKU_2161_1991_2212_2019.jpg,research_outputs/golden_dataset_local_tests/label_overlays_expected_sku/1770343815150_0244_1181_01-012_labels.jpg,yes,,,,
1770343815150_0244_1181_01-012.jpg|RDC_SKU|2030|1913|2101|1941,1770343815150_0244_1181_01-012.jpg,1770343815150_0244_1181_01-012.json,82,RDC_SKU,,needs_review,,,,2030,1913,2101,1941,research_outputs/golden_dataset_local_tests/crops/1770343815150_0244_1181_01-012/082_RDC_SKU_2030_1913_2101_1941.jpg,research_outputs/golden_dataset_local_tests/label_overlays_expected_sku/1770343815150_0244_1181_01-012_labels.jpg,yes,,,,
1770343815150_0244_1181_01-012.jpg|RDC_SKU|1999|1753|2052|1784,1770343815150_0244_1181_01-012.jpg,1770343815150_0244_1181_01-012.json,84,RDC_SKU,,needs_review,,,,1999,1753,2052,1784,research_outputs/golden_dataset_local_tests/crops/1770343815150_0244_1181_01-012/084_RDC_SKU_1999_1753_2052_1784.jpg,research_outputs/golden_dataset_local_tests/label_overlays_expected_sku/1770343815150_0244_1181_01-012_labels.jpg,yes,,,,
1770343815150_0244_1181_01-012.jpg|RDC_SKU|1841|1815|1911|1865,1770343815150_0244_1181_01-012.jpg,1770343815150_0244_1181_01-012.json,86,RDC_SKU,,needs_review,,,,1841,1815,1911,1865,research_outputs/golden_dataset_local_tests/crops/1770343815150_0244_1181_01-012/086_RDC_SKU_1841_1815_1911_1865.jpg,research_outputs/golden_dataset_local_tests/label_overlays_expected_sku/1770343815150_0244_1181_01-012_labels.jpg,yes,,,,
1770343815150_0244_1181_01-012.jpg|RDC_SKU|1812|1684|1881|1710,1770343815150_0244_1181_01-012.jpg,1770343815150_0244_1181_01-012.json,88,RDC_SKU,,needs_review,,,,1812,1684,1881,1710,research_outputs/golden_dataset_local_tests/crops/1770343815150_0244_1181_01-012/088_RDC_SKU_1812_1684_1881_1710.jpg,research_outputs/golden_dataset_local_tests/label_overlays_expected_sku/1770343815150_0244_1181_01-012_labels.jpg,yes,,,,
1770343815150_0244_1181_01-012.jpg|RDC_SKU|1658|1938|1734|1969,1770343815150_0244_1181_01-012.jpg,1770343815150_0244_1181_01-012.json,90,RDC_SKU,,needs_review,,,,1658,1938,1734,1969,research_outputs/golden_dataset_local_tests/crops/1770343815150_0244_1181_01-012/090_RDC_SKU_1658_1938_1734_1969.jpg,research_outputs/golden_dataset_local_tests/label_overlays_expected_sku/1770343815150_0244_1181_01-012_labels.jpg,yes,,,,
1770343815150_0244_1181_01-012.jpg|RDC_SKU|1780|2007|1854|2036,1770343815150_0244_1181_01-012.jpg,1770343815150_0244_1181_01-012.json,92,RDC_SKU,,needs_review,,,,1780,2007,1854,2036,research_outputs/golden_dataset_local_tests/crops/1770343815150_0244_1181_01-012/092_RDC_SKU_1780_2007_1854_2036.jpg,research_outputs/golden_dataset_local_tests/label_overlays_expected_sku/1770343815150_0244_1181_01-012_labels.jpg,yes,,,,
1770343815150_0244_1181_01-012.jpg|RDC_SKU|2198|1625|2261|1662,1770343815150_0244_1181_01-012.jpg,1770343815150_0244_1181_01-012.json,94,RDC_SKU,,needs_review,,,,2198,1625,2261,1662,research_outputs/golden_dataset_local_tests/crops/1770343815150_0244_1181_01-012/094_RDC_SKU_2198_1625_2261_1662.jpg,research_outputs/golden_dataset_local_tests/label_overlays_expected_sku/1770343815150_0244_1181_01-012_labels.jpg,yes,,,,
1770343815150_0244_1181_01-012.jpg|RDC_SKU|2213|1453|2284|1485,1770343815150_0244_1181_01-012.jpg,1770343815150_0244_1181_01-012.json,96,RDC_SKU,,needs_review,,,,2213,1453,2284,1485,research_outputs/golden_dataset_local_tests/crops/1770343815150_0244_1181_01-012/096_RDC_SKU_2213_1453_2284_1485.jpg,research_outputs/golden_dataset_local_tests/label_overlays_expected_sku/1770343815150_0244_1181_01-012_labels.jpg,yes,,,,
1770343815150_0244_1218_01-010.jpg|RDC_SKU|2490|1710|2561|1738,1770343815150_0244_1218_01-010.jpg,1770343815150_0244_1218_01-010.json,63,RDC_SKU,,needs_review,,,,2490,1710,2561,1738,research_outputs/golden_dataset_local_tests/crops/1770343815150_0244_1218_01-010/063_RDC_SKU_2490_1710_2561_1738.jpg,research_outputs/golden_dataset_local_tests/label_overlays_expected_sku/1770343815150_0244_1218_01-010_labels.jpg,yes,,,,
1770343815150_0244_1218_01-010.jpg|RDC_SKU|2643|2437|2695|2478,1770343815150_0244_1218_01-010.jpg,1770343815150_0244_1218_01-010.json,68,RDC_SKU,,needs_review,,,,2643,2437,2695,2478,research_outputs/golden_dataset_local_tests/crops/1770343815150_0244_1218_01-010/068_RDC_SKU_2643_2437_2695_2478.jpg,research_outputs/golden_dataset_local_tests/label_overlays_expected_sku/1770343815150_0244_1218_01-010_labels.jpg,yes,473153,-10.0:470153|-5.0:473153|5.0:673153|10.0:473153,,
1770343815150_0244_1218_01-010.jpg|RDC_SKU|2624|2655|2699|2690,1770343815150_0244_1218_01-010.jpg,1770343815150_0244_1218_01-010.json,70,RDC_SKU,,needs_review,,,,2624,2655,2699,2690,research_outputs/golden_dataset_local_tests/crops/1770343815150_0244_1218_01-010/070_RDC_SKU_2624_2655_2699_2690.jpg,research_outputs/golden_dataset_local_tests/label_overlays_expected_sku/1770343815150_0244_1218_01-010_labels.jpg,yes,,,,
1770343815150_0244_1218_01-010.jpg|RDC_SKU|2259|2554|2332|2600,1770343815150_0244_1218_01-010.jpg,1770343815150_0244_1218_01-010.json,72,RDC_SKU,,needs_review,,,,2259,2554,2332,2600,research_outputs/golden_dataset_local_tests/crops/1770343815150_0244_1218_01-010/072_RDC_SKU_2259_2554_2332_2600.jpg,research_outputs/golden_dataset_local_tests/label_overlays_expected_sku/1770343815150_0244_1218_01-010_labels.jpg,yes,,,,
1770343815150_0244_1218_01-010.jpg|RDC_SKU|2124|2354|2180|2382,1770343815150_0244_1218_01-010.jpg,1770343815150_0244_1218_01-010.json,75,RDC_SKU,,needs_review,,,,2124,2354,2180,2382,research_outputs/golden_dataset_local_tests/crops/1770343815150_0244_1218_01-010/075_RDC_SKU_2124_2354_2180_2382.jpg,research_outputs/golden_dataset_local_tests/label_overlays_expected_sku/1770343815150_0244_1218_01-010_labels.jpg,yes,,,,
1770343815150_0244_1218_01-010.jpg|RDC_SKU|2078|2745|2152|2772,1770343815150_0244_1218_01-010.jpg,1770343815150_0244_1218_01-010.json,77,RDC_SKU,,needs_review,,,,2078,2745,2152,2772,research_outputs/golden_dataset_local_tests/crops/1770343815150_0244_1218_01-010/077_RDC_SKU_2078_2745_2152_2772.jpg,research_outputs/golden_dataset_local_tests/label_overlays_expected_sku/1770343815150_0244_1218_01-010_labels.jpg,yes,,,,
1770343815150_0244_1218_01-010.jpg|RDC_SKU|1707|2671|1760|2700,1770343815150_0244_1218_01-010.jpg,1770343815150_0244_1218_01-010.json,80,RDC_SKU,,needs_review,,,,1707,2671,1760,2700,research_outputs/golden_dataset_local_tests/crops/1770343815150_0244_1218_01-010/080_RDC_SKU_1707_2671_1760_2700.jpg,research_outputs/golden_dataset_local_tests/label_overlays_expected_sku/1770343815150_0244_1218_01-010_labels.jpg,yes,737584,0.0:737584|5.0:737584|10.0:737584|180.0:737584,,
1770343815150_0244_1218_01-010.jpg|RDC_SKU|2236|1716|2305|1754,1770343815150_0244_1218_01-010.jpg,1770343815150_0244_1218_01-010.json,86,RDC_SKU,,needs_review,,,,2236,1716,2305,1754,research_outputs/golden_dataset_local_tests/crops/1770343815150_0244_1218_01-010/086_RDC_SKU_2236_1716_2305_1754.jpg,research_outputs/golden_dataset_local_tests/label_overlays_expected_sku/1770343815150_0244_1218_01-010_labels.jpg,yes,,,,
1770343815150_0244_1218_01-010.jpg|RDC_SKU|1930|2562|2002|2591,1770343815150_0244_1218_01-010.jpg,1770343815150_0244_1218_01-010.json,87,RDC_SKU,,needs_review,,,,1930,2562,2002,2591,research_outputs/golden_dataset_local_tests/crops/1770343815150_0244_1218_01-010/087_RDC_SKU_1930_2562_2002_2591.jpg,research_outputs/golden_dataset_local_tests/label_overlays_expected_sku/1770343815150_0244_1218_01-010_labels.jpg,yes,,,,
1770343815150_0244_1254_01-008.jpg|RDC_SKU|1850|2679|1924|2720,1770343815150_0244_1254_01-008.jpg,1770343815150_0244_1254_01-008.json,1,RDC_SKU,,needs_review,,,,1850,2679,1924,2720,research_outputs/golden_dataset_local_tests/crops/1770343815150_0244_1254_01-008/001_RDC_SKU_1850_2679_1924_2720.jpg,research_outputs/golden_dataset_local_tests/label_overlays_expected_sku/1770343815150_0244_1254_01-008_labels.jpg,yes,,,,
1770343815150_0244_1254_01-008.jpg|RDC_SKU|1844|2455|1917|2487,1770343815150_0244_1254_01-008.jpg,1770343815150_0244_1254_01-008.json,4,RDC_SKU,,needs_review,,,,1844,2455,1917,2487,research_outputs/golden_dataset_local_tests/crops/1770343815150_0244_1254_01-008/004_RDC_SKU_1844_2455_1917_2487.jpg,research_outputs/golden_dataset_local_tests/label_overlays_expected_sku/1770343815150_0244_1254_01-008_labels.jpg,yes,,,,
1770343815150_0244_1254_01-008.jpg|RDC_SKU|1866|2226|1931|2254,1770343815150_0244_1254_01-008.jpg,1770343815150_0244_1254_01-008.json,7,RDC_SKU,,needs_review,,,,1866,2226,1931,2254,research_outputs/golden_dataset_local_tests/crops/1770343815150_0244_1254_01-008/007_RDC_SKU_1866_2226_1931_2254.jpg,research_outputs/golden_dataset_local_tests/label_overlays_expected_sku/1770343815150_0244_1254_01-008_labels.jpg,yes,,,,
1770343815150_0244_1254_01-008.jpg|RDC_SKU|2038|2266|2112|2292,1770343815150_0244_1254_01-008.jpg,1770343815150_0244_1254_01-008.json,15,RDC_SKU,,needs_review,,,,2038,2266,2112,2292,research_outputs/golden_dataset_local_tests/crops/1770343815150_0244_1254_01-008/015_RDC_SKU_2038_2266_2112_2292.jpg,research_outputs/golden_dataset_local_tests/label_overlays_expected_sku/1770343815150_0244_1254_01-008_labels.jpg,yes,,,,
1770343815150_0244_1254_01-008.jpg|RDC_SKU|2335|2428|2396|2458,1770343815150_0244_1254_01-008.jpg,1770343815150_0244_1254_01-008.json,19,RDC_SKU,,needs_review,,,,2335,2428,2396,2458,research_outputs/golden_dataset_local_tests/crops/1770343815150_0244_1254_01-008/019_RDC_SKU_2335_2428_2396_2458.jpg,research_outputs/golden_dataset_local_tests/label_overlays_expected_sku/1770343815150_0244_1254_01-008_labels.jpg,yes,,,,
1770343815150_0244_1254_01-008.jpg|RDC_SKU|2966|2455|3041|2485,1770343815150_0244_1254_01-008.jpg,1770343815150_0244_1254_01-008.json,30,RDC_SKU,,needs_review,,,,2966,2455,3041,2485,research_outputs/golden_dataset_local_tests/crops/1770343815150_0244_1254_01-008/030_RDC_SKU_2966_2455_3041_2485.jpg,research_outputs/golden_dataset_local_tests/label_overlays_expected_sku/1770343815150_0244_1254_01-008_labels.jpg,yes,1010488213,0.0:1010481213|5.0:1010481213|10.0:1010480213|180.0:1010481213,,
1770343815150_0244_1254_01-008.jpg|RDC_SKU|1958|1847|2024|1872,1770343815150_0244_1254_01-008.jpg,1770343815150_0244_1254_01-008.json,36,RDC_SKU,,needs_review,,,,1958,1847,2024,1872,research_outputs/golden_dataset_local_tests/crops/1770343815150_0244_1254_01-008/036_RDC_SKU_1958_1847_2024_1872.jpg,research_outputs/golden_dataset_local_tests/label_overlays_expected_sku/1770343815150_0244_1254_01-008_labels.jpg,yes,,,,
1770343815150_0244_1254_01-008.jpg|RDC_SKU|2024|1655|2091|1683,1770343815150_0244_1254_01-008.jpg,1770343815150_0244_1254_01-008.json,39,RDC_SKU,,needs_review,,,,2024,1655,2091,1683,research_outputs/golden_dataset_local_tests/crops/1770343815150_0244_1254_01-008/039_RDC_SKU_2024_1655_2091_1683.jpg,research_outputs/golden_dataset_local_tests/label_overlays_expected_sku/1770343815150_0244_1254_01-008_labels.jpg,yes,,,,
1770343815150_0244_1254_01-008.jpg|RDC_SKU|2145|1598|2214|1629,1770343815150_0244_1254_01-008.jpg,1770343815150_0244_1254_01-008.json,44,RDC_SKU,,needs_review,,,,2145,1598,2214,1629,research_outputs/golden_dataset_local_tests/crops/1770343815150_0244_1254_01-008/044_RDC_SKU_2145_1598_2214_1629.jpg,research_outputs/golden_dataset_local_tests/label_overlays_expected_sku/1770343815150_0244_1254_01-008_labels.jpg,yes,1015178115,-10.0:1011178115|-5.0:1015178115|0.0:1015178115|5.0:1015178115|10.0:1013178115|180.0:1015178115,,
1770343815150_0244_1254_01-008.jpg|RDC_SKU|1976|1543|2035|1576,1770343815150_0244_1254_01-008.jpg,1770343815150_0244_1254_01-008.json,47,RDC_SKU,,needs_review,,,,1976,1543,2035,1576,research_outputs/golden_dataset_local_tests/crops/1770343815150_0244_1254_01-008/047_RDC_SKU_1976_1543_2035_1576.jpg,research_outputs/golden_dataset_local_tests/label_overlays_expected_sku/1770343815150_0244_1254_01-008_labels.jpg,yes,,,,
1770343815150_0244_1254_01-008.jpg|RDC_SKU|2160|1415|2227|1442,1770343815150_0244_1254_01-008.jpg,1770343815150_0244_1254_01-008.json,50,RDC_SKU,,needs_review,,,,2160,1415,2227,1442,research_outputs/golden_dataset_local_tests/crops/1770343815150_0244_1254_01-008/050_RDC_SKU_2160_1415_2227_1442.jpg,research_outputs/golden_dataset_local_tests/label_overlays_expected_sku/1770343815150_0244_1254_01-008_labels.jpg,yes,,,,
1770343815150_0244_1254_01-008.jpg|RDC_SKU|2566|1996|2637|2026,1770343815150_0244_1254_01-008.jpg,1770343815150_0244_1254_01-008.json,54,RDC_SKU,,needs_review,,,,2566,1996,2637,2026,research_outputs/golden_dataset_local_tests/crops/1770343815150_0244_1254_01-008/054_RDC_SKU_2566_1996_2637_2026.jpg,research_outputs/golden_dataset_local_tests/label_overlays_expected_sku/1770343815150_0244_1254_01-008_labels.jpg,yes,,,,
1770343815150_0244_1254_01-008.jpg|RDC_SKU|2567|1793|2639|1827,1770343815150_0244_1254_01-008.jpg,1770343815150_0244_1254_01-008.json,62,RDC_SKU,,needs_review,,,,2567,1793,2639,1827,research_outputs/golden_dataset_local_tests/crops/1770343815150_0244_1254_01-008/062_RDC_SKU_2567_1793_2639_1827.jpg,research_outputs/golden_dataset_local_tests/label_overlays_expected_sku/1770343815150_0244_1254_01-008_labels.jpg,yes,,,,
1770343815150_0244_1254_01-008.jpg|RDC_SKU|2571|1639|2639|1666,1770343815150_0244_1254_01-008.jpg,1770343815150_0244_1254_01-008.json,65,RDC_SKU,,needs_review,,,,2571,1639,2639,1666,research_outputs/golden_dataset_local_tests/crops/1770343815150_0244_1254_01-008/065_RDC_SKU_2571_1639_2639_1666.jpg,research_outputs/golden_dataset_local_tests/label_overlays_expected_sku/1770343815150_0244_1254_01-008_labels.jpg,yes,,,,
1770343815150_0244_1254_01-008.jpg|RDC_SKU|2692|2002|2761|2030,1770343815150_0244_1254_01-008.jpg,1770343815150_0244_1254_01-008.json,72,RDC_SKU,,needs_review,,,,2692,2002,2761,2030,research_outputs/golden_dataset_local_tests/crops/1770343815150_0244_1254_01-008/072_RDC_SKU_2692_2002_2761_2030.jpg,research_outputs/golden_dataset_local_tests/label_overlays_expected_sku/1770343815150_0244_1254_01-008_labels.jpg,yes,1001305161,-10.0:1001365167|-5.0:1001305161|0.0:1001355161|5.0:1001365161|10.0:1001305167|180.0:1001355161,,
1770343815150_0244_1254_01-008.jpg|RDC_SKU|2896|1923|2969|1951,1770343815150_0244_1254_01-008.jpg,1770343815150_0244_1254_01-008.json,75,RDC_SKU,,needs_review,,,,2896,1923,2969,1951,research_outputs/golden_dataset_local_tests/crops/1770343815150_0244_1254_01-008/075_RDC_SKU_2896_1923_2969_1951.jpg,research_outputs/golden_dataset_local_tests/label_overlays_expected_sku/1770343815150_0244_1254_01-008_labels.jpg,yes,571254,0.0:571254|180.0:571254,,
1770343815150_0244_1254_01-008.jpg|RDC_SKU|3071|1764|3140|1795,1770343815150_0244_1254_01-008.jpg,1770343815150_0244_1254_01-008.json,81,RDC_SKU,,needs_review,,,,3071,1764,3140,1795,research_outputs/golden_dataset_local_tests/crops/1770343815150_0244_1254_01-008/081_RDC_SKU_3071_1764_3140_1795.jpg,research_outputs/golden_dataset_local_tests/label_overlays_expected_sku/1770343815150_0244_1254_01-008_labels.jpg,yes,,,,
1770343815150_0244_1254_01-008.jpg|RDC_SKU|3043|1962|3112|1997,1770343815150_0244_1254_01-008.jpg,1770343815150_0244_1254_01-008.json,85,RDC_SKU,,needs_review,,,,3043,1962,3112,1997,research_outputs/golden_dataset_local_tests/crops/1770343815150_0244_1254_01-008/085_RDC_SKU_3043_1962_3112_1997.jpg,research_outputs/golden_dataset_local_tests/label_overlays_expected_sku/1770343815150_0244_1254_01-008_labels.jpg,yes,309447,10.0:944713,,
1770343815150_0244_1254_01-008.jpg|RDC_SKU|3170|1672|3221|1707,1770343815150_0244_1254_01-008.jpg,1770343815150_0244_1254_01-008.json,89,RDC_SKU,,needs_review,,,,3170,1672,3221,1707,research_outputs/golden_dataset_local_tests/crops/1770343815150_0244_1254_01-008/089_RDC_SKU_3170_1672_3221_1707.jpg,research_outputs/golden_dataset_local_tests/label_overlays_expected_sku/1770343815150_0244_1254_01-008_labels.jpg,yes,557977,,,
1770343815150_0244_1254_01-008.jpg|RDC_SKU|3287|1543|3353|1585,1770343815150_0244_1254_01-008.jpg,1770343815150_0244_1254_01-008.json,95,RDC_SKU,,needs_review,,,,3287,1543,3353,1585,research_outputs/golden_dataset_local_tests/crops/1770343815150_0244_1254_01-008/095_RDC_SKU_3287_1543_3353_1585.jpg,research_outputs/golden_dataset_local_tests/label_overlays_expected_sku/1770343815150_0244_1254_01-008_labels.jpg,yes,101048,-5.0:101048|5.0:101048,,
1770343815150_0244_1254_01-008.jpg|RDC_SKU|3320|1982|3392|2012,1770343815150_0244_1254_01-008.jpg,1770343815150_0244_1254_01-008.json,97,RDC_SKU,,needs_review,,,,3320,1982,3392,2012,research_outputs/golden_dataset_local_tests/crops/1770343815150_0244_1254_01-008/097_RDC_SKU_3320_1982_3392_2012.jpg,research_outputs/golden_dataset_local_tests/label_overlays_expected_sku/1770343815150_0244_1254_01-008_labels.jpg,yes,,,,
1770343815150_0244_1326_01-004.jpg|RDC_SKU|2134|2455|2205|2483,1770343815150_0244_1326_01-004.jpg,1770343815150_0244_1326_01-004.json,13,RDC_SKU,,needs_review,,,,2134,2455,2205,2483,research_outputs/golden_dataset_local_tests/crops/1770343815150_0244_1326_01-004/013_RDC_SKU_2134_2455_2205_2483.jpg,research_outputs/golden_dataset_local_tests/label_overlays_expected_sku/1770343815150_0244_1326_01-004_labels.jpg,yes,,,,
1770343815150_0244_1326_01-004.jpg|RDC_SKU|2129|2595|2201|2627,1770343815150_0244_1326_01-004.jpg,1770343815150_0244_1326_01-004.json,16,RDC_SKU,,needs_review,,,,2129,2595,2201,2627,research_outputs/golden_dataset_local_tests/crops/1770343815150_0244_1326_01-004/016_RDC_SKU_2129_2595_2201_2627.jpg,research_outputs/golden_dataset_local_tests/label_overlays_expected_sku/1770343815150_0244_1326_01-004_labels.jpg,yes,,,,
1770343815150_0244_1326_01-004.jpg|RDC_SKU|2432|2675|2505|2707,1770343815150_0244_1326_01-004.jpg,1770343815150_0244_1326_01-004.json,31,RDC_SKU,,needs_review,,,,2432,2675,2505,2707,research_outputs/golden_dataset_local_tests/crops/1770343815150_0244_1326_01-004/031_RDC_SKU_2432_2675_2505_2707.jpg,research_outputs/golden_dataset_local_tests/label_overlays_expected_sku/1770343815150_0244_1326_01-004_labels.jpg,yes,1003432254,-5.0:1003452254|0.0:1003452254|5.0:1003452254|10.0:1003452254|180.0:1003452254,,
1770343815150_0244_1326_01-004.jpg|RDC_SKU|2490|2788|2571|2823,1770343815150_0244_1326_01-004.jpg,1770343815150_0244_1326_01-004.json,33,RDC_SKU,,needs_review,,,,2490,2788,2571,2823,research_outputs/golden_dataset_local_tests/crops/1770343815150_0244_1326_01-004/033_RDC_SKU_2490_2788_2571_2823.jpg,research_outputs/golden_dataset_local_tests/label_overlays_expected_sku/1770343815150_0244_1326_01-004_labels.jpg,yes,,,,
1770343815150_0244_1326_01-004.jpg|RDC_SKU|2614|2309|2688|2344,1770343815150_0244_1326_01-004.jpg,1770343815150_0244_1326_01-004.json,36,RDC_SKU,,needs_review,,,,2614,2309,2688,2344,research_outputs/golden_dataset_local_tests/crops/1770343815150_0244_1326_01-004/036_RDC_SKU_2614_2309_2688_2344.jpg,research_outputs/golden_dataset_local_tests/label_overlays_expected_sku/1770343815150_0244_1326_01-004_labels.jpg,yes,,,,
1770343815150_0244_1326_01-004.jpg|RDC_SKU|2624|2494|2703|2527,1770343815150_0244_1326_01-004.jpg,1770343815150_0244_1326_01-004.json,39,RDC_SKU,,needs_review,,,,2624,2494,2703,2527,research_outputs/golden_dataset_local_tests/crops/1770343815150_0244_1326_01-004/039_RDC_SKU_2624_2494_2703_2527.jpg,research_outputs/golden_dataset_local_tests/label_overlays_expected_sku/1770343815150_0244_1326_01-004_labels.jpg,yes,1007832074,,,
1770343815150_0244_1326_01-004.jpg|RDC_SKU|2793|2590|2869|2624,1770343815150_0244_1326_01-004.jpg,1770343815150_0244_1326_01-004.json,47,RDC_SKU,,needs_review,,,,2793,2590,2869,2624,research_outputs/golden_dataset_local_tests/crops/1770343815150_0244_1326_01-004/047_RDC_SKU_2793_2590_2869_2624.jpg,research_outputs/golden_dataset_local_tests/label_overlays_expected_sku/1770343815150_0244_1326_01-004_labels.jpg,yes,,,,
1770343815150_0244_1326_01-004.jpg|RDC_SKU|2125|2313|2200|2349,1770343815150_0244_1326_01-004.jpg,1770343815150_0244_1326_01-004.json,110,RDC_SKU,,needs_review,,,,2125,2313,2200,2349,research_outputs/golden_dataset_local_tests/crops/1770343815150_0244_1326_01-004/110_RDC_SKU_2125_2313_2200_2349.jpg,research_outputs/golden_dataset_local_tests/label_overlays_expected_sku/1770343815150_0244_1326_01-004_labels.jpg,yes,,,,
1770343815150_0244_1326_01-004.jpg|RDC_SKU|2887|2752|2965|2788,1770343815150_0244_1326_01-004.jpg,1770343815150_0244_1326_01-004.json,147,RDC_SKU,,needs_review,,,,2887,2752,2965,2788,research_outputs/golden_dataset_local_tests/crops/1770343815150_0244_1326_01-004/147_RDC_SKU_2887_2752_2965_2788.jpg,research_outputs/golden_dataset_local_tests/label_overlays_expected_sku/1770343815150_0244_1326_01-004_labels.jpg,yes,1002370452,-10.0:002370|-5.0:002370|0.0:1002370452|5.0:1002370452|10.0:1002370452|180.0:1002370452,,
1770343815150_0244_1354_01-002.jpg|RDC_SKU|1828|2610|1883|2639,1770343815150_0244_1354_01-002.jpg,1770343815150_0244_1354_01-002.json,9,RDC_SKU,,needs_review,,,,1828,2610,1883,2639,research_outputs/golden_dataset_local_tests/crops/1770343815150_0244_1354_01-002/009_RDC_SKU_1828_2610_1883_2639.jpg,research_outputs/golden_dataset_local_tests/label_overlays_expected_sku/1770343815150_0244_1354_01-002_labels.jpg,yes,,,,
1770343815150_0244_1354_01-002.jpg|RDC_SKU|1944|2712|2021|2747,1770343815150_0244_1354_01-002.jpg,1770343815150_0244_1354_01-002.json,11,RDC_SKU,,needs_review,,,,1944,2712,2021,2747,research_outputs/golden_dataset_local_tests/crops/1770343815150_0244_1354_01-002/011_RDC_SKU_1944_2712_2021_2747.jpg,research_outputs/golden_dataset_local_tests/label_overlays_expected_sku/1770343815150_0244_1354_01-002_labels.jpg,yes,,,,
1770343815150_0244_1354_01-002.jpg|RDC_SKU|2062|2574|2136|2612,1770343815150_0244_1354_01-002.jpg,1770343815150_0244_1354_01-002.json,15,RDC_SKU,,needs_review,,,,2062,2574,2136,2612,research_outputs/golden_dataset_local_tests/crops/1770343815150_0244_1354_01-002/015_RDC_SKU_2062_2574_2136_2612.jpg,research_outputs/golden_dataset_local_tests/label_overlays_expected_sku/1770343815150_0244_1354_01-002_labels.jpg,yes,1011054542,-10.0:1011054542|-5.0:1011054547|0.0:1011854547|5.0:1011054547|10.0:1011054547|180.0:1011854547,,
1770343815150_0244_1354_01-002.jpg|RDC_SKU|2053|2711|2127|2740,1770343815150_0244_1354_01-002.jpg,1770343815150_0244_1354_01-002.json,17,RDC_SKU,,needs_review,,,,2053,2711,2127,2740,research_outputs/golden_dataset_local_tests/crops/1770343815150_0244_1354_01-002/017_RDC_SKU_2053_2711_2127_2740.jpg,research_outputs/golden_dataset_local_tests/label_overlays_expected_sku/1770343815150_0244_1354_01-002_labels.jpg,yes,224386,,,
